date,time,comp,round,day,venue,result,gf,ga,opponent,poss,attendance,captain,formation,opp formation,referee,match report,notes,sh,sot,dist,pk,pkatt,season,team,xg,xga
2023-07-22,15:15,Premier League,Matchweek 1,Sat,Away,W,2,0,Nizhny Novgorod,76,12036,Douglas Santos,4-3-3,5-3-2,Sergey Ivanov,Match Report,,11,2,,0,0,2023,Zenit,,
2023-07-29,20:00,Premier League,Matchweek 2,Sat,Away,D,1,1,Rostov,48,16413,Douglas Santos,4-3-3,4-3-3,Evgeny Kukulyak,Match Report,,6,1,,0,0,2023,Zenit,,
2023-08-06,19:00,Premier League,Matchweek 3,Sun,Home,L,2,3,Dynamo Mosc,68,24672,Douglas Santos,4-3-3,4-2-3-1,Aleksey Amelin,Match Report,,15,5,,0,0,2023,Zenit,,
2023-08-13,17:30,Premier League,Matchweek 4,Sun,Home,W,2,0,Fakel Voronezh,72,19558,Douglas Santos,5-3-2,5-3-2,Pavel Shadykhanov,Match Report,,10,6,,0,0,2023,Zenit,,
2023-08-20,19:30,Premier League,Matchweek 5,Sun,Away,W,3,1,Spartak Moscow,48,33852,Douglas Santos,4-3-3,4-3-3,Sergey Karasev,Match Report,,12,3,,0,0,2023,Zenit,,
2023-08-26,15:00,Premier League,Matchweek 6,Sat,Home,W,4,0,Ural,67,25723,Douglas Santos,5-3-2,4-2-3-1,Artem Chistyakov,Match Report,,15,7,,0,0,2023,Zenit,,
2023-09-03,17:30,Premier League,Matchweek 7,Sun,Away,D,1,1,CSKA Moscow,71,20947,Douglas Santos,5-3-2,3-4-3,Pavel Kukuyan,Match Report,,14,4,,0,0,2023,Zenit,,
2023-09-17,16:30,Premier League,Matchweek 8,Sun,Away,W,3,0,Rubin Kazan,61,10429,Douglas Santos,4-3-3,5-3-2,Rafael Shafeev,Match Report,,5,4,,0,0,2023,Zenit,,
2023-09-24,16:30,Premier League,Matchweek 9,Sun,Home,L,1,2,Loko Moscow,58,36283,Douglas Santos,5-3-2,4-2-3-1,Vladimir Moskalev,Match Report,,15,2,,0,0,2023,Zenit,,
2023-09-30,14:00 (12:00),Premier League,Matchweek 10,Sat,Away,L,1,3,Orenburg,68,5482,Douglas Santos,5-3-2,4-3-3,Sergey Ivanov,Match Report,,32,14,,0,0,2023,Zenit,,
2023-10-07,15:00 (14:00),Premier League,Matchweek 11,Sat,Away,W,2,0,Sochi,61,5617,Douglas Santos,4-2-3-1,3-4-3,Vladislav Bezborodov,Match Report,,8,3,,1,1,2023,Zenit,,
2023-10-22,16:30,Premier League,Matchweek 12,Sun,Home,W,3,1,Samara,59,24402,Douglas Santos,4-2-3-1,4-2-3-1,Artem Chistyakov,Match Report,,19,6,,0,0,2023,Zenit,,
2023-10-28,19:00,Premier League,Matchweek 13,Sat,Home,W,2,1,Akhmat Grozny,65,17967,Douglas Santos,4-4-2,4-2-3-1,Sergey Karasev,Match Report,,13,3,,0,0,2023,Zenit,,
2023-11-04,18:00 (19:00),Premier League,Matchweek 14,Sat,Away,W,2,0,FC Baltika Kaliningrad,64,16929,Douglas Santos,4-4-2,5-3-2,Aleksey Sukhoy,Match Report,,10,4,,0,0,2023,Zenit,,
2023-11-11,19:30,Premier League,Matchweek 15,Sat,Home,D,1,1,Krasnodar,60,46701,Douglas Santos,4-4-2◆,4-1-4-1,Sergey Karasev,Match Report,,17,4,,0,0,2023,Zenit,,
2023-11-25,15:15,Premier League,Matchweek 16,Sat,Home,W,3,0,Sochi,64,21964,Douglas Santos,3-4-3,3-4-3,Kirill Levnikov,Match Report,,14,7,,0,1,2023,Zenit,,
2023-12-03,16:30,Premier League,Matchweek 17,Sun,Away,L,1,3,Loko Moscow,63,10060,Douglas Santos,5-3-2,4-2-3-1,Aleksey Sukhoy,Match Report,,9,3,,0,0,2023,Zenit,,
2023-12-09,19:45,Premier League,Matchweek 18,Sat,Home,W,1,0,Nizhny Novgorod,62,24951,Douglas Santos,4-3-3,5-3-2,Sergey Ivanov,Match Report,,12,8,,0,0,2023,Zenit,,
2024-03-02,19:30,Premier League,Matchweek 19,Sat,Home,D,0,0,Spartak Moscow,62,57858,Douglas Santos,4-3-3,4-4-2,Sergey Karasev,Match Report,,7,2,,0,0,2023,Zenit,,
2024-03-09,16:00 (14:00),Premier League,Matchweek 20,Sat,Away,W,4,1,Ural,66,11373,Douglas Santos,4-3-3,5-3-2,Pavel Kukuyan,Match Report,,13,5,,0,0,2023,Zenit,,
2024-03-30,15:00 (14:00),Premier League,Matchweek 22,Sat,Away,D,1,1,Samara,71,8904,Douglas Santos,4-3-3,4-4-2,Rafael Shafeev,Match Report,,15,5,,0,0,2023,Zenit,,
2024-04-07,16:30,Premier League,Matchweek 23,Sun,Home,W,1,0,FC Baltika Kaliningrad,65,21798,Mikhail Kerzhakov,4-3-3,3-4-3,Aleksey Sukhoy,Match Report,,17,8,,0,0,2023,Zenit,,
2024-04-13,17:00,Premier League,Matchweek 24,Sat,Away,W,2,1,Krasnodar,54,35250,Douglas Santos,4-2-3-1,4-3-3,Sergey Ivanov,Match Report,,10,4,,0,0,2023,Zenit,,
2024-04-21,16:15,Premier League,Matchweek 25,Sun,Home,W,1,0,Orenburg,62,17992,Mikhail Kerzhakov,4-2-3-1,4-3-3,Vladislav Bezborodov,Match Report,,10,3,,0,0,2023,Zenit,,
2024-04-24,20:30,Premier League,Matchweek 21,Wed,Home,L,0,2,Rubin Kazan,71,13037,Mikhail Kerzhakov,4-2-3-1,5-4-1,Artem Chistyakov,Match Report,,24,10,,0,0,2023,Zenit,,
2024-04-28,19:15,Premier League,Matchweek 26,Sun,Away,L,0,1,Dynamo Mosc,66,17071,Douglas Santos,4-3-3,4-3-3,Pavel Kukuyan,Match Report,,8,1,,0,0,2023,Zenit,,
2024-05-06,18:00,Premier League,Matchweek 27,Mon,Away,D,1,1,Fakel Voronezh,60,12749,Douglas Santos,4-3-3,3-4-3,Aleksey Sukhoy,Match Report,,11,5,,0,0,2023,Zenit,,
2024-05-11,19:00,Premier League,Matchweek 28,Sat,Home,L,0,1,CSKA Moscow,68,33027,Douglas Santos,4-4-2,3-4-3,Sergey Ivanov,Match Report,,23,7,,0,0,2023,Zenit,,
2024-05-19,19:00,Premier League,Matchweek 29,Sun,Away,W,5,1,Akhmat Grozny,63,5843,Douglas Santos,4-4-2,5-3-2,Sergey Karasev,Match Report,,15,7,,0,0,2023,Zenit,,
2024-05-25,16:30,Premier League,Matchweek 30,Sat,Home,W,2,1,Rostov,51,36456,Wílmar Barrios,4-4-2,4-3-3,Vitaly Meshkov,Match Report,,19,7,,1,1,2023,Zenit,,
2023-07-21,19:00,Premier League,Matchweek 1,Fri,Away,W,3,1,Dynamo Mosc,51,9612,Matvei Safonov,4-1-4-1,4-2-3-1,Kirill Levnikov,Match Report,,11,6,,0,0,2023,Krasnodar,,
2023-07-30,20:00,Premier League,Matchweek 2,Sun,Home,W,2,0,Sochi,54,13290,Matvei Safonov,4-3-3,3-4-3,Vladimir Moskalev,Match Report,,15,5,,0,0,2023,Krasnodar,,
2023-08-04,20:00,Premier League,Matchweek 3,Fri,Home,W,1,0,Nizhny Novgorod,60,12217,Matvei Safonov,4-3-3,5-3-2,Artem Lyubimov,Match Report,,7,1,,1,1,2023,Krasnodar,,
2023-08-12,19:30 (17:30),Premier League,Matchweek 4,Sat,Away,W,2,0,Orenburg,41,3901,Matvei Safonov,4-3-3,4-3-3,Vasiliy Kazartsev,Match Report,,14,6,,1,1,2023,Krasnodar,,
2023-08-19,19:30,Premier League,Matchweek 5,Sat,Home,D,1,1,Loko Moscow,60,22492,Matvei Safonov,4-3-3,4-2-3-1,Evgeny Kukulyak,Match Report,,16,5,,0,1,2023,Krasnodar,,
2023-08-25,20:00,Premier League,Matchweek 6,Fri,Away,D,0,0,Fakel Voronezh,67,13471,Matvei Safonov,4-3-3,3-4-3,Aleksey Amelin,Match Report,,15,1,,0,1,2023,Krasnodar,,
2023-09-02,20:00,Premier League,Matchweek 7,Sat,Home,W,2,0,Spartak Moscow,47,32766,Matvei Safonov,4-3-3,4-2-3-1,Aleksey Sukhoy,Match Report,,10,4,,1,1,2023,Krasnodar,,
2023-09-16,16:30,Premier League,Matchweek 8,Sat,Away,D,1,1,Akhmat Grozny,64,3768,Matvei Safonov,4-3-3,4-2-3-1,Vladimir Moskalev,Match Report,,11,3,,0,0,2023,Krasnodar,,
2023-09-24,19:00,Premier League,Matchweek 9,Sun,Home,W,2,0,Ural,62,16605,Matvei Safonov,4-3-3,4-2-3-1,Vitaly Meshkov,Match Report,,11,6,,0,0,2023,Krasnodar,,
2023-09-30,16:30,Premier League,Matchweek 10,Sat,Away,W,2,0,Rubin Kazan,52,5557,Matvei Safonov,4-3-3,3-4-3,Sergei Cheban,Match Report,,15,4,,0,0,2023,Krasnodar,,
2023-10-07,19:00,Premier League,Matchweek 11,Sat,Home,W,3,2,Rostov,49,27375,Matvei Safonov,4-1-4-1,4-3-3,Rafael Shafeev,Match Report,,10,6,,0,0,2023,Krasnodar,,
2023-10-21,18:00 (19:00),Premier League,Matchweek 12,Sat,Away,D,2,2,FC Baltika Kaliningrad,68,10270,Matvei Safonov,4-1-4-1,5-3-2,Evgeny Kukulyak,Match Report,,13,7,,1,1,2023,Krasnodar,,
2023-10-29,19:30,Premier League,Matchweek 13,Sun,Away,L,0,1,CSKA Moscow,61,10777,Matvei Safonov,4-3-3,3-4-3,Kirill Levnikov,Match Report,,16,7,,0,0,2023,Krasnodar,,
2023-11-05,14:00,Premier League,Matchweek 14,Sun,Home,W,2,1,Samara,51,31055,Matvei Safonov,4-1-4-1,4-2-3-1,Sergey Ivanov,Match Report,,14,7,,0,0,2023,Krasnodar,,
2023-11-11,19:30,Premier League,Matchweek 15,Sat,Away,D,1,1,Zenit,40,46701,Matvei Safonov,4-1-4-1,4-4-2,Sergey Karasev,Match Report,,15,5,,0,0,2023,Krasnodar,,
2023-11-26,16:00 (14:00),Premier League,Matchweek 16,Sun,Away,L,1,3,Ural,61,5155,Matvei Safonov,4-1-4-1,4-2-3-1,Sergey Ivanov,Match Report,,3,1,,0,0,2023,Krasnodar,,
2023-12-03,16:30,Premier League,Matchweek 17,Sun,Home,W,2,1,Orenburg,55,16889,Matvei Safonov,4-2-3-1,4-3-3,Artem Chistyakov,Match Report,,11,4,,1,1,2023,Krasnodar,,
2023-12-10,19:45,Premier League,Matchweek 18,Sun,Home,W,1,0,CSKA Moscow,51,32793,Matvei Safonov,5-3-2,3-4-3,Sergey Karasev,Match Report,,11,3,,0,0,2023,Krasnodar,,
2024-03-02,16:30,Premier League,Matchweek 19,Sat,Home,D,1,1,Rubin Kazan,57,27019,Matvei Safonov,4-3-3,5-4-1,Aleksey Sukhoy,Match Report,,16,6,,0,0,2023,Krasnodar,,
2024-03-08,18:30,Premier League,Matchweek 20,Fri,Away,L,1,2,Rostov,50,16668,Matvei Safonov,3-4-3,4-3-3,Vasiliy Kazartsev,Match Report,,13,2,,0,0,2023,Krasnodar,,
2024-03-31,19:30,Premier League,Matchweek 22,Sun,Away,D,1,1,Loko Moscow,47,9327,Matvei Safonov,5-3-2,4-2-3-1,Vladislav Bezborodov,Match Report,,19,5,,0,0,2023,Krasnodar,,
2024-04-06,16:30,Premier League,Matchweek 23,Sat,Away,W,4,3,Nizhny Novgorod,58,9104,Matvei Safonov,4-3-3,5-3-2,Evgeny Bulanov,Match Report,,10,5,,0,0,2023,Krasnodar,,
2024-04-13,17:00,Premier League,Matchweek 24,Sat,Home,L,1,2,Zenit,46,35250,Matvei Safonov,4-3-3,4-2-3-1,Sergey Ivanov,Match Report,,11,4,,0,0,2023,Krasnodar,,
2024-04-19,19:00,Premier League,Matchweek 25,Fri,Home,W,2,0,Fakel Voronezh,70,15852,Matvei Safonov,4-2-3-1,4-4-2,Kirill Levnikov,Match Report,,20,7,,0,0,2023,Krasnodar,,
2024-04-24,20:30,Premier League,Matchweek 21,Wed,Home,W,3,2,FC Baltika Kaliningrad,55,14683,Matvei Safonov,4-2-3-1,3-4-3,Pavel Kukuyan,Match Report,,20,9,,0,0,2023,Krasnodar,,
2024-04-29,14:00 (13:00),Premier League,Matchweek 26,Mon,Away,D,0,0,Samara,53,12217,Matvei Safonov,4-2-3-1,4-4-2,Sergey Karasev,Match Report,,12,3,,0,0,2023,Krasnodar,,
2024-05-04,19:30,Premier League,Matchweek 27,Sat,Home,L,0,1,Akhmat Grozny,73,22021,Matvei Safonov,4-2-3-1,5-3-2,Vitaly Meshkov,Match Report,,15,5,,0,0,2023,Krasnodar,,
2024-05-11,16:30,Premier League,Matchweek 28,Sat,Away,L,0,1,Spartak Moscow,56,21843,Matvei Safonov,4-2-3-1,3-4-1-2,Artem Chistyakov,Match Report,,16,3,,0,0,2023,Krasnodar,,
2024-05-18,20:00 (19:00),Premier League,Matchweek 29,Sat,Away,W,3,2,Sochi,58,8782,Matvei Safonov,4-2-3-1,4-3-3,Pavel Shadykhanov,Match Report,,20,5,,1,1,2023,Krasnodar,,
2024-05-25,16:30,Premier League,Matchweek 30,Sat,Home,W,1,0,Dynamo Mosc,62,34032,Matvei Safonov,4-2-3-1,4-1-4-1,Sergey Karasev,Match Report,,8,4,,0,0,2023,Krasnodar,,
2023-07-21,19:00,Premier League,Matchweek 1,Fri,Home,L,1,3,Krasnodar,49,9612,Fabián Balbuena,4-2-3-1,4-1-4-1,Kirill Levnikov,Match Report,,12,4,,0,0,2023,Dynamo Moscow,,
2023-07-29,16:00 (15:00),Premier League,Matchweek 2,Sat,Away,D,3,3,Samara,47,6189,Fabián Balbuena,4-2-3-1,4-4-2,Artem Lyubimov,Match Report,,8,5,,0,0,2023,Dynamo Moscow,,
2023-08-06,19:00,Premier League,Matchweek 3,Sun,Away,W,3,2,Zenit,32,24672,Fabián Balbuena,4-2-3-1,4-3-3,Aleksey Amelin,Match Report,,6,3,,0,0,2023,Dynamo Moscow,,
2023-08-13,15:00,Premier League,Matchweek 4,Sun,Home,W,2,0,FC Baltika Kaliningrad,52,7684,Fabián Balbuena,4-2-3-1,5-3-2,Vladimir Moskalev,Match Report,,15,7,,0,0,2023,Dynamo Moscow,,
2023-08-19,15:00,Premier League,Matchweek 5,Sat,Home,W,2,1,CSKA Moscow,53,18584,Fabián Balbuena,4-2-3-1,3-4-3,Pavel Kukuyan,Match Report,,18,5,,1,1,2023,Dynamo Moscow,,
2023-08-26,17:30,Premier League,Matchweek 6,Sat,Away,D,2,2,Rubin Kazan,43,6948,Fabián Balbuena,4-2-3-1,3-5-2,Sergey Karasev,Match Report,,13,4,,0,0,2023,Dynamo Moscow,,
2023-09-03,20:00,Premier League,Matchweek 7,Sun,Away,W,2,1,Rostov,50,11001,Daniil Fomin,4-2-3-1,4-3-3,Vasiliy Kazartsev,Match Report,,19,7,,0,0,2023,Dynamo Moscow,,
2023-09-15,19:00,Premier League,Matchweek 8,Fri,Home,D,1,1,Nizhny Novgorod,65,9287,Fyodor Smolov,4-2-3-1,5-3-2,Evgeny Kukulyak,Match Report,,14,3,,1,1,2023,Dynamo Moscow,,
2023-09-23,19:00,Premier League,Matchweek 9,Sat,Away,L,0,1,Spartak Moscow,45,19025,Fabián Balbuena,4-4-2,4-3-3,Pavel Kukuyan,Match Report,,21,7,,0,0,2023,Dynamo Moscow,,
2023-10-01,19:00,Premier League,Matchweek 10,Sun,Away,D,1,1,Akhmat Grozny,54,4695,Fabián Balbuena,4-2-3-1,4-3-3,Artem Chistyakov,Match Report,,17,5,,0,0,2023,Dynamo Moscow,,
2023-10-08,16:30,Premier League,Matchweek 11,Sun,Home,D,0,0,Fakel Voronezh,54,7920,Fabián Balbuena,4-2-3-1,4-4-2,Evgeny Bulanov,Match Report,,21,4,,0,0,2023,Dynamo Moscow,,
2023-10-21,16:30,Premier League,Matchweek 12,Sat,Away,D,0,0,Loko Moscow,48,9842,Fyodor Smolov,4-2-3-1,4-2-3-1,Sergey Ivanov,Match Report,,16,4,,0,0,2023,Dynamo Moscow,,
2023-10-29,16:30,Premier League,Matchweek 13,Sun,Home,W,2,1,Ural,50,7384,Fabián Balbuena,4-2-3-1,4-2-3-1,Sergei Cheban,Match Report,,16,6,,0,0,2023,Dynamo Moscow,,
2023-11-06,20:30 (19:30),Premier League,Matchweek 14,Mon,Away,D,3,3,Sochi,51,4200,Sergei Parshivlyuk,4-2-3-1,3-4-3,Vladislav Bezborodov,Match Report,,18,8,,0,0,2023,Dynamo Moscow,,
2023-11-12,16:30,Premier League,Matchweek 15,Sun,Home,W,2,0,Orenburg,52,7298,Fabián Balbuena,4-2-3-1,4-3-3,Pavel Shadykhanov,Match Report,,27,6,,0,0,2023,Dynamo Moscow,,
2023-11-25,17:30,Premier League,Matchweek 16,Sat,Away,W,3,2,CSKA Moscow,45,8423,Fabián Balbuena,4-2-3-1,3-4-3,Sergey Karasev,Match Report,,19,6,,0,0,2023,Dynamo Moscow,,
2023-12-04,19:30,Premier League,Matchweek 17,Mon,Home,W,1,0,Rubin Kazan,53,5138,Fabián Balbuena,4-3-3,3-4-3,Sergey Cyganok,Match Report,,14,6,,0,0,2023,Dynamo Moscow,,
2023-12-10,14:00,Premier League,Matchweek 18,Sun,Away,D,1,1,Fakel Voronezh,50,6254,Fabián Balbuena,4-3-3,4-4-2,Rafael Shafeev,Match Report,,16,6,,0,0,2023,Dynamo Moscow,,
2024-03-03,16:30,Premier League,Matchweek 19,Sun,Home,W,2,1,Loko Moscow,43,14170,Fabián Balbuena,4-3-3,4-2-3-1,Kirill Levnikov,Match Report,,14,6,,0,0,2023,Dynamo Moscow,,
2024-03-09,19:00,Premier League,Matchweek 20,Sat,Home,W,2,0,Akhmat Grozny,63,7862,Sergei Parshivlyuk,4-3-3,3-4-3,Evgeny Bulanov,Match Report,,20,9,,0,0,2023,Dynamo Moscow,,
2024-03-29,19:30,Premier League,Matchweek 22,Fri,Home,L,1,4,Rostov,55,8052,Fabián Balbuena,4-3-3,4-3-3,Pavel Kukuyan,Match Report,,16,9,,0,0,2023,Dynamo Moscow,,
2024-04-07,19:30,Premier League,Matchweek 23,Sun,Home,L,1,2,Spartak Moscow,44,18072,Fabián Balbuena,4-3-3,4-4-2,Kirill Levnikov,Match Report,,9,4,,1,1,2023,Dynamo Moscow,,
2024-04-14,16:15 (14:15),Premier League,Matchweek 24,Sun,Away,L,1,2,Ural,56,9545,Fabián Balbuena,4-3-3,4-4-2,Vasiliy Kazartsev,Match Report,,9,2,,0,0,2023,Dynamo Moscow,,
2024-04-21,14:00,Premier League,Matchweek 25,Sun,Away,W,4,1,Nizhny Novgorod,60,9736,Fabián Balbuena,4-2-3-1,5-3-2,Artem Chistyakov,Match Report,,17,5,,0,0,2023,Dynamo Moscow,,
2024-04-24,18:00 (16:00),Premier League,Matchweek 21,Wed,Away,W,2,1,Orenburg,44,3407,Fabián Balbuena,4-2-3-1,4-3-3,Evgeny Bulanov,Match Report,,11,5,,0,0,2023,Dynamo Moscow,,
2024-04-28,19:15,Premier League,Matchweek 26,Sun,Home,W,1,0,Zenit,34,17071,Fabián Balbuena,4-3-3,4-3-3,Pavel Kukuyan,Match Report,,11,3,,0,0,2023,Dynamo Moscow,,
2024-05-05,16:30,Premier League,Matchweek 27,Sun,Home,W,3,2,Sochi,44,8240,Fabián Balbuena,4-3-3,4-3-3,Artem Chistyakov,Match Report,,23,7,,0,0,2023,Dynamo Moscow,,
2024-05-11,20:30 (21:30),Premier League,Matchweek 28,Sat,Away,W,3,2,FC Baltika Kaliningrad,52,13478,Fabián Balbuena,4-1-4-1,3-4-3,Evgeny Bulanov,Match Report,,19,7,,0,0,2023,Dynamo Moscow,,
2024-05-18,14:00,Premier League,Matchweek 29,Sat,Home,W,4,1,Samara,42,20608,Fabián Balbuena,4-1-4-1,4-4-2,Pavel Kukuyan,Match Report,,15,10,,0,0,2023,Dynamo Moscow,,
2024-05-25,16:30,Premier League,Matchweek 30,Sat,Away,L,0,1,Krasnodar,38,34032,Fabián Balbuena,4-1-4-1,4-2-3-1,Sergey Karasev,Match Report,,12,3,,0,0,2023,Dynamo Moscow,,
2023-07-22,17:30,Premier League,Matchweek 1,Sat,Home,D,2,2,Rubin Kazan,56,6721,Dmitri Barinov,4-2-3-1,3-5-2,Vladislav Bezborodov,Match Report,,13,5,,0,0,2023,Lokomotiv Moscow,,
2023-07-30,17:30,Premier League,Matchweek 2,Sun,Away,W,4,1,Fakel Voronezh,53,13085,Dmitri Barinov,4-2-3-1,3-5-2,Vasiliy Kazartsev,Match Report,,15,5,,0,0,2023,Lokomotiv Moscow,,
2023-08-05,20:00,Premier League,Matchweek 3,Sat,Away,L,1,4,CSKA Moscow,58,12560,Dmitri Barinov,4-2-3-1,3-4-3,Kirill Levnikov,Match Report,,13,2,,0,0,2023,Lokomotiv Moscow,,
2023-08-12,15:00,Premier League,Matchweek 4,Sat,Home,D,1,1,Samara,51,6763,Dmitri Barinov,4-2-3-1,4-2-3-1,Pavel Kukuyan,Match Report,,2,1,,0,0,2023,Lokomotiv Moscow,,
2023-08-19,19:30,Premier League,Matchweek 5,Sat,Away,D,1,1,Krasnodar,40,22492,Dmitri Barinov,4-2-3-1,4-3-3,Evgeny Kukulyak,Match Report,,11,3,,0,0,2023,Lokomotiv Moscow,,
2023-08-27,20:00,Premier League,Matchweek 6,Sun,Away,W,1,0,Sochi,48,6089,Dmitri Barinov,4-2-3-1,3-4-3,Aleksey Sukhoy,Match Report,,13,9,,0,0,2023,Lokomotiv Moscow,,
2023-09-03,15:15,Premier League,Matchweek 7,Sun,Home,W,3,2,FC Baltika Kaliningrad,45,7652,Dmitri Barinov,4-2-3-1,5-3-2,Artem Lyubimov,Match Report,,12,7,,0,0,2023,Lokomotiv Moscow,,
2023-09-17,19:00,Premier League,Matchweek 8,Sun,Home,L,0,2,Orenburg,46,5957,Dmitri Barinov,4-2-3-1,4-3-3,Artur Fedorov,Match Report,,10,2,,0,0,2023,Lokomotiv Moscow,,
2023-09-24,16:30,Premier League,Matchweek 9,Sun,Away,W,2,1,Zenit,42,36283,Dmitri Barinov,4-2-3-1,5-3-2,Vladimir Moskalev,Match Report,,12,4,,0,0,2023,Lokomotiv Moscow,,
2023-09-30,14:15,Premier League,Matchweek 10,Sat,Home,W,1,0,Nizhny Novgorod,60,6059,Dmitri Barinov,4-2-3-1,5-3-2,Vladislav Bezborodov,Match Report,,12,1,,0,0,2023,Lokomotiv Moscow,,
2023-10-07,14:00 (12:00),Premier League,Matchweek 11,Sat,Away,D,2,2,Ural,60,10505,Dmitri Barinov,4-2-3-1,4-2-3-1,Sergey Karasev,Match Report,,16,5,,0,0,2023,Lokomotiv Moscow,,
2023-10-21,16:30,Premier League,Matchweek 12,Sat,Home,D,0,0,Dynamo Mosc,52,9842,Dmitri Barinov,4-2-3-1,4-2-3-1,Sergey Ivanov,Match Report,,21,8,,0,0,2023,Lokomotiv Moscow,,
2023-10-28,16:30,Premier League,Matchweek 13,Sat,Away,L,0,1,Rostov,48,11847,Dmitri Barinov,4-2-3-1,4-3-3,Aleksey Sukhoy,Match Report,,16,6,,0,0,2023,Lokomotiv Moscow,,
2023-11-05,19:30,Premier League,Matchweek 14,Sun,Home,D,1,1,Spartak Moscow,47,14523,Dmitri Barinov,4-2-3-1,4-2-3-1,Pavel Kukuyan,Match Report,,19,5,,0,0,2023,Lokomotiv Moscow,,
2023-11-11,16:30,Premier League,Matchweek 15,Sat,Home,W,2,1,Akhmat Grozny,64,5306,Artem Dzyuba,4-2-3-1,4-2-3-1,Evgeny Kukulyak,Match Report,,15,5,,0,0,2023,Lokomotiv Moscow,,
2023-11-25,14:00 (13:00),Premier League,Matchweek 16,Sat,Away,D,3,3,Samara,42,5924,Dmitri Barinov,4-2-3-1,4-2-3-1,Vasiliy Kazartsev,Match Report,,14,4,,0,0,2023,Lokomotiv Moscow,,
2023-12-03,16:30,Premier League,Matchweek 17,Sun,Home,W,3,1,Zenit,37,10060,Artem Dzyuba,4-2-3-1,5-3-2,Aleksey Sukhoy,Match Report,,9,3,,0,0,2023,Lokomotiv Moscow,,
2023-12-08,19:00,Premier League,Matchweek 18,Fri,Home,W,2,0,Ural,50,3289,Dmitri Barinov,4-2-3-1,4-2-3-1,Artem Chistyakov,Match Report,,10,5,,0,0,2023,Lokomotiv Moscow,,
2024-03-03,16:30,Premier League,Matchweek 19,Sun,Away,L,1,2,Dynamo Mosc,58,14170,Dmitri Barinov,4-2-3-1,4-3-3,Kirill Levnikov,Match Report,,7,3,,0,0,2023,Lokomotiv Moscow,,
2024-03-10,16:30,Premier League,Matchweek 20,Sun,Home,D,2,2,Sochi,50,6024,Dmitri Barinov,4-2-3-1,4-3-3,Sergei Cheban,Match Report,,15,6,,0,0,2023,Lokomotiv Moscow,,
2024-03-31,19:30,Premier League,Matchweek 22,Sun,Home,D,1,1,Krasnodar,53,9327,Dmitri Barinov,4-2-3-1,5-3-2,Vladislav Bezborodov,Match Report,,10,2,,0,0,2023,Lokomotiv Moscow,,
2024-04-07,16:30,Premier League,Matchweek 23,Sun,Away,W,2,0,Akhmat Grozny,67,3836,Dmitri Barinov,4-2-3-1,3-4-3,Vasiliy Kazartsev,Match Report,,20,8,,1,1,2023,Lokomotiv Moscow,,
2024-04-13,19:30,Premier League,Matchweek 24,Sat,Home,D,3,3,CSKA Moscow,55,15070,Dmitri Barinov,4-2-3-1,3-4-3,Sergey Karasev,Match Report,,16,5,,0,0,2023,Lokomotiv Moscow,,
2024-04-20,14:00,Premier League,Matchweek 25,Sat,Away,D,1,1,Rubin Kazan,60,9272,Dmitri Barinov,4-2-3-1,3-4-3,Evgeny Kukulyak,Match Report,,12,4,,0,0,2023,Lokomotiv Moscow,,
2024-04-24,18:15,Premier League,Matchweek 21,Wed,Away,W,3,2,Nizhny Novgorod,77,6591,Dmitri Barinov,4-2-3-1,5-3-2,Sergey Cyganok,Match Report,,21,8,,1,1,2023,Lokomotiv Moscow,,
2024-04-28,16:15,Premier League,Matchweek 26,Sun,Away,L,2,3,Spartak Moscow,50,20016,Anton Miranchuk,4-2-3-1,4-2-3-1,Kirill Levnikov,Match Report,,18,8,,0,0,2023,Lokomotiv Moscow,,
2024-05-06,20:30,Premier League,Matchweek 27,Mon,Home,W,1,0,Rostov,39,6611,Gerzino Nyamsi,4-3-3,4-3-3,Pavel Kukuyan,Match Report,,8,4,,0,0,2023,Lokomotiv Moscow,,
2024-05-12,16:00 (14:00),Premier League,Matchweek 28,Sun,Away,W,2,0,Orenburg,42,5388,Dmitri Barinov,4-3-3,4-3-3,Yan Bobrovskiy,Match Report,,19,5,,0,0,2023,Lokomotiv Moscow,,
2024-05-18,16:30,Premier League,Matchweek 29,Sat,Home,W,2,0,Fakel Voronezh,49,11639,Dmitri Barinov,4-4-2,3-4-3,Vitaly Meshkov,Match Report,,16,8,,0,0,2023,Lokomotiv Moscow,,
2024-05-25,15:30 (16:30),Premier League,Matchweek 30,Sat,Away,W,3,1,FC Baltika Kaliningrad,48,16054,Dmitri Barinov,4-2-3-1,3-4-3,Vladislav Bezborodov,Match Report,,12,8,,0,0,2023,Lokomotiv Moscow,,
2023-07-23,17:30,Premier League,Matchweek 1,Sun,Home,W,3,2,Orenburg,50.0,11466,Roman Zobnin,4-1-4-1,4-3-3,Artem Chistyakov,Match Report,,23,7,,0,0,2023,Spartak Moscow,,
2023-07-31,19:30,Premier League,Matchweek 2,Mon,Home,W,2,1,FC Baltika Kaliningrad,57.0,10992,Roman Zobnin,4-1-4-1,5-3-2,Pavel Kukuyan,Match Report,,17,5,,0,0,2023,Spartak Moscow,,
2023-08-05,17:30,Premier League,Matchweek 3,Sat,Away,W,4,1,Rubin Kazan,58.0,17806,Georgi Dzhikiya,4-1-4-1,3-5-2,Evgeny Kukulyak,Match Report,,14,8,,0,0,2023,Spartak Moscow,,
2023-08-11,20:00 (18:00),Premier League,Matchweek 4,Fri,Away,L,2,3,Ural,63.0,19385,Georgi Dzhikiya,4-2-3-1,4-4-2,Kirill Levnikov,Match Report,,11,5,,0,0,2023,Spartak Moscow,,
2023-08-20,19:30,Premier League,Matchweek 5,Sun,Home,L,1,3,Zenit,52.0,33852,Georgi Dzhikiya,4-3-3,4-3-3,Sergey Karasev,Match Report,,14,4,,0,0,2023,Spartak Moscow,,
2023-08-26,19:30,Premier League,Matchweek 6,Sat,Home,D,0,0,Akhmat Grozny,62.0,12086,Georgi Dzhikiya,4-3-3,4-2-3-1,Rafael Shafeev,Match Report,,16,6,,0,0,2023,Spartak Moscow,,
2023-09-02,20:00,Premier League,Matchweek 7,Sat,Away,L,0,2,Krasnodar,53.0,32766,Georgi Dzhikiya,4-2-3-1,4-3-3,Aleksey Sukhoy,Match Report,,11,4,,0,0,2023,Spartak Moscow,,
2023-09-16,20:00 (19:00),Premier League,Matchweek 8,Sat,Home,W,1,0,Sochi,69.0,8760,Roman Zobnin,4-2-3-1,3-4-3,Artem Chistyakov,Match Report,,17,7,,0,0,2023,Spartak Moscow,,
2023-09-23,19:00,Premier League,Matchweek 9,Sat,Home,W,1,0,Dynamo Mosc,55.0,19025,Quincy Promes,4-3-3,4-4-2,Pavel Kukuyan,Match Report,,18,7,,0,0,2023,Spartak Moscow,,
2023-10-01,17:30 (16:30),Premier League,Matchweek 10,Sun,Away,L,0,4,Samara,69.0,23225,Roman Zobnin,4-3-3,4-2-3-1,Rafael Shafeev,Match Report,,15,3,,0,0,2023,Spartak Moscow,,
2023-10-08,19:00,Premier League,Matchweek 11,Sun,Home,D,2,2,CSKA Moscow,60.0,25245,Quincy Promes,4-3-3,4-3-3,Kirill Levnikov,Match Report,,10,4,,0,0,2023,Spartak Moscow,,
2023-10-22,14:00,Premier League,Matchweek 12,Sun,Home,W,2,0,Nizhny Novgorod,67.0,10201,Quincy Promes,4-3-3,5-3-2,Aleksey Amelin,Match Report,,23,11,,0,0,2023,Spartak Moscow,,
2023-10-28,14:00,Premier League,Matchweek 13,Sat,Away,L,0,2,Fakel Voronezh,54.0,11612,Aleksandr Maksimenko,4-3-3,4-1-3-2,Vladislav Bezborodov,Match Report,,9,2,,0,0,2023,Spartak Moscow,,
2023-11-05,19:30,Premier League,Matchweek 14,Sun,Away,D,1,1,Loko Moscow,53.0,14523,Quincy Promes,4-2-3-1,4-2-3-1,Pavel Kukuyan,Match Report,,12,2,,0,0,2023,Spartak Moscow,,
2023-11-12,19:30,Premier League,Matchweek 15,Sun,Home,W,2,1,Rostov,53.0,10517,Roman Zobnin,4-2-3-1,4-3-3,Kirill Levnikov,Match Report,,11,3,,0,0,2023,Spartak Moscow,,
2023-11-25,18:45 (19:45),Premier League,Matchweek 16,Sat,Away,W,2,0,FC Baltika Kaliningrad,47.0,16267,Quincy Promes,4-4-2,5-3-2,Rafael Shafeev,Match Report,,15,6,,0,0,2023,Spartak Moscow,,
2023-12-03,19:00,Premier League,Matchweek 17,Sun,Away,L,1,2,Akhmat Grozny,64.0,4643,Quincy Promes,4-4-2,4-2-3-1,Evgeny Kukulyak,Match Report,,12,4,,0,0,2023,Spartak Moscow,,
2023-12-09,14:00,Premier League,Matchweek 18,Sat,Home,W,3,0,Samara,43.0,7217,Quincy Promes,4-4-2,4-2-3-1,Pavel Kukuyan,Match Report,,15,7,,0,0,2023,Spartak Moscow,,
2024-03-02,19:30,Premier League,Matchweek 19,Sat,Away,D,0,0,Zenit,38.0,57858,Roman Zobnin,4-4-2,4-3-3,Sergey Karasev,Match Report,,11,3,,0,0,2023,Spartak Moscow,,
2024-03-10,19:00,Premier League,Matchweek 20,Sun,Home,L,0,2,Fakel Voronezh,68.0,11640,Roman Zobnin,4-4-2,4-1-4-1,Artem Lyubimov,Match Report,,18,6,,0,0,2023,Spartak Moscow,,
2024-03-30,19:00,Premier League,Matchweek 22,Sat,Home,D,0,0,Ural,60.0,8554,Roman Zobnin,4-4-2,3-4-3,Vladimir Moskalev,Match Report,,21,10,,0,0,2023,Spartak Moscow,,
2024-04-07,19:30,Premier League,Matchweek 23,Sun,Away,W,2,1,Dynamo Mosc,56.0,18072,Roman Zobnin,4-4-2,4-3-3,Kirill Levnikov,Match Report,,10,6,,0,0,2023,Spartak Moscow,,
2024-04-13,14:00,Premier League,Matchweek 24,Sat,Away,L,0,1,Sochi,52.0,8855,Aleksandr Sobolev,4-4-2,4-3-3,Rafael Shafeev,Match Report,,12,4,,0,0,2023,Spartak Moscow,,
2024-04-21,20:30,Premier League,Matchweek 25,Sun,Away,W,5,1,Rostov,46.0,30593,Aleksandr Maksimenko,3-4-3,4-3-3,Vladimir Moskalev,Match Report,,15,6,,1,1,2023,Spartak Moscow,,
2024-04-25,20:30,Premier League,Matchweek 21,Thu,Away,D,0,0,CSKA Moscow,54.0,18495,Aleksandr Sobolev,3-4-3,3-4-3,Vasiliy Kazartsev,Match Report,,7,3,,0,0,2023,Spartak Moscow,,
2024-04-28,16:15,Premier League,Matchweek 26,Sun,Home,W,3,2,Loko Moscow,50.0,20016,Roman Zobnin,4-2-3-1,4-2-3-1,Kirill Levnikov,Match Report,,22,7,,1,1,2023,Spartak Moscow,,
2024-05-05,19:00,Premier League,Matchweek 27,Sun,Away,D,0,0,Nizhny Novgorod,77.0,13233,Roman Zobnin,3-4-3,5-3-2,Pavel Shadykhanov,Match Report,,21,7,,0,0,2023,Spartak Moscow,,
2024-05-11,16:30,Premier League,Matchweek 28,Sat,Home,W,1,0,Krasnodar,44.0,21843,Roman Zobnin,3-4-1-2,4-2-3-1,Artem Chistyakov,Match Report,,10,3,,0,0,2023,Spartak Moscow,,
2024-05-19,14:15,Premier League,Matchweek 29,Sun,Home,W,3,1,Rubin Kazan,52.0,17881,Georgi Dzhikiya,3-4-1-2,3-4-3,Vladimir Moskalev,Match Report,,8,7,,0,0,2023,Spartak Moscow,,
2024-05-25,18:30 (16:30),Premier League,Matchweek 30,Sat,Away,D,0,0,Orenburg,,8076,Aleksandr Maksimenko,3-4-1-2,4-3-3,Sergey Ivanov,Match Report,,0,0,,0,0,2023,Spartak Moscow,,
2023-07-22,15:00 (13:00),Premier League,Matchweek 1,Sat,Away,L,1,2,Ural,66,13525,Igor Akinfeev,3-4-3,4-2-3-1,Aleksey Amelin,Match Report,,8,3,,0,0,2023,CSKA Moscow,,
2023-07-30,20:00,Premier League,Matchweek 2,Sun,Away,W,3,2,Akhmat Grozny,60,5612,Igor Akinfeev,3-4-3,4-4-2,Vladislav Bezborodov,Match Report,,11,6,,3,3,2023,CSKA Moscow,,
2023-08-05,20:00,Premier League,Matchweek 3,Sat,Home,W,4,1,Loko Moscow,42,12560,Igor Akinfeev,3-4-3,4-2-3-1,Kirill Levnikov,Match Report,,15,6,,1,1,2023,CSKA Moscow,,
2023-08-13,20:00,Premier League,Matchweek 4,Sun,Home,W,3,1,Sochi,53,7150,Kirill Nababkin,3-4-3,3-4-3,Artem Chistyakov,Match Report,,18,7,,0,0,2023,CSKA Moscow,,
2023-08-19,15:00,Premier League,Matchweek 5,Sat,Away,L,1,2,Dynamo Mosc,47,18584,Kirill Nababkin,3-4-3,4-2-3-1,Pavel Kukuyan,Match Report,,16,7,,0,0,2023,CSKA Moscow,,
2023-08-25,19:30 (17:30),Premier League,Matchweek 6,Fri,Away,D,1,1,Orenburg,41,4283,Kirill Nababkin,3-4-3,4-3-3,Kirill Levnikov,Match Report,,5,1,,0,0,2023,CSKA Moscow,,
2023-09-03,17:30,Premier League,Matchweek 7,Sun,Home,D,1,1,Zenit,29,20947,Igor Akinfeev,3-4-3,5-3-2,Pavel Kukuyan,Match Report,,4,1,,0,0,2023,CSKA Moscow,,
2023-09-16,14:00,Premier League,Matchweek 8,Sat,Home,D,2,2,Samara,52,8109,Igor Akinfeev,3-4-3,4-2-3-1,Artem Lyubimov,Match Report,,16,6,,1,1,2023,CSKA Moscow,,
2023-09-24,19:00,Premier League,Matchweek 9,Sun,Away,D,3,3,Rostov,51,15050,Igor Akinfeev,3-4-3,4-3-3,Sergey Karasev,Match Report,,15,4,,0,0,2023,CSKA Moscow,,
2023-09-30,19:00,Premier League,Matchweek 10,Sat,Home,W,1,0,FC Baltika Kaliningrad,54,8135,Igor Akinfeev,4-3-3,5-3-2,Yan Bobrovskiy,Match Report,,13,3,,0,0,2023,CSKA Moscow,,
2023-10-08,19:00,Premier League,Matchweek 11,Sun,Away,D,2,2,Spartak Moscow,41,25245,Igor Akinfeev,4-3-3,4-3-3,Kirill Levnikov,Match Report,,12,5,,0,0,2023,CSKA Moscow,,
2023-10-21,14:00,Premier League,Matchweek 12,Sat,Away,D,0,0,Rubin Kazan,58,6899,Igor Akinfeev,4-3-3,5-4-1,Pavel Kukuyan,Match Report,,11,2,,0,0,2023,CSKA Moscow,,
2023-10-29,19:30,Premier League,Matchweek 13,Sun,Home,W,1,0,Krasnodar,39,10777,Igor Akinfeev,3-4-3,4-3-3,Kirill Levnikov,Match Report,,9,6,,0,0,2023,CSKA Moscow,,
2023-11-05,16:30,Premier League,Matchweek 14,Sun,Home,W,3,2,Nizhny Novgorod,62,6096,Igor Akinfeev,3-4-3,5-3-2,Vladimir Moskalev,Match Report,,13,7,,0,0,2023,CSKA Moscow,,
2023-11-11,14:00,Premier League,Matchweek 15,Sat,Away,D,1,1,Fakel Voronezh,39,13454,Igor Akinfeev,3-4-3,4-4-2,Aleksey Sukhoy,Match Report,,7,2,,0,0,2023,CSKA Moscow,,
2023-11-25,17:30,Premier League,Matchweek 16,Sat,Home,L,2,3,Dynamo Mosc,55,8423,Igor Akinfeev,3-4-3,4-2-3-1,Sergey Karasev,Match Report,,20,6,,0,0,2023,CSKA Moscow,,
2023-12-03,14:00,Premier League,Matchweek 17,Sun,Home,W,2,0,Rostov,46,4791,Igor Akinfeev,3-4-3,4-3-3,Rafael Shafeev,Match Report,,10,5,,1,1,2023,CSKA Moscow,,
2023-12-10,19:45,Premier League,Matchweek 18,Sun,Away,L,0,1,Krasnodar,49,32793,Igor Akinfeev,3-4-3,5-3-2,Sergey Karasev,Match Report,,17,6,,0,0,2023,CSKA Moscow,,
2024-03-02,14:00,Premier League,Matchweek 19,Sat,Home,D,1,1,Orenburg,52,6144,Igor Akinfeev,3-4-3,4-3-3,Sergey Ivanov,Match Report,,16,7,,0,0,2023,CSKA Moscow,,
2024-03-08,15:00 (14:00),Premier League,Matchweek 20,Fri,Away,W,2,0,Samara,40,8278,Igor Akinfeev,3-4-3,4-4-2,Vitaly Meshkov,Match Report,,14,7,,0,0,2023,CSKA Moscow,,
2024-03-30,17:30 (16:30),Premier League,Matchweek 22,Sat,Away,D,2,2,Sochi,41,5681,Igor Akinfeev,3-4-3,4-3-3,Vasiliy Kazartsev,Match Report,,13,3,,0,0,2023,CSKA Moscow,,
2024-04-07,14:00,Premier League,Matchweek 23,Sun,Home,W,4,1,Fakel Voronezh,50,8778,Igor Akinfeev,3-4-3,4-4-2,Pavel Shadykhanov,Match Report,,23,8,,0,0,2023,CSKA Moscow,,
2024-04-13,19:30,Premier League,Matchweek 24,Sat,Away,D,3,3,Loko Moscow,45,15070,Igor Akinfeev,3-4-3,4-2-3-1,Sergey Karasev,Match Report,,16,9,,0,0,2023,CSKA Moscow,,
2024-04-20,19:30,Premier League,Matchweek 25,Sat,Home,L,1,2,Akhmat Grozny,53,6980,Willyan,3-4-3,5-3-2,Rafael Shafeev,Match Report,,8,2,,1,1,2023,CSKA Moscow,,
2024-04-25,20:30,Premier League,Matchweek 21,Thu,Home,D,0,0,Spartak Moscow,46,18495,Igor Akinfeev,3-4-3,3-4-3,Vasiliy Kazartsev,Match Report,,9,2,,0,0,2023,CSKA Moscow,,
2024-04-28,20:30 (21:30),Premier League,Matchweek 26,Sun,Away,L,1,3,FC Baltika Kaliningrad,60,14046,Igor Akinfeev,3-4-3,3-4-3,Yan Bobrovskiy,Match Report,,18,7,,0,0,2023,CSKA Moscow,,
2024-05-06,20:30,Premier League,Matchweek 27,Mon,Home,D,2,2,Rubin Kazan,61,5740,Igor Akinfeev,3-4-3,3-4-3,Vladislav Bezborodov,Match Report,,15,7,,0,0,2023,CSKA Moscow,,
2024-05-11,19:00,Premier League,Matchweek 28,Sat,Away,W,1,0,Zenit,32,33027,Willyan,3-4-3,4-4-2,Sergey Ivanov,Match Report,,7,1,,1,1,2023,CSKA Moscow,,
2024-05-20,20:00,Premier League,Matchweek 29,Mon,Away,W,6,2,Nizhny Novgorod,47,13361,Igor Akinfeev,3-4-3,3-4-3,Vasiliy Kazartsev,Match Report,,14,9,,0,0,2023,CSKA Moscow,,
2024-05-25,16:30,Premier League,Matchweek 30,Sat,Home,W,2,0,Ural,52,10432,Igor Akinfeev,3-4-3,4-3-3,Yan Bobrovskiy,Match Report,,17,9,,0,0,2023,CSKA Moscow,,
2023-07-23,20:00,Premier League,Matchweek 1,Sun,Home,W,2,1,Fakel Voronezh,64,11020,Danil Glebov,4-3-3,3-5-2,Pavel Shadykhanov,Match Report,,16,6,,0,0,2023,Rostov,,
2023-07-29,20:00,Premier League,Matchweek 2,Sat,Home,D,1,1,Zenit,52,16413,Danil Glebov,4-3-3,4-3-3,Evgeny Kukulyak,Match Report,,13,4,,1,1,2023,Rostov,,
2023-08-05,16:00 (15:00),Premier League,Matchweek 3,Sat,Away,L,1,5,Samara,65,6125,Danil Glebov,4-3-3,4-2-3-1,Sergey Karasev,Match Report,,15,5,,0,0,2023,Rostov,,
2023-08-12,20:00,Premier League,Matchweek 4,Sat,Home,W,3,0,Rubin Kazan,47,10328,Danil Glebov,5-4-1,5-3-2,Aleksey Eskov,Match Report,,14,9,,0,0,2023,Rostov,,
2023-08-19,20:00,Premier League,Matchweek 5,Sat,Away,L,0,4,Sochi,51,6299,Danil Glebov,4-3-3,3-4-3,Roman,Match Report,,11,2,,0,0,2023,Rostov,,
2023-08-26,20:00,Premier League,Matchweek 6,Sat,Away,L,0,1,Nizhny Novgorod,62,6697,Danil Glebov,4-3-3,5-3-2,Sergei Cheban,Match Report,,10,0,,0,0,2023,Rostov,,
2023-09-03,20:00,Premier League,Matchweek 7,Sun,Home,L,1,2,Dynamo Mosc,50,11001,Danil Glebov,4-3-3,4-2-3-1,Vasiliy Kazartsev,Match Report,,14,4,,0,0,2023,Rostov,,
2023-09-16,20:15 (21:15),Premier League,Matchweek 8,Sat,Away,D,2,2,FC Baltika Kaliningrad,50,11712,Danil Glebov,4-3-3,5-3-2,Evgeny Turbin,Match Report,,13,7,,0,0,2023,Rostov,,
2023-09-24,19:00,Premier League,Matchweek 9,Sun,Home,D,3,3,CSKA Moscow,49,15050,Danil Glebov,4-3-3,3-4-3,Sergey Karasev,Match Report,,19,5,,0,0,2023,Rostov,,
2023-09-29,19:00,Premier League,Matchweek 10,Fri,Home,D,2,2,Ural,63,7856,Danil Glebov,4-3-3,4-3-3,Roman,Match Report,,21,5,,1,1,2023,Rostov,,
2023-10-07,19:00,Premier League,Matchweek 11,Sat,Away,L,2,3,Krasnodar,51,27375,Danil Glebov,4-3-3,4-1-4-1,Rafael Shafeev,Match Report,,7,3,,0,0,2023,Rostov,,
2023-10-22,19:00,Premier League,Matchweek 12,Sun,Home,W,3,0,Akhmat Grozny,49,8707,Danil Glebov,4-3-3,4-3-3,Kirill Levnikov,Match Report,,20,4,,1,1,2023,Rostov,,
2023-10-28,16:30,Premier League,Matchweek 13,Sat,Home,W,1,0,Loko Moscow,52,11847,Danil Glebov,4-3-3,4-2-3-1,Aleksey Sukhoy,Match Report,,16,5,,0,0,2023,Rostov,,
2023-11-06,16:00 (14:00),Premier League,Matchweek 14,Mon,Away,D,1,1,Orenburg,58,3256,Danil Glebov,4-3-3,4-1-4-1,Roman Safyan,Match Report,,19,7,,0,1,2023,Rostov,,
2023-11-12,19:30,Premier League,Matchweek 15,Sun,Away,L,1,2,Spartak Moscow,47,10517,Danil Glebov,4-3-3,4-2-3-1,Kirill Levnikov,Match Report,,14,6,,1,1,2023,Rostov,,
2023-11-26,19:00,Premier League,Matchweek 16,Sun,Home,W,1,0,Nizhny Novgorod,66,6941,Danil Glebov,4-3-3,5-3-2,Yan Bobrovskiy,Match Report,,10,3,,1,1,2023,Rostov,,
2023-12-03,14:00,Premier League,Matchweek 17,Sun,Away,L,0,2,CSKA Moscow,54,4791,Danil Glebov,4-3-3,3-4-3,Rafael Shafeev,Match Report,,8,5,,0,0,2023,Rostov,,
2023-12-09,16:30,Premier League,Matchweek 18,Sat,Away,D,0,0,Akhmat Grozny,59,5091,Danil Glebov,4-3-3,4-2-3-1,Yan Bobrovskiy,Match Report,,12,1,,0,0,2023,Rostov,,
2024-03-01,19:00,Premier League,Matchweek 19,Fri,Home,W,2,0,Samara,52,8850,Danil Glebov,4-3-3,4-2-3-1,Evgeny Kukulyak,Match Report,,14,4,,0,0,2023,Rostov,,
2024-03-08,18:30,Premier League,Matchweek 20,Fri,Home,W,2,1,Krasnodar,50,16668,Danil Glebov,4-3-3,3-4-3,Vasiliy Kazartsev,Match Report,,18,8,,0,0,2023,Rostov,,
2024-03-29,19:30,Premier League,Matchweek 22,Fri,Away,W,4,1,Dynamo Mosc,45,8052,Danil Glebov,4-3-3,4-3-3,Pavel Kukuyan,Match Report,,16,7,,0,0,2023,Rostov,,
2024-04-06,20:00,Premier League,Matchweek 23,Sat,Home,D,2,2,Sochi,52,13770,Danil Glebov,4-3-3,4-3-3,Evgeny Kukulyak,Match Report,,19,9,,0,0,2023,Rostov,,
2024-04-14,16:45,Premier League,Matchweek 24,Sun,Away,W,1,0,Fakel Voronezh,59,13744,Danil Glebov,4-3-3,4-4-2,Artem Lyubimov,Match Report,,17,5,,0,0,2023,Rostov,,
2024-04-21,20:30,Premier League,Matchweek 25,Sun,Home,L,1,5,Spartak Moscow,54,30593,Danil Glebov,4-3-3,3-4-3,Vladimir Moskalev,Match Report,,15,3,,0,0,2023,Rostov,,
2024-04-25,18:00 (16:00),Premier League,Matchweek 21,Thu,Away,W,1,0,Ural,49,5069,Danil Glebov,4-3-3,4-4-2,Aleksey Sukhoy,Match Report,,8,2,,0,0,2023,Rostov,,
2024-04-29,19:45,Premier League,Matchweek 26,Mon,Home,W,2,1,Orenburg,65,10209,Danil Glebov,4-3-3,4-3-3,Sergei Cheban,Match Report,,23,7,,0,0,2023,Rostov,,
2024-05-06,20:30,Premier League,Matchweek 27,Mon,Away,L,0,1,Loko Moscow,61,6611,Danil Glebov,4-3-3,4-3-3,Pavel Kukuyan,Match Report,,12,1,,0,0,2023,Rostov,,
2024-05-11,14:00,Premier League,Matchweek 28,Sat,Away,L,1,3,Rubin Kazan,65,5666,Danil Glebov,4-3-3,3-4-3,Artem Lyubimov,Match Report,,7,3,,0,1,2023,Rostov,,
2024-05-19,16:30,Premier League,Matchweek 29,Sun,Home,W,2,1,FC Baltika Kaliningrad,57,12455,Danil Glebov,4-3-3,3-4-3,Kirill Levnikov,Match Report,,20,11,,0,0,2023,Rostov,,
2024-05-25,16:30,Premier League,Matchweek 30,Sat,Away,L,1,2,Zenit,49,36456,Danil Glebov,4-3-3,4-4-2,Vitaly Meshkov,Match Report,,7,3,,0,0,2023,Rostov,,
2023-07-22,17:30,Premier League,Matchweek 1,Sat,Away,D,2,2,Loko Moscow,44,6721,Alyaksandr Martynovich,3-5-2,4-2-3-1,Vladislav Bezborodov,Match Report,,19,7,,0,0,2023,Rubin Kazan,,
2023-07-30,15:00,Premier League,Matchweek 2,Sun,Home,D,1,1,Orenburg,36,4822,Alyaksandr Martynovich,4-4-2,4-3-3,Vitaly Meshkov,Match Report,,8,3,,0,0,2023,Rubin Kazan,,
2023-08-05,17:30,Premier League,Matchweek 3,Sat,Home,L,1,4,Spartak Moscow,42,17806,Alyaksandr Martynovich,3-5-2,4-1-4-1,Evgeny Kukulyak,Match Report,,15,3,,0,0,2023,Rubin Kazan,,
2023-08-12,20:00,Premier League,Matchweek 4,Sat,Away,L,0,3,Rostov,53,10328,Alyaksandr Martynovich,5-3-2,5-4-1,Aleksey Eskov,Match Report,,10,2,,0,0,2023,Rubin Kazan,,
2023-08-18,19:30,Premier League,Matchweek 5,Fri,Home,W,2,1,Samara,41,5575,Alyaksandr Martynovich,5-3-2,4-2-3-1,Sergey Cyganok,Match Report,,9,4,,0,1,2023,Rubin Kazan,,
2023-08-26,17:30,Premier League,Matchweek 6,Sat,Home,D,2,2,Dynamo Mosc,57,6948,Alyaksandr Martynovich,3-5-2,4-2-3-1,Sergey Karasev,Match Report,,12,7,,1,1,2023,Rubin Kazan,,
2023-09-02,15:15,Premier League,Matchweek 7,Sat,Away,L,1,2,Nizhny Novgorod,64,7374,Alyaksandr Martynovich,5-3-2,5-3-2,Roman Safyan,Match Report,,24,7,,0,0,2023,Rubin Kazan,,
2023-09-17,16:30,Premier League,Matchweek 8,Sun,Home,L,0,3,Zenit,39,10429,Igor Vujačić,5-3-2,4-3-3,Rafael Shafeev,Match Report,,12,2,,0,0,2023,Rubin Kazan,,
2023-09-25,19:00,Premier League,Matchweek 9,Mon,Away,W,1,0,Fakel Voronezh,48,11763,Alyaksandr Martynovich,5-3-2,4-2-3-1,Kirill Levnikov,Match Report,,13,5,,0,0,2023,Rubin Kazan,,
2023-09-30,16:30,Premier League,Matchweek 10,Sat,Home,L,0,2,Krasnodar,48,5557,Dmitri Kabutov,3-4-3,4-3-3,Sergei Cheban,Match Report,,15,3,,0,0,2023,Rubin Kazan,,
2023-10-08,19:00,Premier League,Matchweek 11,Sun,Away,W,1,0,Akhmat Grozny,37,5104,Igor Vujačić,5-4-1,4-3-3,Aleksey Sukhoy,Match Report,,11,6,,0,0,2023,Rubin Kazan,,
2023-10-21,14:00,Premier League,Matchweek 12,Sat,Home,D,0,0,CSKA Moscow,42,6899,Igor Vujačić,5-4-1,4-3-3,Pavel Kukuyan,Match Report,,10,3,,0,0,2023,Rubin Kazan,,
2023-10-27,19:00,Premier League,Matchweek 13,Fri,Home,W,1,0,FC Baltika Kaliningrad,58,2832,Alyaksandr Martynovich,3-4-3,5-3-2,Yan Bobrovskiy,Match Report,,14,4,,0,0,2023,Rubin Kazan,,
2023-11-06,18:30 (16:30),Premier League,Matchweek 14,Mon,Away,W,1,0,Ural,33,4829,Igor Vujačić,5-4-1,4-2-3-1,Vasiliy Kazartsev,Match Report,,6,2,,0,0,2023,Rubin Kazan,,
2023-11-12,20:00 (19:00),Premier League,Matchweek 15,Sun,Away,W,2,0,Sochi,46,2992,Igor Vujačić,5-4-1,3-4-3,Sergey Tsyganok,Match Report,,15,4,,0,0,2023,Rubin Kazan,,
2023-11-26,16:30,Premier League,Matchweek 16,Sun,Home,W,1,0,Fakel Voronezh,43,3725,Alyaksandr Martynovich,5-4-1,4-4-2,Evgeny Kukulyak,Match Report,,12,7,,0,0,2023,Rubin Kazan,,
2023-12-04,19:30,Premier League,Matchweek 17,Mon,Away,L,0,1,Dynamo Mosc,47,5138,Alyaksandr Martynovich,3-4-3,4-3-3,Sergey Cyganok,Match Report,,13,3,,0,0,2023,Rubin Kazan,,
2023-12-10,18:45 (19:45),Premier League,Matchweek 18,Sun,Away,W,1,0,FC Baltika Kaliningrad,44,6099,Alyaksandr Martynovich,3-4-3,3-4-3,Vladislav Bezborodov,Match Report,,10,6,,0,0,2023,Rubin Kazan,,
2024-03-02,16:30,Premier League,Matchweek 19,Sat,Away,D,1,1,Krasnodar,43,27019,Igor Vujačić,5-4-1,4-3-3,Aleksey Sukhoy,Match Report,,12,6,,0,0,2023,Rubin Kazan,,
2024-03-09,16:30,Premier League,Matchweek 20,Sat,Home,L,0,1,Nizhny Novgorod,68,6595,Igor Vujačić,3-4-3,5-3-2,Sergey Tsyganok,Match Report,,10,3,,0,0,2023,Rubin Kazan,,
2024-03-31,16:30,Premier League,Matchweek 22,Sun,Home,W,2,1,Akhmat Grozny,46,5024,Igor Vujačić,3-4-3,3-4-3,Vitaly Meshkov,Match Report,,11,2,,0,0,2023,Rubin Kazan,,
2024-04-08,19:00 (17:00),Premier League,Matchweek 23,Mon,Away,L,0,3,Orenburg,45,3510,Igor Vujačić,3-4-3,4-3-3,Vladislav Bezborodov,Match Report,,7,1,,0,0,2023,Rubin Kazan,,
2024-04-14,20:00 (19:00),Premier League,Matchweek 24,Sun,Away,L,0,2,Samara,60,7909,Igor Vujačić,3-4-3,4-4-2,Roman Galimov,Match Report,,12,2,,0,0,2023,Rubin Kazan,,
2024-04-20,14:00,Premier League,Matchweek 25,Sat,Home,D,1,1,Loko Moscow,40,9272,Alyaksandr Martynovich,3-4-3,4-2-3-1,Evgeny Kukulyak,Match Report,,15,4,,0,0,2023,Rubin Kazan,,
2024-04-24,20:30,Premier League,Matchweek 21,Wed,Away,W,2,0,Zenit,29,13037,Alyaksandr Martynovich,5-4-1,4-2-3-1,Artem Chistyakov,Match Report,,8,5,,0,0,2023,Rubin Kazan,,
2024-04-29,15:15,Premier League,Matchweek 26,Mon,Home,D,1,1,Ural,41,5804,Alyaksandr Martynovich,3-4-3,4-2-3-1,Evgeny Bulanov,Match Report,,5,3,,0,0,2023,Rubin Kazan,,
2024-05-06,20:30,Premier League,Matchweek 27,Mon,Away,D,2,2,CSKA Moscow,39,5740,Alyaksandr Martynovich,3-4-3,3-4-3,Vladislav Bezborodov,Match Report,,13,11,,0,0,2023,Rubin Kazan,,
2024-05-11,14:00,Premier League,Matchweek 28,Sat,Home,W,3,1,Rostov,35,5666,Alyaksandr Martynovich,3-4-3,4-3-3,Artem Lyubimov,Match Report,,14,6,,0,0,2023,Rubin Kazan,,
2024-05-19,14:15,Premier League,Matchweek 29,Sun,Away,L,1,3,Spartak Moscow,48,17881,Alyaksandr Martynovich,3-4-3,3-4-1-2,Vladimir Moskalev,Match Report,,13,7,,0,0,2023,Rubin Kazan,,
2024-05-25,16:30,Premier League,Matchweek 30,Sat,Home,D,1,1,Sochi,34,7399,Igor Vujačić,3-4-3,4-3-3,Egor Egorov,Match Report,,10,2,,0,0,2023,Rubin Kazan,,
2023-07-22,20:00,Premier League,Matchweek 1,Sat,Away,W,2,1,Akhmat Grozny,39,4777,Aleksandr Soldatenkov,4-4-2,4-4-2,Sergey Karasev,Match Report,,10,5,,0,0,2023,Samara,,
2023-07-29,16:00 (15:00),Premier League,Matchweek 2,Sat,Home,D,3,3,Dynamo Mosc,53,6189,Aleksandr Soldatenkov,4-4-2,4-2-3-1,Artem Lyubimov,Match Report,,17,7,,1,1,2023,Samara,,
2023-08-05,16:00 (15:00),Premier League,Matchweek 3,Sat,Home,W,5,1,Rostov,35,6125,Aleksandr Soldatenkov,4-2-3-1,4-3-3,Sergey Karasev,Match Report,,11,7,,1,1,2023,Samara,,
2023-08-12,15:00,Premier League,Matchweek 4,Sat,Away,D,1,1,Loko Moscow,49,6763,Aleksandr Soldatenkov,4-2-3-1,4-2-3-1,Pavel Kukuyan,Match Report,,20,8,,0,1,2023,Samara,,
2023-08-18,19:30,Premier League,Matchweek 5,Fri,Away,L,1,2,Rubin Kazan,59,5575,Aleksandr Soldatenkov,4-2-3-1,5-3-2,Sergey Cyganok,Match Report,,7,3,,0,0,2023,Samara,,
2023-08-27,17:30,Premier League,Matchweek 6,Sun,Home,W,2,1,FC Baltika Kaliningrad,47,6890,Aleksandr Soldatenkov,4-2-3-1,5-3-2,Sergey Ivanov,Match Report,,9,3,,0,0,2023,Samara,,
2023-09-02,18:30 (17:30),Premier League,Matchweek 7,Sat,Home,W,3,0,Fakel Voronezh,49,6445,Aleksandr Soldatenkov,4-2-3-1,3-4-3,Evgeny Kukulyak,Match Report,,12,7,,1,1,2023,Samara,,
2023-09-16,14:00,Premier League,Matchweek 8,Sat,Away,D,2,2,CSKA Moscow,48,8109,Aleksandr Soldatenkov,4-2-3-1,3-4-3,Artem Lyubimov,Match Report,,14,4,,0,0,2023,Samara,,
2023-09-23,15:00 (14:00),Premier League,Matchweek 9,Sat,Home,W,2,1,Sochi,40,9651,Glenn Bijl,4-2-3-1,3-4-3,Sergey Ivanov,Match Report,,7,4,,0,0,2023,Samara,,
2023-10-01,17:30 (16:30),Premier League,Matchweek 10,Sun,Home,W,4,0,Spartak Moscow,32,23225,Aleksandr Soldatenkov,4-2-3-1,4-3-3,Rafael Shafeev,Match Report,,12,7,,0,0,2023,Samara,,
2023-10-08,14:00,Premier League,Matchweek 11,Sun,Away,L,0,2,Nizhny Novgorod,71,7967,Aleksandr Soldatenkov,4-2-3-1,5-3-2,Pavel Kukuyan,Match Report,,8,4,,0,0,2023,Samara,,
2023-10-22,16:30,Premier League,Matchweek 12,Sun,Away,L,1,3,Zenit,41,24402,Aleksandr Soldatenkov,4-2-3-1,4-2-3-1,Artem Chistyakov,Match Report,,6,1,,0,0,2023,Samara,,
2023-10-28,17:30 (16:30),Premier League,Matchweek 13,Sat,Home,D,1,1,Orenburg,43,5659,Aleksandr Soldatenkov,4-2-3-1,4-1-4-1,Rafael Shafeev,Match Report,,15,5,,0,0,2023,Samara,,
2023-11-05,14:00,Premier League,Matchweek 14,Sun,Away,L,1,2,Krasnodar,49,31055,Aleksandr Soldatenkov,4-2-3-1,4-1-4-1,Sergey Ivanov,Match Report,,8,2,,0,0,2023,Samara,,
2023-11-11,15:00 (14:00),Premier League,Matchweek 15,Sat,Home,W,3,1,Ural,54,5249,Ivan Lomaev,4-2-3-1,4-2-3-1,Artem Lyubimov,Match Report,,18,9,,1,2,2023,Samara,,
2023-11-25,14:00 (13:00),Premier League,Matchweek 16,Sat,Home,D,3,3,Loko Moscow,58,5924,Aleksandr Soldatenkov,4-2-3-1,4-2-3-1,Vasiliy Kazartsev,Match Report,,16,10,,1,1,2023,Samara,,
2023-12-02,17:30 (16:30),Premier League,Matchweek 17,Sat,Away,W,2,0,Sochi,51,2637,Aleksandr Soldatenkov,4-2-3-1,3-4-3,Vladimir Moskalev,Match Report,,12,6,,1,1,2023,Samara,,
2023-12-09,14:00,Premier League,Matchweek 18,Sat,Away,L,0,3,Spartak Moscow,57,7217,Aleksandr Soldatenkov,4-2-3-1,4-4-2,Pavel Kukuyan,Match Report,,11,3,,0,0,2023,Samara,,
2024-03-01,19:00,Premier League,Matchweek 19,Fri,Away,L,0,2,Rostov,48,8850,Glenn Bijl,4-2-3-1,4-3-3,Evgeny Kukulyak,Match Report,,6,2,,0,0,2023,Samara,,
2024-03-08,15:00 (14:00),Premier League,Matchweek 20,Fri,Home,L,0,2,CSKA Moscow,60,8278,Glenn Bijl,4-4-2,3-4-3,Vitaly Meshkov,Match Report,,8,7,,0,1,2023,Samara,,
2024-03-30,15:00 (14:00),Premier League,Matchweek 22,Sat,Home,D,1,1,Zenit,29,8904,Aleksandr Soldatenkov,4-4-2,4-3-3,Rafael Shafeev,Match Report,,7,1,,0,0,2023,Samara,,
2024-04-06,16:00 (14:00),Premier League,Matchweek 23,Sat,Away,W,2,1,Ural,59,5912,Aleksandr Soldatenkov,4-2-3-1,3-4-3,Pavel Kukuyan,Match Report,,9,4,,1,1,2023,Samara,,
2024-04-14,20:00 (19:00),Premier League,Matchweek 24,Sun,Home,W,2,0,Rubin Kazan,40,7909,Aleksandr Soldatenkov,4-4-2,3-4-3,Roman Galimov,Match Report,,7,3,,0,0,2023,Samara,,
2024-04-20,15:30 (16:30),Premier League,Matchweek 25,Sat,Away,L,1,2,FC Baltika Kaliningrad,51,7400,Georgi Zotov,4-4-2,3-4-3,Sergei Cheban,Match Report,,9,4,,1,1,2023,Samara,,
2024-04-25,18:15,Premier League,Matchweek 21,Thu,Away,W,1,0,Fakel Voronezh,46,10480,Aleksandr Soldatenkov,4-4-2,5-3-2,Pavel Shadykhanov,Match Report,,9,4,,0,0,2023,Samara,,
2024-04-29,14:00 (13:00),Premier League,Matchweek 26,Mon,Home,D,0,0,Krasnodar,47,12217,Aleksandr Soldatenkov,4-4-2,4-2-3-1,Sergey Karasev,Match Report,,14,6,,0,0,2023,Samara,,
2024-05-04,19:00 (17:00),Premier League,Matchweek 27,Sat,Away,L,1,2,Orenburg,55,4229,Aleksandr Soldatenkov,4-4-2,4-3-3,Evgeny Kukulyak,Match Report,,16,6,,0,0,2023,Samara,,
2024-05-10,17:00 (16:00),Premier League,Matchweek 28,Fri,Home,L,0,2,Akhmat Grozny,72,7382,Aleksandr Soldatenkov,4-4-2,5-3-2,Kirill Levnikov,Match Report,,14,2,,0,0,2023,Samara,,
2024-05-18,14:00,Premier League,Matchweek 29,Sat,Away,L,1,4,Dynamo Mosc,58,20608,Aleksandr Soldatenkov,4-4-2,4-1-4-1,Pavel Kukuyan,Match Report,,9,2,,0,0,2023,Samara,,
2024-05-25,17:30 (16:30),Premier League,Matchweek 30,Sat,Home,D,1,1,Nizhny Novgorod,67,12153,Aleksandr Soldatenkov,4-4-2,3-4-3,Aleksey Sukhoy,Match Report,,11,2,,0,0,2023,Samara,,
2023-07-22,20:00,Premier League,Matchweek 1,Sat,Home,L,1,2,Samara,61.0,4777,Andrei Semyonov,4-4-2,4-4-2,Sergey Karasev,Match Report,,21,2,,1,1,2023,Akhmat Grozny,,
2023-07-30,20:00,Premier League,Matchweek 2,Sun,Home,L,2,3,CSKA Moscow,40.0,5612,Andrei Semyonov,4-4-2,3-4-3,Vladislav Bezborodov,Match Report,,14,5,,2,2,2023,Akhmat Grozny,,
2023-08-06,21:00 (20:00),Premier League,Matchweek 3,Sun,Away,W,2,1,Sochi,33.0,5366,Rizvan Utsiyev,4-2-3-1,3-4-3,Pavel Shadykhanov,Match Report,,8,3,,0,0,2023,Akhmat Grozny,,
2023-08-14,19:30,Premier League,Matchweek 4,Mon,Away,L,0,2,Nizhny Novgorod,60.0,7935,Andrei Semyonov,4-2-3-1,5-3-2,Vitaly Meshkov,Match Report,,10,0,,0,0,2023,Akhmat Grozny,,
2023-08-20,20:00,Premier League,Matchweek 5,Sun,Home,W,4,0,Orenburg,34.0,4280,Andrei Semyonov,4-2-3-1,4-3-3,Evgeny Turbin,Match Report,,17,8,,0,0,2023,Akhmat Grozny,,
2023-08-26,19:30,Premier League,Matchweek 6,Sat,Away,D,0,0,Spartak Moscow,38.0,12086,Andrei Semyonov,4-2-3-1,4-3-3,Rafael Shafeev,Match Report,,16,6,,0,0,2023,Akhmat Grozny,,
2023-09-02,15:00 (13:00),Premier League,Matchweek 7,Sat,Away,W,1,0,Ural,45.0,10382,Andrei Semyonov,4-2-3-1,4-2-3-1,Aleksey Amelin,Match Report,,6,2,,1,1,2023,Akhmat Grozny,,
2023-09-16,16:30,Premier League,Matchweek 8,Sat,Home,D,1,1,Krasnodar,36.0,3768,Andrei Semyonov,4-2-3-1,4-3-3,Vladimir Moskalev,Match Report,,12,6,,0,0,2023,Akhmat Grozny,,
2023-09-23,15:30 (16:30),Premier League,Matchweek 9,Sat,Away,L,0,1,FC Baltika Kaliningrad,63.0,9113,Bernard Berisha,4-2-3-1,4-2-3-1,Pavel Shadykhanov,Match Report,,14,4,,0,0,2023,Akhmat Grozny,,
2023-10-01,19:00,Premier League,Matchweek 10,Sun,Home,D,1,1,Dynamo Mosc,46.0,4695,Bernard Berisha,4-3-3,4-2-3-1,Artem Chistyakov,Match Report,,10,2,,0,0,2023,Akhmat Grozny,,
2023-10-08,19:00,Premier League,Matchweek 11,Sun,Home,L,0,1,Rubin Kazan,63.0,5104,Andrei Semyonov,4-3-3,5-4-1,Aleksey Sukhoy,Match Report,,19,4,,0,0,2023,Akhmat Grozny,,
2023-10-22,19:00,Premier League,Matchweek 12,Sun,Away,L,0,3,Rostov,51.0,8707,Bernard Berisha,4-3-3,4-3-3,Kirill Levnikov,Match Report,,17,4,,0,0,2023,Akhmat Grozny,,
2023-10-28,19:00,Premier League,Matchweek 13,Sat,Away,L,1,2,Zenit,35.0,17967,Bernard Berisha,4-2-3-1,4-4-2,Sergey Karasev,Match Report,,12,3,,0,0,2023,Akhmat Grozny,,
2023-11-04,16:30,Premier League,Matchweek 14,Sat,Home,L,1,2,Fakel Voronezh,59.0,4712,Bernard Berisha,4-2-3-1,4-4-2,Sergei Cheban,Match Report,,19,6,,0,0,2023,Akhmat Grozny,,
2023-11-11,16:30,Premier League,Matchweek 15,Sat,Away,L,1,2,Loko Moscow,36.0,5306,Andrei Semyonov,4-2-3-1,4-2-3-1,Evgeny Kukulyak,Match Report,,15,3,,1,1,2023,Akhmat Grozny,,
2023-11-26,14:00 (12:00),Premier League,Matchweek 16,Sun,Away,D,1,1,Orenburg,34.0,2420,Rizvan Utsiyev,4-2-3-1,4-1-4-1,Artem Lyubimov,Match Report,,13,3,,1,1,2023,Akhmat Grozny,,
2023-12-03,19:00,Premier League,Matchweek 17,Sun,Home,W,2,1,Spartak Moscow,36.0,4643,Andrei Semyonov,4-2-3-1,4-4-2,Evgeny Kukulyak,Match Report,,5,4,,0,0,2023,Akhmat Grozny,,
2023-12-09,16:30,Premier League,Matchweek 18,Sat,Home,D,0,0,Rostov,41.0,5091,Andrei Semyonov,4-2-3-1,4-3-3,Yan Bobrovskiy,Match Report,,17,5,,0,0,2023,Akhmat Grozny,,
2024-03-02,19:00,Premier League,Matchweek 19,Sat,Home,W,1,0,Ural,54.0,5819,Andrei Semyonov,3-4-3,5-3-2,Artem Chistyakov,Match Report,,11,2,,0,0,2023,Akhmat Grozny,,
2024-03-09,19:00,Premier League,Matchweek 20,Sat,Away,L,0,2,Dynamo Mosc,37.0,7862,Andrei Semyonov,3-4-3,4-3-3,Evgeny Bulanov,Match Report,,15,4,,0,0,2023,Akhmat Grozny,,
2024-03-31,16:30,Premier League,Matchweek 22,Sun,Away,L,1,2,Rubin Kazan,54.0,5024,Andrei Semyonov,3-4-3,3-4-3,Vitaly Meshkov,Match Report,,8,2,,0,0,2023,Akhmat Grozny,,
2024-04-07,16:30,Premier League,Matchweek 23,Sun,Home,L,0,2,Loko Moscow,33.0,3836,Andrei Semyonov,3-4-3,4-2-3-1,Vasiliy Kazartsev,Match Report,,6,0,,0,0,2023,Akhmat Grozny,,
2024-04-13,16:30,Premier League,Matchweek 24,Sat,Home,L,1,7,FC Baltika Kaliningrad,54.0,4416,Andrei Semyonov,3-4-3,3-4-3,Vladimir Moskalev,Match Report,,20,6,,0,0,2023,Akhmat Grozny,,
2024-04-20,19:30,Premier League,Matchweek 25,Sat,Away,W,2,1,CSKA Moscow,47.0,6980,Andrei Semyonov,5-3-2,3-4-3,Rafael Shafeev,Match Report,,13,4,,0,0,2023,Akhmat Grozny,,
2024-04-25,20:30,Premier League,Matchweek 21,Thu,Home,W,1,0,Sochi,34.0,5790,Giorgi Shelia,5-3-2,4-3-3,Sergey Ivanov,Match Report,,10,3,,0,0,2023,Akhmat Grozny,,
2024-04-28,14:00,Premier League,Matchweek 26,Sun,Home,W,5,1,Nizhny Novgorod,50.0,4480,Andrei Semyonov,5-3-2,5-3-2,Vladislav Bezborodov,Match Report,,19,10,,0,0,2023,Akhmat Grozny,,
2024-05-04,19:30,Premier League,Matchweek 27,Sat,Away,W,1,0,Krasnodar,28.0,22021,Giorgi Shelia,5-3-2,4-2-3-1,Vitaly Meshkov,Match Report,,9,6,,0,0,2023,Akhmat Grozny,,
2024-05-10,17:00 (16:00),Premier League,Matchweek 28,Fri,Away,W,2,0,Samara,29.0,7382,Bernard Berisha,5-3-2,4-4-2,Kirill Levnikov,Match Report,,11,5,,0,0,2023,Akhmat Grozny,,
2024-05-19,19:00,Premier League,Matchweek 29,Sun,Home,L,1,5,Zenit,37.0,5843,Lechi Sadulaev,5-3-2,4-4-2,Sergey Karasev,Match Report,,12,6,,0,0,2023,Akhmat Grozny,,
2024-05-25,16:30,Premier League,Matchweek 30,Sat,Away,L,0,2,Fakel Voronezh,,14018,Rizvan Utsiyev,5-3-2,3-4-3,Artem Chistyakov,Match Report,,0,0,,0,0,2023,Akhmat Grozny,,
2023-07-23,20:00,Premier League,Matchweek 1,Sun,Away,L,1,2,Rostov,36.0,11020,Sergei Bozhin,3-5-2,4-3-3,Pavel Shadykhanov,Match Report,,17,5,,0,0,2023,Fakel Voronezh,,
2023-07-30,17:30,Premier League,Matchweek 2,Sun,Home,L,1,4,Loko Moscow,47.0,13085,Ruslan Magal,3-5-2,4-2-3-1,Vasiliy Kazartsev,Match Report,,18,6,,0,0,2023,Fakel Voronezh,,
2023-08-06,16:30 (17:30),Premier League,Matchweek 3,Sun,Away,L,1,2,FC Baltika Kaliningrad,49.0,11615,Khyzyr Appayev,3-5-2,5-3-2,Aleksey Sukhoy,Match Report,,8,1,,0,0,2023,Fakel Voronezh,,
2023-08-13,17:30,Premier League,Matchweek 4,Sun,Away,L,0,2,Zenit,28.0,19558,Irakli Kvekveskiri,5-3-2,5-3-2,Pavel Shadykhanov,Match Report,,6,1,,0,0,2023,Fakel Voronezh,,
2023-08-20,17:30,Premier League,Matchweek 5,Sun,Home,W,2,0,Nizhny Novgorod,59.0,11746,Irakli Kvekveskiri,3-4-3,5-3-2,Evgeny Bulanov,Match Report,,13,5,,0,0,2023,Fakel Voronezh,,
2023-08-25,20:00,Premier League,Matchweek 6,Fri,Home,D,0,0,Krasnodar,34.0,13471,Irakli Kvekveskiri,3-4-3,4-3-3,Aleksey Amelin,Match Report,,8,4,,0,0,2023,Fakel Voronezh,,
2023-09-02,18:30 (17:30),Premier League,Matchweek 7,Sat,Away,L,0,3,Samara,51.0,6445,Irakli Kvekveskiri,3-4-3,4-2-3-1,Evgeny Kukulyak,Match Report,,7,2,,0,0,2023,Fakel Voronezh,,
2023-09-17,16:00 (14:00),Premier League,Matchweek 8,Sun,Away,D,0,0,Ural,48.0,9316,Irakli Kvekveskiri,4-2-3-1,4-2-3-1,Vladislav Bezborodov,Match Report,,10,3,,0,0,2023,Fakel Voronezh,,
2023-09-25,19:00,Premier League,Matchweek 9,Mon,Home,L,0,1,Rubin Kazan,52.0,11763,Irakli Kvekveskiri,4-2-3-1,5-3-2,Kirill Levnikov,Match Report,,10,2,,0,0,2023,Fakel Voronezh,,
2023-10-01,14:00,Premier League,Matchweek 10,Sun,Home,W,2,0,Sochi,48.0,10877,Irakli Kvekveskiri,4-4-2,3-4-3,Roman Safyan,Match Report,,17,5,,1,1,2023,Fakel Voronezh,,
2023-10-08,16:30,Premier League,Matchweek 11,Sun,Away,D,0,0,Dynamo Mosc,46.0,7920,Irakli Kvekveskiri,4-4-2,4-2-3-1,Evgeny Bulanov,Match Report,,13,4,,0,0,2023,Fakel Voronezh,,
2023-10-21,14:00 (12:00),Premier League,Matchweek 12,Sat,Away,W,2,1,Orenburg,28.0,2551,Irakli Kvekveskiri,4-4-2,4-3-3,Sergey Karasev,Match Report,,13,7,,0,1,2023,Fakel Voronezh,,
2023-10-28,14:00,Premier League,Matchweek 13,Sat,Home,W,2,0,Spartak Moscow,46.0,11612,Irakli Kvekveskiri,4-1-3-2,4-3-3,Vladislav Bezborodov,Match Report,,10,3,,1,1,2023,Fakel Voronezh,,
2023-11-04,16:30,Premier League,Matchweek 14,Sat,Away,W,2,1,Akhmat Grozny,41.0,4712,Irakli Kvekveskiri,4-4-2,4-2-3-1,Sergei Cheban,Match Report,,10,3,,0,0,2023,Fakel Voronezh,,
2023-11-11,14:00,Premier League,Matchweek 15,Sat,Home,D,1,1,CSKA Moscow,61.0,13454,Irakli Kvekveskiri,4-4-2,3-4-3,Aleksey Sukhoy,Match Report,,16,6,,0,0,2023,Fakel Voronezh,,
2023-11-26,16:30,Premier League,Matchweek 16,Sun,Away,L,0,1,Rubin Kazan,57.0,3725,Irakli Kvekveskiri,4-4-2,5-4-1,Evgeny Kukulyak,Match Report,,6,0,,0,0,2023,Fakel Voronezh,,
2023-12-02,14:00,Premier League,Matchweek 17,Sat,Home,D,0,0,FC Baltika Kaliningrad,57.0,8279,Irakli Kvekveskiri,4-4-2,5-3-2,Evgeny Bulanov,Match Report,,7,3,,0,0,2023,Fakel Voronezh,,
2023-12-10,14:00,Premier League,Matchweek 18,Sun,Home,D,1,1,Dynamo Mosc,50.0,6254,Irakli Kvekveskiri,4-4-2,4-3-3,Rafael Shafeev,Match Report,,14,2,,1,1,2023,Fakel Voronezh,,
2024-03-03,14:00,Premier League,Matchweek 19,Sun,Away,D,1,1,Nizhny Novgorod,42.0,5195,Sergei Bozhin,4-1-4-1,5-4-1,Vladislav Bezborodov,Match Report,,6,3,,0,0,2023,Fakel Voronezh,,
2024-03-10,19:00,Premier League,Matchweek 20,Sun,Away,W,2,0,Spartak Moscow,32.0,11640,Irakli Kvekveskiri,4-1-4-1,4-4-2,Artem Lyubimov,Match Report,,6,2,,1,1,2023,Fakel Voronezh,,
2024-03-31,14:00,Premier League,Matchweek 22,Sun,Home,D,0,0,Orenburg,43.0,12255,Irakli Kvekveskiri,4-1-4-1,4-4-2,Evgeny Bulanov,Match Report,,14,1,,0,0,2023,Fakel Voronezh,,
2024-04-07,14:00,Premier League,Matchweek 23,Sun,Away,L,1,4,CSKA Moscow,50.0,8778,Irakli Kvekveskiri,4-4-2,3-4-3,Pavel Shadykhanov,Match Report,,6,1,,0,0,2023,Fakel Voronezh,,
2024-04-14,16:45,Premier League,Matchweek 24,Sun,Home,L,0,1,Rostov,41.0,13744,Irakli Kvekveskiri,4-4-2,4-3-3,Artem Lyubimov,Match Report,,7,1,,0,0,2023,Fakel Voronezh,,
2024-04-19,19:00,Premier League,Matchweek 25,Fri,Away,L,0,2,Krasnodar,30.0,15852,Irakli Kvekveskiri,4-4-2,4-2-3-1,Kirill Levnikov,Match Report,,5,1,,0,0,2023,Fakel Voronezh,,
2024-04-25,18:15,Premier League,Matchweek 21,Thu,Home,L,0,1,Samara,54.0,10480,Irakli Kvekveskiri,5-3-2,4-4-2,Pavel Shadykhanov,Match Report,,13,3,,0,0,2023,Fakel Voronezh,,
2024-04-29,18:30 (17:30),Premier League,Matchweek 26,Mon,Away,D,0,0,Sochi,35.0,4548,Irakli Kvekveskiri,5-3-2,4-3-3,Rafael Shafeev,Match Report,,5,2,,0,0,2023,Fakel Voronezh,,
2024-05-06,18:00,Premier League,Matchweek 27,Mon,Home,D,1,1,Zenit,40.0,12749,Irakli Kvekveskiri,3-4-3,4-3-3,Aleksey Sukhoy,Match Report,,7,2,,1,1,2023,Fakel Voronezh,,
2024-05-12,16:30,Premier League,Matchweek 28,Sun,Home,D,0,0,Ural,46.0,12882,Irakli Kvekveskiri,5-3-2,4-3-3,Vasiliy Kazartsev,Match Report,,8,1,,0,0,2023,Fakel Voronezh,,
2024-05-18,16:30,Premier League,Matchweek 29,Sat,Away,L,0,2,Loko Moscow,51.0,11639,Irakli Kvekveskiri,3-4-3,4-4-2,Vitaly Meshkov,Match Report,,18,7,,0,0,2023,Fakel Voronezh,,
2024-05-25,16:30,Premier League,Matchweek 30,Sat,Home,W,2,0,Akhmat Grozny,,14018,Irakli Kvekveskiri,3-4-3,5-3-2,Artem Chistyakov,Match Report,,2,2,,0,0,2023,Fakel Voronezh,,
2023-07-23,17:30,Premier League,Matchweek 1,Sun,Away,L,2,3,Spartak Moscow,50.0,11466,Vladimir Poluyakhtov,4-3-3,4-1-4-1,Artem Chistyakov,Match Report,,7,4,,0,0,2023,Orenburg,,
2023-07-30,15:00,Premier League,Matchweek 2,Sun,Away,D,1,1,Rubin Kazan,64.0,4822,Vladimir Poluyakhtov,4-3-3,4-4-2,Vitaly Meshkov,Match Report,,17,4,,0,0,2023,Orenburg,,
2023-08-05,19:30 (17:30),Premier League,Matchweek 3,Sat,Home,L,0,2,Ural,59.0,3496,Dmitry Vorobyev,4-3-3,4-3-2-1,Rafael Shafeev,Match Report,,8,2,,0,0,2023,Orenburg,,
2023-08-12,19:30 (17:30),Premier League,Matchweek 4,Sat,Home,L,0,2,Krasnodar,59.0,3901,Renato Gojković,4-3-3,4-3-3,Vasiliy Kazartsev,Match Report,,15,6,,0,0,2023,Orenburg,,
2023-08-20,20:00,Premier League,Matchweek 5,Sun,Away,L,0,4,Akhmat Grozny,67.0,4280,Renato Gojković,4-3-3,4-2-3-1,Evgeny Turbin,Match Report,,15,4,,0,0,2023,Orenburg,,
2023-08-25,19:30 (17:30),Premier League,Matchweek 6,Fri,Home,D,1,1,CSKA Moscow,59.0,4283,Renato Gojković,4-3-3,3-4-3,Kirill Levnikov,Match Report,,13,2,,0,0,2023,Orenburg,,
2023-09-03,15:00 (13:00),Premier League,Matchweek 7,Sun,Home,W,3,0,Sochi,55.0,10382,Mikhail Sivakow,4-3-3,3-4-3,Evgeny Bulanov,Match Report,,16,6,,2,2,2023,Orenburg,,
2023-09-17,19:00,Premier League,Matchweek 8,Sun,Away,W,2,0,Loko Moscow,54.0,5957,Mikhail Sivakow,4-3-3,4-2-3-1,Artur Fedorov,Match Report,,11,4,,0,0,2023,Orenburg,,
2023-09-24,14:00,Premier League,Matchweek 9,Sun,Away,L,1,3,Nizhny Novgorod,54.0,6790,Mikhail Sivakow,4-3-3,5-3-2,Aleksey Sukhoy,Match Report,,8,3,,0,0,2023,Orenburg,,
2023-09-30,14:00 (12:00),Premier League,Matchweek 10,Sat,Home,W,3,1,Zenit,32.0,5482,Renato Gojković,4-3-3,5-3-2,Sergey Ivanov,Match Report,,10,3,,0,0,2023,Orenburg,,
2023-10-07,15:30 (16:30),Premier League,Matchweek 11,Sat,Away,L,0,1,FC Baltika Kaliningrad,70.0,7971,Renato Gojković,4-3-3,5-3-2,Sergey Cyganok,Match Report,,17,2,,0,0,2023,Orenburg,,
2023-10-21,14:00 (12:00),Premier League,Matchweek 12,Sat,Home,L,1,2,Fakel Voronezh,72.0,2551,Renato Gojković,4-3-3,4-4-2,Sergey Karasev,Match Report,,25,8,,0,0,2023,Orenburg,,
2023-10-28,17:30 (16:30),Premier League,Matchweek 13,Sat,Away,D,1,1,Samara,57.0,5659,Mikhail Sivakow,4-1-4-1,4-2-3-1,Rafael Shafeev,Match Report,,16,5,,0,0,2023,Orenburg,,
2023-11-06,16:00 (14:00),Premier League,Matchweek 14,Mon,Home,D,1,1,Rostov,42.0,3256,Mikhail Sivakow,4-1-4-1,4-3-3,Roman Safyan,Match Report,,24,10,,0,0,2023,Orenburg,,
2023-11-12,16:30,Premier League,Matchweek 15,Sun,Away,L,0,2,Dynamo Mosc,48.0,7298,Mikhail Sivakow,4-3-3,4-2-3-1,Pavel Shadykhanov,Match Report,,16,5,,0,0,2023,Orenburg,,
2023-11-26,14:00 (12:00),Premier League,Matchweek 16,Sun,Home,D,1,1,Akhmat Grozny,66.0,2420,Renato Gojković,4-1-4-1,4-2-3-1,Artem Lyubimov,Match Report,,11,4,,0,0,2023,Orenburg,,
2023-12-03,16:30,Premier League,Matchweek 17,Sun,Away,L,1,2,Krasnodar,46.0,16889,Mikhail Sivakow,4-3-3,4-2-3-1,Artem Chistyakov,Match Report,,10,4,,0,0,2023,Orenburg,,
2023-12-10,17:30 (16:30),Premier League,Matchweek 18,Sun,Away,D,1,1,Sochi,59.0,1968,Mikhail Sivakow,4-3-3,3-4-3,Evgeny Kukulyak,Match Report,,9,1,,0,0,2023,Orenburg,,
2024-03-02,14:00,Premier League,Matchweek 19,Sat,Away,D,1,1,CSKA Moscow,48.0,6144,Dmitry Vorobyev,4-3-3,3-4-3,Sergey Ivanov,Match Report,,8,5,,0,0,2023,Orenburg,,
2024-03-10,16:00 (14:00),Premier League,Matchweek 20,Sun,Home,W,1,0,FC Baltika Kaliningrad,50.0,2717,Dmitry Vorobyev,4-4-2,3-4-3,Vladimir Moskalev,Match Report,,9,3,,0,1,2023,Orenburg,,
2024-03-31,14:00,Premier League,Matchweek 22,Sun,Away,D,0,0,Fakel Voronezh,58.0,12255,Dmitry Vorobyev,4-4-2,4-1-4-1,Evgeny Bulanov,Match Report,,10,2,,0,0,2023,Orenburg,,
2024-04-08,19:00 (17:00),Premier League,Matchweek 23,Mon,Home,W,3,0,Rubin Kazan,55.0,3510,Dmitry Vorobyev,4-3-3,3-4-3,Vladislav Bezborodov,Match Report,,14,5,,0,0,2023,Orenburg,,
2024-04-14,14:00 (12:00),Premier League,Matchweek 24,Sun,Home,W,3,1,Nizhny Novgorod,44.0,3956,Vladimir Obukhov,4-3-3,5-3-2,Pavel Shadykhanov,Match Report,,12,6,,0,0,2023,Orenburg,,
2024-04-21,16:15,Premier League,Matchweek 25,Sun,Away,L,0,1,Zenit,38.0,17992,Dmitry Vorobyev,4-3-3,4-2-3-1,Vladislav Bezborodov,Match Report,,11,6,,0,0,2023,Orenburg,,
2024-04-24,18:00 (16:00),Premier League,Matchweek 21,Wed,Home,L,1,2,Dynamo Mosc,56.0,3407,Dmitry Vorobyev,4-3-3,4-2-3-1,Evgeny Bulanov,Match Report,,19,3,,0,0,2023,Orenburg,,
2024-04-29,19:45,Premier League,Matchweek 26,Mon,Away,L,1,2,Rostov,36.0,10209,Dmitry Vorobyev,4-3-3,4-3-3,Sergei Cheban,Match Report,,11,4,,0,0,2023,Orenburg,,
2024-05-04,19:00 (17:00),Premier League,Matchweek 27,Sat,Home,W,2,1,Samara,45.0,4229,Dmitry Vorobyev,4-3-3,4-4-2,Evgeny Kukulyak,Match Report,,17,5,,1,1,2023,Orenburg,,
2024-05-12,16:00 (14:00),Premier League,Matchweek 28,Sun,Home,L,0,2,Loko Moscow,58.0,5388,Dmitry Vorobyev,4-3-3,4-3-3,Yan Bobrovskiy,Match Report,,13,4,,0,0,2023,Orenburg,,
2024-05-19,14:00 (12:00),Premier League,Matchweek 29,Sun,Away,D,3,3,Ural,44.0,10415,Dmitry Vorobyev,4-3-3,4-4-2,Sergei Cheban,Match Report,,14,9,,0,0,2023,Orenburg,,
2024-05-25,18:30 (16:30),Premier League,Matchweek 30,Sat,Home,D,0,0,Spartak Moscow,,8076,Nikolai Sysuyev,4-3-3,3-4-1-2,Sergey Ivanov,Match Report,,0,0,,0,0,2023,Orenburg,,
2023-07-22,15:15,Premier League,Matchweek 1,Sat,Home,L,0,2,Zenit,24.0,12036,Kirill Gotsuk,5-3-2,4-3-3,Sergey Ivanov,Match Report,,5.0,2.0,,0,0,2023,Nizhny Novgorod,,
2023-07-29,19:30 (17:30),Premier League,Matchweek 2,Sat,Away,D,0,0,Ural,55.0,7735,Kirill Gotsuk,5-3-2,3-4-3,Artem Chistyakov,Match Report,,8.0,3.0,,0,0,2023,Nizhny Novgorod,,
2023-08-04,20:00,Premier League,Matchweek 3,Fri,Away,L,0,1,Krasnodar,40.0,12217,Kirill Gotsuk,5-3-2,4-3-3,Artem Lyubimov,Match Report,,8.0,0.0,,0,0,2023,Nizhny Novgorod,,
2023-08-14,19:30,Premier League,Matchweek 4,Mon,Home,W,2,0,Akhmat Grozny,40.0,7935,Kirill Gotsuk,5-3-2,4-2-3-1,Vitaly Meshkov,Match Report,,8.0,2.0,,0,0,2023,Nizhny Novgorod,,
2023-08-20,17:30,Premier League,Matchweek 5,Sun,Away,L,0,2,Fakel Voronezh,41.0,11746,Kirill Gotsuk,5-3-2,3-4-3,Evgeny Bulanov,Match Report,,13.0,1.0,,0,0,2023,Nizhny Novgorod,,
2023-08-26,20:00,Premier League,Matchweek 6,Sat,Home,W,1,0,Rostov,38.0,6697,Kirill Gotsuk,5-3-2,4-3-3,Sergei Cheban,Match Report,,14.0,4.0,,0,1,2023,Nizhny Novgorod,,
2023-09-02,15:15,Premier League,Matchweek 7,Sat,Home,W,2,1,Rubin Kazan,36.0,7374,Kirill Gotsuk,5-3-2,5-3-2,Roman Safyan,Match Report,,7.0,3.0,,1,1,2023,Nizhny Novgorod,,
2023-09-15,19:00,Premier League,Matchweek 8,Fri,Away,D,1,1,Dynamo Mosc,35.0,9287,Kirill Gotsuk,5-3-2,4-2-3-1,Evgeny Kukulyak,Match Report,,14.0,7.0,,0,0,2023,Nizhny Novgorod,,
2023-09-24,14:00,Premier League,Matchweek 9,Sun,Home,W,3,1,Orenburg,46.0,6790,Kirill Gotsuk,5-3-2,4-3-3,Aleksey Sukhoy,Match Report,,19.0,11.0,,0,0,2023,Nizhny Novgorod,,
2023-09-30,14:15,Premier League,Matchweek 10,Sat,Away,L,0,1,Loko Moscow,40.0,6059,Kirill Gotsuk,5-3-2,4-2-3-1,Vladislav Bezborodov,Match Report,,13.0,3.0,,0,0,2023,Nizhny Novgorod,,
2023-10-08,14:00,Premier League,Matchweek 11,Sun,Home,W,2,0,Samara,29.0,7967,Kirill Gotsuk,5-3-2,4-2-3-1,Pavel Kukuyan,Match Report,,11.0,3.0,,0,0,2023,Nizhny Novgorod,,
2023-10-22,14:00,Premier League,Matchweek 12,Sun,Away,L,0,2,Spartak Moscow,33.0,10201,Kirill Gotsuk,5-3-2,4-3-3,Aleksey Amelin,Match Report,,7.0,1.0,,0,0,2023,Nizhny Novgorod,,
2023-10-29,14:00,Premier League,Matchweek 13,Sun,Home,W,1,0,Sochi,37.0,4570,Artur Nigmatullin,5-3-2,3-4-3,Sergey Cyganok,Match Report,,6.0,2.0,,0,0,2023,Nizhny Novgorod,,
2023-11-05,16:30,Premier League,Matchweek 14,Sun,Away,L,2,3,CSKA Moscow,38.0,6096,Kirill Gotsuk,5-3-2,3-4-3,Vladimir Moskalev,Match Report,,8.0,2.0,,0,0,2023,Nizhny Novgorod,,
2023-11-12,14:00,Premier League,Matchweek 15,Sun,Home,D,0,0,FC Baltika Kaliningrad,49.0,5921,Artur Nigmatullin,5-3-2,5-3-2,Sergei Cheban,Match Report,,6.0,1.0,,0,0,2023,Nizhny Novgorod,,
2023-11-26,19:00,Premier League,Matchweek 16,Sun,Away,L,0,1,Rostov,34.0,6941,Kirill Gotsuk,5-3-2,4-3-3,Yan Bobrovskiy,Match Report,,6.0,2.0,,0,0,2023,Nizhny Novgorod,,
2023-12-02,19:30,Premier League,Matchweek 17,Sat,Home,W,1,0,Ural,49.0,3147,Kirill Gotsuk,5-3-2,5-3-2,Evgeny Turbin,Match Report,,7.0,2.0,,0,0,2023,Nizhny Novgorod,,
2023-12-09,19:45,Premier League,Matchweek 18,Sat,Away,L,0,1,Zenit,38.0,24951,Kirill Gotsuk,5-3-2,4-3-3,Sergey Ivanov,Match Report,,8.0,1.0,,0,0,2023,Nizhny Novgorod,,
2024-03-03,14:00,Premier League,Matchweek 19,Sun,Home,D,1,1,Fakel Voronezh,58.0,5195,Kirill Gotsuk,5-4-1,4-1-4-1,Vladislav Bezborodov,Match Report,,10.0,4.0,,0,0,2023,Nizhny Novgorod,,
2024-03-09,16:30,Premier League,Matchweek 20,Sat,Away,W,1,0,Rubin Kazan,32.0,6595,Kirill Gotsuk,5-3-2,3-4-3,Sergey Tsyganok,Match Report,,8.0,2.0,,0,0,2023,Nizhny Novgorod,,
2024-03-30,16:30 (17:30),Premier League,Matchweek 22,Sat,Away,L,0,2,FC Baltika Kaliningrad,52.0,7275,Kirill Gotsuk,5-3-2,3-4-3,Evgeny Kukulyak,Match Report,,15.0,3.0,,0,0,2023,Nizhny Novgorod,,
2024-04-06,16:30,Premier League,Matchweek 23,Sat,Home,L,3,4,Krasnodar,42.0,9104,Artur Nigmatullin,5-3-2,4-3-3,Evgeny Bulanov,Match Report,,21.0,8.0,,0,0,2023,Nizhny Novgorod,,
2024-04-14,14:00 (12:00),Premier League,Matchweek 24,Sun,Away,L,1,3,Orenburg,56.0,3956,Artur Nigmatullin,5-3-2,4-3-3,Pavel Shadykhanov,Match Report,,16.0,5.0,,0,0,2023,Nizhny Novgorod,,
2024-04-21,14:00,Premier League,Matchweek 25,Sun,Home,L,1,4,Dynamo Mosc,40.0,9736,Artur Nigmatullin,5-3-2,4-2-3-1,Artem Chistyakov,Match Report,,6.0,3.0,,1,1,2023,Nizhny Novgorod,,
2024-04-24,18:15,Premier League,Matchweek 21,Wed,Home,L,2,3,Loko Moscow,23.0,6591,Kirill Gotsuk,5-3-2,4-2-3-1,Sergey Cyganok,Match Report,,8.0,5.0,,2,2,2023,Nizhny Novgorod,,
2024-04-28,14:00,Premier League,Matchweek 26,Sun,Away,L,1,5,Akhmat Grozny,50.0,4480,Kirill Gotsuk,5-3-2,5-3-2,Vladislav Bezborodov,Match Report,,5.0,3.0,,0,0,2023,Nizhny Novgorod,,
2024-05-05,19:00,Premier League,Matchweek 27,Sun,Home,D,0,0,Spartak Moscow,23.0,13233,Kirill Gotsuk,5-3-2,3-4-3,Pavel Shadykhanov,Match Report,,6.0,1.0,,0,0,2023,Nizhny Novgorod,,
2024-05-12,20:00 (19:00),Premier League,Matchweek 28,Sun,Away,L,1,6,Sochi,52.0,2725,Artur Nigmatullin,5-4-1,4-3-3,Evgeny Kukulyak,Match Report,,8.0,1.0,,0,0,2023,Nizhny Novgorod,,
2024-05-20,20:00,Premier League,Matchweek 29,Mon,Home,L,2,6,CSKA Moscow,54.0,13361,Kirill Gotsuk,3-4-3,3-4-3,Vasiliy Kazartsev,Match Report,,15.0,6.0,,0,0,2023,Nizhny Novgorod,,
2024-05-25,17:30 (16:30),Premier League,Matchweek 30,Sat,Away,D,1,1,Samara,33.0,12153,Kirill Gotsuk,3-4-3◆,4-4-2,Aleksey Sukhoy,Match Report,,10.0,2.0,,0,0,2023,Nizhny Novgorod,,
2023-07-22,15:00 (13:00),Premier League,Matchweek 1,Sat,Home,W,2,1,CSKA Moscow,34.0,13525,Denys Kulakov,4-2-3-1,3-4-3,Aleksey Amelin,Match Report,,10.0,3.0,,1,1,2023,Ural Yekaterinburg,,
2023-07-29,19:30 (17:30),Premier League,Matchweek 2,Sat,Home,D,0,0,Nizhny Novgorod,45.0,7735,Danijel Miškić,3-4-3,5-3-2,Artem Chistyakov,Match Report,,7.0,1.0,,0,0,2023,Ural Yekaterinburg,,
2023-08-05,19:30 (17:30),Premier League,Matchweek 3,Sat,Away,W,2,0,Orenburg,41.0,3496,Denys Kulakov,4-3-2-1,4-3-3,Rafael Shafeev,Match Report,,13.0,6.0,,1,1,2023,Ural Yekaterinburg,,
2023-08-11,20:00 (18:00),Premier League,Matchweek 4,Fri,Home,W,3,2,Spartak Moscow,37.0,19385,Denys Kulakov,4-4-2,4-2-3-1,Kirill Levnikov,Match Report,,22.0,8.0,,0,1,2023,Ural Yekaterinburg,,
2023-08-19,16:30 (17:30),Premier League,Matchweek 5,Sat,Away,W,1,0,FC Baltika Kaliningrad,45.0,9687,Denys Kulakov,4-2-3-1,5-3-2,Vasiliy Kazartsev,Match Report,,11.0,4.0,,1,1,2023,Ural Yekaterinburg,,
2023-08-26,15:00,Premier League,Matchweek 6,Sat,Away,L,0,4,Zenit,33.0,25723,Denys Kulakov,4-2-3-1,5-3-2,Artem Chistyakov,Match Report,,4.0,0.0,,0,0,2023,Ural Yekaterinburg,,
2023-09-02,15:00 (13:00),Premier League,Matchweek 7,Sat,Home,L,0,1,Akhmat Grozny,55.0,10382,Denys Kulakov,4-2-3-1,4-2-3-1,Aleksey Amelin,Match Report,,21.0,6.0,,0,0,2023,Ural Yekaterinburg,,
2023-09-17,16:00 (14:00),Premier League,Matchweek 8,Sun,Home,D,0,0,Fakel Voronezh,52.0,9316,Denys Kulakov,4-2-3-1,4-2-3-1,Vladislav Bezborodov,Match Report,,16.0,6.0,,0,0,2023,Ural Yekaterinburg,,
2023-09-24,19:00,Premier League,Matchweek 9,Sun,Away,L,0,2,Krasnodar,38.0,16605,Andrei Yegorychev,4-2-3-1,4-3-3,Vitaly Meshkov,Match Report,,6.0,1.0,,0,0,2023,Ural Yekaterinburg,,
2023-09-29,19:00,Premier League,Matchweek 10,Fri,Away,D,2,2,Rostov,37.0,7856,Denys Kulakov,4-3-3,4-3-3,Roman,Match Report,,13.0,4.0,,0,0,2023,Ural Yekaterinburg,,
2023-10-07,14:00 (12:00),Premier League,Matchweek 11,Sat,Home,D,2,2,Loko Moscow,40.0,10505,Denys Kulakov,4-2-3-1,4-2-3-1,Sergey Karasev,Match Report,,14.0,5.0,,0,1,2023,Ural Yekaterinburg,,
2023-10-22,14:00 (12:00),Premier League,Matchweek 12,Sun,Home,L,1,4,Sochi,55.0,7817,Denys Kulakov,4-2-3-1,3-4-3,Vladimir Moskalev,Match Report,,13.0,2.0,,0,0,2023,Ural Yekaterinburg,,
2023-10-29,16:30,Premier League,Matchweek 13,Sun,Away,L,1,2,Dynamo Mosc,50.0,7384,Denys Kulakov,4-2-3-1,4-2-3-1,Sergei Cheban,Match Report,,14.0,5.0,,0,0,2023,Ural Yekaterinburg,,
2023-11-06,18:30 (16:30),Premier League,Matchweek 14,Mon,Home,L,0,1,Rubin Kazan,67.0,4829,Denys Kulakov,4-2-3-1,5-4-1,Vasiliy Kazartsev,Match Report,,21.0,7.0,,0,0,2023,Ural Yekaterinburg,,
2023-11-11,15:00 (14:00),Premier League,Matchweek 15,Sat,Away,L,1,3,Samara,46.0,5249,Denys Kulakov,4-2-3-1,4-2-3-1,Artem Lyubimov,Match Report,,11.0,2.0,,0,0,2023,Ural Yekaterinburg,,
2023-11-26,16:00 (14:00),Premier League,Matchweek 16,Sun,Home,W,3,1,Krasnodar,39.0,5155,Denys Kulakov,4-2-3-1,4-1-4-1,Sergey Ivanov,Match Report,,15.0,6.0,,0,0,2023,Ural Yekaterinburg,,
2023-12-02,19:30,Premier League,Matchweek 17,Sat,Away,L,0,1,Nizhny Novgorod,51.0,3147,Denys Kulakov,5-3-2,5-3-2,Evgeny Turbin,Match Report,,10.0,4.0,,0,0,2023,Ural Yekaterinburg,,
2023-12-08,19:00,Premier League,Matchweek 18,Fri,Away,L,0,2,Loko Moscow,50.0,3289,Andrei Yegorychev,4-2-3-1,4-2-3-1,Artem Chistyakov,Match Report,,5.0,0.0,,0,0,2023,Ural Yekaterinburg,,
2024-03-02,19:00,Premier League,Matchweek 19,Sat,Away,L,0,1,Akhmat Grozny,46.0,5819,Denys Kulakov,5-3-2,3-4-3,Artem Chistyakov,Match Report,,11.0,4.0,,0,0,2023,Ural Yekaterinburg,,
2024-03-09,16:00 (14:00),Premier League,Matchweek 20,Sat,Home,L,1,4,Zenit,35.0,11373,Denys Kulakov,5-3-2,4-3-3,Pavel Kukuyan,Match Report,,9.0,3.0,,0,0,2023,Ural Yekaterinburg,,
2024-03-30,19:00,Premier League,Matchweek 22,Sat,Away,D,0,0,Spartak Moscow,40.0,8554,Denys Kulakov,3-4-3,4-4-2,Vladimir Moskalev,Match Report,,7.0,2.0,,0,0,2023,Ural Yekaterinburg,,
2024-04-06,16:00 (14:00),Premier League,Matchweek 23,Sat,Home,L,1,2,Samara,41.0,5912,Egor Filipenko,3-4-3,4-2-3-1,Pavel Kukuyan,Match Report,,11.0,4.0,,1,1,2023,Ural Yekaterinburg,,
2024-04-14,16:15 (14:15),Premier League,Matchweek 24,Sun,Home,W,2,1,Dynamo Mosc,44.0,9545,Denys Kulakov,4-4-2,4-3-3,Vasiliy Kazartsev,Match Report,,13.0,6.0,,0,0,2023,Ural Yekaterinburg,,
2024-04-21,19:15 (18:15),Premier League,Matchweek 25,Sun,Away,D,2,2,Sochi,35.0,3853,Denys Kulakov,4-4-2,4-3-3,Sergey Karasev,Match Report,,13.0,5.0,,0,0,2023,Ural Yekaterinburg,,
2024-04-25,18:00 (16:00),Premier League,Matchweek 21,Thu,Home,L,0,1,Rostov,51.0,5069,Denys Kulakov,4-4-2,4-3-3,Aleksey Sukhoy,Match Report,,8.0,0.0,,0,0,2023,Ural Yekaterinburg,,
2024-04-29,15:15,Premier League,Matchweek 26,Mon,Away,D,1,1,Rubin Kazan,59.0,5804,Denys Kulakov,4-2-3-1,3-4-3,Evgeny Bulanov,Match Report,,12.0,4.0,,0,0,2023,Ural Yekaterinburg,,
2024-05-06,17:45 (15:45),Premier League,Matchweek 27,Mon,Home,W,2,1,FC Baltika Kaliningrad,56.0,5205,Denys Kulakov,4-3-3,3-4-3,Sergey Ivanov,Match Report,,13.0,4.0,,1,1,2023,Ural Yekaterinburg,,
2024-05-12,16:30,Premier League,Matchweek 28,Sun,Away,D,0,0,Fakel Voronezh,55.0,12882,Denys Kulakov,4-3-3,5-3-2,Vasiliy Kazartsev,Match Report,,7.0,1.0,,0,0,2023,Ural Yekaterinburg,,
2024-05-19,14:00 (12:00),Premier League,Matchweek 29,Sun,Home,D,3,3,Orenburg,56.0,10415,Denys Kulakov,4-4-2,4-3-3,Sergei Cheban,Match Report,,19.0,5.0,,0,0,2023,Ural Yekaterinburg,,
2024-05-25,16:30,Premier League,Matchweek 30,Sat,Away,L,0,2,CSKA Moscow,48.0,10432,Denys Kulakov,4-3-3,3-4-3,Yan Bobrovskiy,Match Report,,14.0,3.0,,0,1,2023,Ural Yekaterinburg,,
2023-07-23,21:00 (20:00),Premier League,Matchweek 1,Sun,Away,L,0,2,Sochi,52,4535,Yan Kazayev,5-3-2,3-4-3,Rafael Shafeev,Match Report,,9,3,,0,0,2023,FC Baltika Kaliningrad,,
2023-07-31,19:30,Premier League,Matchweek 2,Mon,Away,L,1,2,Spartak Moscow,43,10992,Yan Kazayev,5-3-2,4-1-4-1,Pavel Kukuyan,Match Report,,14,7,,0,0,2023,FC Baltika Kaliningrad,,
2023-08-06,16:30 (17:30),Premier League,Matchweek 3,Sun,Home,W,2,1,Fakel Voronezh,51,11615,Yan Kazayev,5-3-2,3-5-2,Aleksey Sukhoy,Match Report,,8,2,,0,0,2023,FC Baltika Kaliningrad,,
2023-08-13,15:00,Premier League,Matchweek 4,Sun,Away,L,0,2,Dynamo Mosc,48,7684,Yan Kazayev,5-3-2,4-2-3-1,Vladimir Moskalev,Match Report,,15,4,,0,0,2023,FC Baltika Kaliningrad,,
2023-08-19,16:30 (17:30),Premier League,Matchweek 5,Sat,Home,L,0,1,Ural,55,9687,Yan Kazayev,5-3-2,4-2-3-1,Vasiliy Kazartsev,Match Report,,18,6,,0,0,2023,FC Baltika Kaliningrad,,
2023-08-27,17:30,Premier League,Matchweek 6,Sun,Away,L,1,2,Samara,54,6890,Yan Kazayev,5-3-2,4-2-3-1,Sergey Ivanov,Match Report,,11,2,,0,0,2023,FC Baltika Kaliningrad,,
2023-09-03,15:15,Premier League,Matchweek 7,Sun,Away,L,2,3,Loko Moscow,55,7652,Aleksandr Vyacheslavovich Zhirov,5-3-2,4-2-3-1,Artem Lyubimov,Match Report,,9,3,,0,0,2023,FC Baltika Kaliningrad,,
2023-09-16,20:15 (21:15),Premier League,Matchweek 8,Sat,Home,D,2,2,Rostov,50,11712,Aleksandr Vyacheslavovich Zhirov,5-3-2,4-3-3,Evgeny Turbin,Match Report,,14,5,,0,0,2023,FC Baltika Kaliningrad,,
2023-09-23,15:30 (16:30),Premier League,Matchweek 9,Sat,Home,W,1,0,Akhmat Grozny,37,9113,Aleksandr Vyacheslavovich Zhirov,4-2-3-1,4-2-3-1,Pavel Shadykhanov,Match Report,,9,4,,0,0,2023,FC Baltika Kaliningrad,,
2023-09-30,19:00,Premier League,Matchweek 10,Sat,Away,L,0,1,CSKA Moscow,46,8135,Ivan Ostojić,5-3-2,4-3-3,Yan Bobrovskiy,Match Report,,8,1,,0,0,2023,FC Baltika Kaliningrad,,
2023-10-07,15:30 (16:30),Premier League,Matchweek 11,Sat,Home,W,1,0,Orenburg,30,7971,Ivan Ostojić,5-3-2,4-3-3,Sergey Cyganok,Match Report,,8,3,,0,0,2023,FC Baltika Kaliningrad,,
2023-10-21,18:00 (19:00),Premier League,Matchweek 12,Sat,Home,D,2,2,Krasnodar,32,10270,Ivan Ostojić,5-3-2,4-1-4-1,Evgeny Kukulyak,Match Report,,13,5,,0,0,2023,FC Baltika Kaliningrad,,
2023-10-27,19:00,Premier League,Matchweek 13,Fri,Away,L,0,1,Rubin Kazan,42,2832,Ivan Ostojić,5-3-2,3-4-3,Yan Bobrovskiy,Match Report,,9,2,,0,0,2023,FC Baltika Kaliningrad,,
2023-11-04,18:00 (19:00),Premier League,Matchweek 14,Sat,Home,L,0,2,Zenit,36,16929,Nathan Gassama,5-3-2,4-4-2,Aleksey Sukhoy,Match Report,,5,1,,0,0,2023,FC Baltika Kaliningrad,,
2023-11-12,14:00,Premier League,Matchweek 15,Sun,Away,D,0,0,Nizhny Novgorod,51,5921,Ivan Ostojić,5-3-2,5-3-2,Sergei Cheban,Match Report,,9,1,,0,0,2023,FC Baltika Kaliningrad,,
2023-11-25,18:45 (19:45),Premier League,Matchweek 16,Sat,Home,L,0,2,Spartak Moscow,53,16267,Ivan Ostojić,5-3-2,4-4-2,Rafael Shafeev,Match Report,,12,4,,0,0,2023,FC Baltika Kaliningrad,,
2023-12-02,14:00,Premier League,Matchweek 17,Sat,Away,D,0,0,Fakel Voronezh,43,8279,Ivan Ostojić,5-3-2,4-4-2,Evgeny Bulanov,Match Report,,5,0,,0,0,2023,FC Baltika Kaliningrad,,
2023-12-10,18:45 (19:45),Premier League,Matchweek 18,Sun,Home,L,0,1,Rubin Kazan,56,6099,Ivan Ostojić,3-4-3,3-4-3,Vladislav Bezborodov,Match Report,,12,2,,0,0,2023,FC Baltika Kaliningrad,,
2024-03-03,18:00 (19:00),Premier League,Matchweek 19,Sun,Home,D,0,0,Sochi,40,10701,Kristijan Bistrović,3-4-3,4-3-3,Rafael Shafeev,Match Report,,12,2,,0,0,2023,FC Baltika Kaliningrad,,
2024-03-10,16:00 (14:00),Premier League,Matchweek 20,Sun,Away,L,0,1,Orenburg,51,2717,Kristijan Bistrović,3-4-3,4-4-2,Vladimir Moskalev,Match Report,,14,6,,0,0,2023,FC Baltika Kaliningrad,,
2024-03-30,16:30 (17:30),Premier League,Matchweek 22,Sat,Home,W,2,0,Nizhny Novgorod,48,7275,Kristijan Bistrović,3-4-3,5-3-2,Evgeny Kukulyak,Match Report,,14,4,,0,0,2023,FC Baltika Kaliningrad,,
2024-04-07,16:30,Premier League,Matchweek 23,Sun,Away,L,0,1,Zenit,35,21798,Kristijan Bistrović,3-4-3,4-3-3,Aleksey Sukhoy,Match Report,,10,3,,0,0,2023,FC Baltika Kaliningrad,,
2024-04-13,16:30,Premier League,Matchweek 24,Sat,Away,W,7,1,Akhmat Grozny,46,4416,Kristijan Bistrović,3-4-3,3-4-3,Vladimir Moskalev,Match Report,,12,9,,0,0,2023,FC Baltika Kaliningrad,,
2024-04-20,15:30 (16:30),Premier League,Matchweek 25,Sat,Home,W,2,1,Samara,49,7400,Kristijan Bistrović,3-4-3,4-4-2,Sergei Cheban,Match Report,,20,5,,0,0,2023,FC Baltika Kaliningrad,,
2024-04-24,20:30,Premier League,Matchweek 21,Wed,Away,L,2,3,Krasnodar,45,14683,Kristijan Bistrović,3-4-3,4-2-3-1,Pavel Kukuyan,Match Report,,12,5,,0,0,2023,FC Baltika Kaliningrad,,
2024-04-28,20:30 (21:30),Premier League,Matchweek 26,Sun,Home,W,3,1,CSKA Moscow,40,14046,Kristijan Bistrović,3-4-3,3-4-3,Yan Bobrovskiy,Match Report,,13,4,,1,1,2023,FC Baltika Kaliningrad,,
2024-05-06,17:45 (15:45),Premier League,Matchweek 27,Mon,Away,L,1,2,Ural,44,5205,Kristijan Bistrović,3-4-3,4-3-3,Sergey Ivanov,Match Report,,14,4,,0,0,2023,FC Baltika Kaliningrad,,
2024-05-11,20:30 (21:30),Premier League,Matchweek 28,Sat,Home,L,2,3,Dynamo Mosc,48,13478,Kristijan Bistrović,3-4-3,4-1-4-1,Evgeny Bulanov,Match Report,,14,2,,0,0,2023,FC Baltika Kaliningrad,,
2024-05-19,16:30,Premier League,Matchweek 29,Sun,Away,L,1,2,Rostov,43,12455,Kristijan Bistrović,3-4-3,4-3-3,Kirill Levnikov,Match Report,,13,4,,0,0,2023,FC Baltika Kaliningrad,,
2024-05-25,15:30 (16:30),Premier League,Matchweek 30,Sat,Home,L,1,3,Loko Moscow,52,16054,Kristijan Bistrović,3-4-3,4-2-3-1,Vladislav Bezborodov,Match Report,,23,8,,1,1,2023,FC Baltika Kaliningrad,,
2023-07-23,21:00 (20:00),Premier League,Matchweek 1,Sun,Home,W,2,0,FC Baltika Kaliningrad,48,4535,Vanja Drkušič,3-4-3,5-3-2,Rafael Shafeev,Match Report,,12,3,,0,0,2023,Sochi,,
2023-07-30,20:00,Premier League,Matchweek 2,Sun,Away,L,0,2,Krasnodar,46,13290,Vanja Drkušič,3-4-3,4-3-3,Vladimir Moskalev,Match Report,,12,5,,0,0,2023,Sochi,,
2023-08-06,21:00 (20:00),Premier League,Matchweek 3,Sun,Home,L,1,2,Akhmat Grozny,67,5366,Vanja Drkušič,3-4-3,4-2-3-1,Pavel Shadykhanov,Match Report,,16,4,,1,1,2023,Sochi,,
2023-08-13,20:00,Premier League,Matchweek 4,Sun,Away,L,1,3,CSKA Moscow,47,7150,Vanja Drkušič,3-4-3,3-4-3,Artem Chistyakov,Match Report,,5,1,,0,0,2023,Sochi,,
2023-08-19,20:00,Premier League,Matchweek 5,Sat,Home,W,4,0,Rostov,49,6299,Vanja Drkušič,3-4-3,4-3-3,Roman,Match Report,,11,6,,0,0,2023,Sochi,,
2023-08-27,20:00,Premier League,Matchweek 6,Sun,Home,L,0,1,Loko Moscow,53,6089,Vanja Drkušič,3-4-3,4-2-3-1,Aleksey Sukhoy,Match Report,,9,0,,0,0,2023,Sochi,,
2023-09-03,15:00 (13:00),Premier League,Matchweek 7,Sun,Away,L,0,3,Orenburg,46,10382,Vanja Drkušič,3-4-3,4-3-3,Evgeny Bulanov,Match Report,,8,1,,0,0,2023,Sochi,,
2023-09-16,20:00 (19:00),Premier League,Matchweek 8,Sat,Away,L,0,1,Spartak Moscow,31,8760,Vanja Drkušič,3-4-3,4-2-3-1,Artem Chistyakov,Match Report,,5,1,,0,0,2023,Sochi,,
2023-09-23,15:00 (14:00),Premier League,Matchweek 9,Sat,Away,L,1,2,Samara,60,9651,Christian Noboa,3-4-3,4-2-3-1,Sergey Ivanov,Match Report,,11,4,,1,1,2023,Sochi,,
2023-10-01,14:00,Premier League,Matchweek 10,Sun,Away,L,0,2,Fakel Voronezh,52,10877,Christian Noboa,3-4-3,4-4-2,Roman Safyan,Match Report,,7,1,,0,0,2023,Sochi,,
2023-10-07,15:00 (14:00),Premier League,Matchweek 11,Sat,Home,L,0,2,Zenit,39,5617,Christian Noboa,3-4-3,4-2-3-1,Vladislav Bezborodov,Match Report,,9,5,,0,0,2023,Sochi,,
2023-10-22,14:00 (12:00),Premier League,Matchweek 12,Sun,Away,W,4,1,Ural,45,7817,Vanja Drkušič,3-4-3,4-2-3-1,Vladimir Moskalev,Match Report,,11,8,,1,1,2023,Sochi,,
2023-10-29,14:00,Premier League,Matchweek 13,Sun,Away,L,0,1,Nizhny Novgorod,63,4570,Vanja Drkušič,3-4-3,5-3-2,Sergey Cyganok,Match Report,,18,5,,0,2,2023,Sochi,,
2023-11-06,20:30 (19:30),Premier League,Matchweek 14,Mon,Home,D,3,3,Dynamo Mosc,49,4200,Vanja Drkušič,3-4-3,4-2-3-1,Vladislav Bezborodov,Match Report,,21,10,,0,1,2023,Sochi,,
2023-11-12,20:00 (19:00),Premier League,Matchweek 15,Sun,Home,L,0,2,Rubin Kazan,54,2992,Vanja Drkušič,3-4-3,5-4-1,Sergey Tsyganok,Match Report,,10,4,,0,0,2023,Sochi,,
2023-11-25,15:15,Premier League,Matchweek 16,Sat,Away,L,0,3,Zenit,36,21964,Vanja Drkušič,3-4-3,3-4-3,Kirill Levnikov,Match Report,,3,1,,0,0,2023,Sochi,,
2023-12-02,17:30 (16:30),Premier League,Matchweek 17,Sat,Home,L,0,2,Samara,49,2637,Nikita Burmistrov,3-4-3,4-2-3-1,Vladimir Moskalev,Match Report,,10,1,,0,0,2023,Sochi,,
2023-12-10,17:30 (16:30),Premier League,Matchweek 18,Sun,Home,D,1,1,Orenburg,41,1968,Christian Noboa,3-4-3,4-3-3,Evgeny Kukulyak,Match Report,,18,2,,0,0,2023,Sochi,,
2024-03-03,18:00 (19:00),Premier League,Matchweek 19,Sun,Away,D,0,0,FC Baltika Kaliningrad,60,10701,Vanja Drkušič,4-3-3,3-4-3,Rafael Shafeev,Match Report,,10,6,,0,0,2023,Sochi,,
2024-03-10,16:30,Premier League,Matchweek 20,Sun,Away,D,2,2,Loko Moscow,50,6024,Vanja Drkušič,4-3-3,4-2-3-1,Sergei Cheban,Match Report,,11,2,,0,0,2023,Sochi,,
2024-03-30,17:30 (16:30),Premier League,Matchweek 22,Sat,Home,D,2,2,CSKA Moscow,59,5681,Marcelo Alves,4-3-3,3-4-3,Vasiliy Kazartsev,Match Report,,15,8,,0,0,2023,Sochi,,
2024-04-06,20:00,Premier League,Matchweek 23,Sat,Away,D,2,2,Rostov,48,13770,Vanja Drkušič,4-3-3,4-3-3,Evgeny Kukulyak,Match Report,,5,2,,0,0,2023,Sochi,,
2024-04-13,14:00,Premier League,Matchweek 24,Sat,Home,W,1,0,Spartak Moscow,48,8855,Vanja Drkušič,4-3-3,4-4-2,Rafael Shafeev,Match Report,,12,4,,0,0,2023,Sochi,,
2024-04-21,19:15 (18:15),Premier League,Matchweek 25,Sun,Home,D,2,2,Ural,65,3853,Marcelo Alves,4-3-3,4-4-2,Sergey Karasev,Match Report,,13,3,,0,0,2023,Sochi,,
2024-04-25,20:30,Premier League,Matchweek 21,Thu,Away,L,0,1,Akhmat Grozny,66,5790,Vanja Drkušič,4-3-3,5-3-2,Sergey Ivanov,Match Report,,6,4,,0,0,2023,Sochi,,
2024-04-29,18:30 (17:30),Premier League,Matchweek 26,Mon,Home,D,0,0,Fakel Voronezh,65,4548,Vanja Drkušič,4-3-3,5-3-2,Rafael Shafeev,Match Report,,22,3,,0,0,2023,Sochi,,
2024-05-05,16:30,Premier League,Matchweek 27,Sun,Away,L,2,3,Dynamo Mosc,57,8240,Marcelo Alves,4-3-3,4-3-3,Artem Chistyakov,Match Report,,13,5,,0,0,2023,Sochi,,
2024-05-12,20:00 (19:00),Premier League,Matchweek 28,Sun,Home,W,6,1,Nizhny Novgorod,48,2725,Vanja Drkušič,4-3-3,5-4-1,Evgeny Kukulyak,Match Report,,18,9,,1,1,2023,Sochi,,
2024-05-18,20:00 (19:00),Premier League,Matchweek 29,Sat,Home,L,2,3,Krasnodar,43,8782,Vanja Drkušič,4-3-3,4-2-3-1,Pavel Shadykhanov,Match Report,,18,10,,0,0,2023,Sochi,,
2024-05-25,16:30,Premier League,Matchweek 30,Sat,Away,D,1,1,Rubin Kazan,66,7399,Vanja Drkušič,4-3-3,3-4-3,Egor Egorov,Match Report,,16,6,,0,0,2023,Sochi,,
2022-07-15,20:00,Premier League,Matchweek 1,Fri,Away,D,1,1,FC Khimki,67,4028,Douglas Santos,4-3-3,3-4-3,Evgeny Kukulyak,Match Report,,7,2,,0,0,2022,Zenit,,
2022-07-22,20:00,Premier League,Matchweek 2,Fri,Home,W,3,0,Samara,62,26701,Dejan Lovren,4-3-3,4-4-2,Artem Chistyakov,Match Report,,15,7,,1,2,2022,Zenit,,
2022-07-30,17:30,Premier League,Matchweek 3,Sat,Home,W,5,0,Loko Moscow,63,35163,Dejan Lovren,4-3-3,4-2-3-1,Sergey Karasev,Match Report,,24,11,,1,1,2022,Zenit,,
2022-08-06,20:00,Premier League,Matchweek 4,Sat,Away,D,0,0,Akhmat Grozny,56,9620,Dejan Lovren,4-3-3,3-4-3,Sergey Ivanov,Match Report,,10,0,,0,0,2022,Zenit,,
2022-08-13,17:00,Premier League,Matchweek 5,Sat,Home,W,2,1,CSKA Moscow,61,51174,Dejan Lovren,4-2-3-1,3-4-3,Pavel Kukuyan,Match Report,,19,8,,0,0,2022,Zenit,,
2022-08-21,17:30,Premier League,Matchweek 6,Sun,Home,W,2,0,Torpedo Moscow,74,33158,Dejan Lovren,4-2-3-1,4-3-3,Aleksey Sukhoy,Match Report,,38,10,,0,0,2022,Zenit,,
2022-08-28,15:00 (13:00),Premier League,Matchweek 7,Sun,Away,W,4,0,Ural,56,8538,Dejan Lovren,4-2-3-1,3-4-3,Pavel Shadykhanov,Match Report,,16,9,,0,0,2022,Zenit,,
2022-09-04,20:00,Premier League,Matchweek 8,Sun,Away,W,2,1,Spartak Moscow,49,14950,Dejan Lovren,4-3-3,4-3-1-2,Pavel Kukuyan,Match Report,,23,7,,0,0,2022,Zenit,,
2022-09-11,17:30,Premier League,Matchweek 9,Sun,Home,W,8,0,Orenburg,58,30943,Dejan Lovren,4-3-3,3-4-1-2,Evgeny Turbin,Match Report,,18,10,,0,0,2022,Zenit,,
2022-09-17,19:00,Premier League,Matchweek 10,Sat,Away,W,2,0,Dynamo Mosc,66,22721,Dejan Lovren,4-3-3,4-3-3,Sergey Karasev,Match Report,,21,7,,0,0,2022,Zenit,,
2022-10-02,16:30,Premier League,Matchweek 11,Sun,Home,W,3,1,Rostov,54,40346,Dejan Lovren,4-3-3,4-3-3,Vladimir Moskalev,Match Report,,21,9,,0,0,2022,Zenit,,
2022-10-08,14:00,Premier League,Matchweek 12,Sat,Away,D,1,1,Fakel Voronezh,79,15967,Dejan Lovren,4-3-3,3-4-1-2,Pavel Kukuyan,Match Report,,23,5,,0,0,2022,Zenit,,
2022-10-16,16:30,Premier League,Matchweek 13,Sun,Away,W,3,0,Nizhny Novgorod,61,16286,Dejan Lovren,4-3-3,3-4-3,Artem Chistyakov,Match Report,,15,6,,0,0,2022,Zenit,,
2022-10-24,20:00,Premier League,Matchweek 14,Mon,Home,W,7,0,Sochi,71,20184,Dejan Lovren,4-3-3,3-4-3,Evgeny Kukulyak,Match Report,,27,13,,0,0,2022,Zenit,,
2022-10-30,19:30,Premier League,Matchweek 15,Sun,Away,W,1,0,Krasnodar,61,33757,Douglas Santos,4-3-3,4-3-3,Vladimir Moskalev,Match Report,,17,4,,1,1,2022,Zenit,,
2022-11-05,16:30,Premier League,Matchweek 16,Sat,Home,L,1,2,Akhmat Grozny,78,34565,Dejan Lovren,4-3-3,4-2-3-1,Pavel Kukuyan,Match Report,,19,6,,0,0,2022,Zenit,,
2022-11-12,16:30,Premier League,Matchweek 17,Sat,Away,W,2,0,Torpedo Moscow,62,7888,Dejan Lovren,4-3-3,3-4-3,Sergey Karasev,Match Report,,17,5,,0,0,2022,Zenit,,
2023-03-04,16:30,Premier League,Matchweek 18,Sat,Home,W,3,0,Nizhny Novgorod,67,19705,Mikhail Kerzhakov,4-3-3,3-4-3,Roman,Match Report,,19,12,,0,1,2022,Zenit,,
2023-03-12,14:00,Premier League,Matchweek 19,Sun,Home,W,3,2,FC Khimki,53,15965,Douglas Santos,4-3-3,3-4-3,Artur Fedorov,Match Report,,15,9,,0,0,2022,Zenit,,
2023-03-19,19:30,Premier League,Matchweek 20,Sun,Away,L,0,1,CSKA Moscow,64,9974,Douglas Santos,4-3-3,3-4-3,Sergey Karasev,Match Report,,12,1,,0,0,2022,Zenit,,
2023-04-01,19:00,Premier League,Matchweek 21,Sat,Home,W,2,0,Ural,66,23966,Douglas Santos,4-3-3,4-3-3,Artem Chistyakov,Match Report,,16,6,,0,0,2022,Zenit,,
2023-04-09,20:00,Premier League,Matchweek 22,Sun,Away,W,2,1,Loko Moscow,57,10859,Douglas Santos,4-3-3,4-2-3-1,Pavel Kukuyan,Match Report,,21,5,,0,0,2022,Zenit,,
2023-04-16,19:00,Premier League,Matchweek 23,Sun,Away,D,0,0,Rostov,59,13711,Douglas Santos,4-3-3,4-3-3,Sergey Karasev,Match Report,,14,1,,0,0,2022,Zenit,,
2023-04-22,19:00,Premier League,Matchweek 24,Sat,Home,W,3,1,Dynamo Mosc,62,27724,Douglas Santos,4-3-3,4-3-3,Vitaly Meshkov,Match Report,,11,8,,1,1,2022,Zenit,,
2023-04-29,15:00 (14:00),Premier League,Matchweek 25,Sat,Away,W,5,1,Samara,64,9612,Douglas Santos,4-3-3,5-4-1,Sergey Ivanov,Match Report,,15,10,,1,1,2022,Zenit,,
2023-05-07,18:00,Premier League,Matchweek 26,Sun,Home,W,3,2,Spartak Moscow,50,44704,Douglas Santos,4-3-3,4-3-3,Pavel Kukuyan,Match Report,,9,3,,0,0,2022,Zenit,,
2023-05-13,16:30,Premier League,Matchweek 27,Sat,Home,D,2,2,Krasnodar,65,25508,Douglas Santos,4-3-3,4-3-3,Roman Safyan,Match Report,,18,5,,0,0,2022,Zenit,,
2023-05-20,18:30 (16:30),Premier League,Matchweek 28,Sat,Away,D,2,2,Orenburg,60,5653,Douglas Santos,4-2-3-1,4-3-3,Aleksey Sukhoy,Match Report,,17,5,,0,0,2022,Zenit,,
2023-05-27,20:00 (19:00),Premier League,Matchweek 29,Sat,Away,D,1,1,Sochi,60,5049,Wílmar Barrios,4-2-3-1,3-4-3,Rafael Shafeev,Match Report,,16,5,,0,0,2022,Zenit,,
2023-06-03,17:00,Premier League,Matchweek 30,Sat,Home,W,1,0,Fakel Voronezh,74,30594,Wílmar Barrios,4-2-3-1,3-4-1-2,Artem Chistyakov,Match Report,,12,2,,0,0,2022,Zenit,,
2022-07-16,15:00,Premier League,Matchweek 1,Sat,Home,W,2,0,Ural,43,6202,Igor Akinfeev,3-4-3,4-2-3-1,Vitaly Meshkov,Match Report,,30,8,,1,1,2022,CSKA Moscow,,
2022-07-23,15:00,Premier League,Matchweek 2,Sat,Home,W,3,0,Sochi,39,9056,Igor Akinfeev,3-4-3,3-4-3,Vladimir Moskalev,Match Report,,9,3,,0,0,2022,CSKA Moscow,,
2022-07-31,15:00,Premier League,Matchweek 3,Sun,Away,D,2,2,Nizhny Novgorod,47,11847,Igor Akinfeev,3-4-3,3-4-3,Vitaly Meshkov,Match Report,,14,3,,0,0,2022,CSKA Moscow,,
2022-08-06,17:30,Premier League,Matchweek 4,Sat,Home,W,4,1,Fakel Voronezh,62,14768,Igor Akinfeev,3-4-3,3-4-1-2,Yan Bobrovskiy,Match Report,,20,7,,1,1,2022,CSKA Moscow,,
2022-08-13,17:00,Premier League,Matchweek 5,Sat,Away,L,1,2,Zenit,39,51174,Igor Akinfeev,3-4-3,4-2-3-1,Pavel Kukuyan,Match Report,,6,1,,1,1,2022,CSKA Moscow,,
2022-08-21,15:00,Premier League,Matchweek 6,Sun,Home,W,4,2,Akhmat Grozny,57,13568,Igor Akinfeev,3-4-3,3-4-3,Sergey Karasev,Match Report,,19,8,,0,0,2022,CSKA Moscow,,
2022-08-28,19:45,Premier League,Matchweek 7,Sun,Away,D,0,0,Rostov,52,8616,Igor Akinfeev,3-4-3,4-3-3,Vitaly Meshkov,Match Report,,10,3,,0,0,2022,CSKA Moscow,,
2022-09-04,16:00 (15:00),Premier League,Matchweek 8,Sun,Away,W,1,0,Samara,59,8357,Igor Akinfeev,3-4-3,5-4-1,Artem Lyubimov,Match Report,,18,6,,0,0,2022,CSKA Moscow,,
2022-09-10,17:30,Premier League,Matchweek 9,Sat,Home,W,4,1,Krasnodar,37,14880,Igor Akinfeev,3-4-3,4-3-3,Sergey Ivanov,Match Report,,14,9,,3,3,2022,CSKA Moscow,,
2022-09-17,14:00,Premier League,Matchweek 10,Sat,Away,L,0,1,Torpedo Moscow,65,8395,Igor Akinfeev,3-4-3,5-4-1,Pavel Shadykhanov,Match Report,,23,1,,0,0,2022,CSKA Moscow,,
2022-10-01,16:30,Premier League,Matchweek 11,Sat,Away,W,2,1,FC Khimki,38,4230,Igor Akinfeev,3-4-3,3-4-3,Pavel Kukuyan,Match Report,,14,5,,1,1,2022,CSKA Moscow,,
2022-10-08,16:30,Premier League,Matchweek 12,Sat,Home,D,1,1,Dynamo Mosc,52,9521,Igor Akinfeev,3-4-3,4-2-3-1,Kirill Levnikov,Match Report,,23,5,,0,0,2022,CSKA Moscow,,
2022-10-16,20:00,Premier League,Matchweek 13,Sun,Home,D,2,2,Spartak Moscow,41,17102,Igor Akinfeev,3-4-3,4-3-3,Sergey Karasev,Match Report,,10,5,,0,0,2022,CSKA Moscow,,
2022-10-23,16:00 (14:00),Premier League,Matchweek 14,Sun,Away,D,2,2,Orenburg,44,7781,Igor Akinfeev,3-4-3,4-3-3,Vladislav Bezborodov,Match Report,,13,7,,0,0,2022,CSKA Moscow,,
2022-10-29,19:00,Premier League,Matchweek 15,Sat,Away,W,1,0,Loko Moscow,37,11035,Igor Akinfeev,3-4-3,4-2-3-1,Artem Lyubimov,Match Report,,10,3,,0,0,2022,CSKA Moscow,,
2022-11-05,19:00,Premier League,Matchweek 16,Sat,Home,L,0,1,Nizhny Novgorod,65,7733,Igor Akinfeev,3-4-3,3-4-3,Sergey Ivanov,Match Report,,14,5,,0,0,2022,CSKA Moscow,,
2022-11-13,19:30,Premier League,Matchweek 17,Sun,Away,L,1,2,Dynamo Mosc,56,25048,Igor Akinfeev,3-4-3,4-3-3,Vladislav Bezborodov,Match Report,,15,5,,0,0,2022,CSKA Moscow,,
2023-03-05,20:30 (19:30),Premier League,Matchweek 18,Sun,Away,L,0,2,Sochi,55,4419,Igor Akinfeev,3-4-3,3-4-3,Vladislav Bezborodov,Match Report,,12,3,,0,0,2022,CSKA Moscow,,
2023-03-12,16:30,Premier League,Matchweek 19,Sun,Home,W,4,0,Samara,52,2680,Igor Akinfeev,3-4-3,4-4-2,Kirill Levnikov,Match Report,,15,6,,0,0,2022,CSKA Moscow,,
2023-03-19,19:30,Premier League,Matchweek 20,Sun,Home,W,1,0,Zenit,36,9974,Igor Akinfeev,3-4-3,4-3-3,Sergey Karasev,Match Report,,11,7,,0,0,2022,CSKA Moscow,,
2023-04-02,16:30,Premier League,Matchweek 21,Sun,Away,W,2,0,Fakel Voronezh,50,13029,Igor Akinfeev,3-4-3,3-4-1-2,Pavel Kukuyan,Match Report,,11,6,,1,1,2022,CSKA Moscow,,
2023-04-09,16:30,Premier League,Matchweek 22,Sun,Home,W,3,0,FC Khimki,60,3970,Anton Zabolotny,3-4-3,3-4-3,Roman,Match Report,,22,8,,0,0,2022,CSKA Moscow,,
2023-04-15,18:30 (16:30),Premier League,Matchweek 23,Sat,Away,W,2,1,Ural,48,9026,Igor Akinfeev,3-4-3,4-3-3,Vladislav Bezborodov,Match Report,,11,6,,1,1,2022,CSKA Moscow,,
2023-04-23,19:30,Premier League,Matchweek 24,Sun,Home,D,1,1,Loko Moscow,61,8315,Igor Akinfeev,3-4-3,4-2-3-1,Sergey Karasev,Match Report,,26,10,,0,0,2022,CSKA Moscow,,
2023-04-29,16:30,Premier League,Matchweek 25,Sat,Away,W,3,1,Akhmat Grozny,44,4527,Igor Akinfeev,3-4-3,4-2-3-1,Aleksey Amelin,Match Report,,11,5,,0,0,2022,CSKA Moscow,,
2023-05-07,16:30,Premier League,Matchweek 26,Sun,Home,W,2,1,Orenburg,50,3961,Igor Akinfeev,3-4-3,4-3-3,Vladimir Moskalev,Match Report,,17,7,,0,0,2022,CSKA Moscow,,
2023-05-13,19:00,Premier League,Matchweek 27,Sat,Home,W,3,0,Torpedo Moscow,61,4406,Igor Akinfeev,3-4-3,3-5-2,Vitaly Meshkov,Match Report,,17,5,,1,1,2022,CSKA Moscow,,
2023-05-21,16:30,Premier League,Matchweek 28,Sun,Away,L,1,2,Spartak Moscow,47,24679,Igor Akinfeev,3-4-3,3-4-3,Sergey Karasev,Match Report,,12,5,,0,0,2022,CSKA Moscow,,
2023-05-27,19:00,Premier League,Matchweek 29,Sat,Away,D,0,0,Krasnodar,44,23750,Igor Akinfeev,3-4-3,4-4-2,Kirill Levnikov,Match Report,,15,4,,0,0,2022,CSKA Moscow,,
2023-06-03,17:00,Premier League,Matchweek 30,Sat,Home,W,4,1,Rostov,48,10604,Igor Akinfeev,3-4-3,4-3-3,Pavel Kukuyan,Match Report,,17,7,,1,1,2022,CSKA Moscow,,
2022-07-16,20:00,Premier League,Matchweek 1,Sat,Away,D,1,1,Akhmat Grozny,56,8051,Georgi Dzhikiya,4-3-3,4-2-3-1,Vladislav Bezborodov,Match Report,,13,2,,0,0,2022,Spartak Moscow,,
2022-07-23,20:00,Premier League,Matchweek 2,Sat,Away,W,4,1,Krasnodar,46,28738,Georgi Dzhikiya,3-5-2,4-2-3-1,Kirill Levnikov,Match Report,,19,8,,0,0,2022,Spartak Moscow,,
2022-07-31,17:30,Premier League,Matchweek 3,Sun,Home,W,4,1,Orenburg,56,11303,Roman Zobnin,4-3-3,4-1-4-1,Artem Chistyakov,Match Report,,24,10,,0,1,2022,Spartak Moscow,,
2022-08-06,17:00 (15:00),Premier League,Matchweek 4,Sat,Away,W,2,0,Ural,52,8931,Roman Zobnin,4-3-3,5-4-1,Pavel Kukuyan,Match Report,,26,11,,0,0,2022,Spartak Moscow,,
2022-08-14,20:00,Premier League,Matchweek 5,Sun,Home,W,3,0,Sochi,48,11559,Georgi Dzhikiya,4-3-3,3-4-3,Vitaly Meshkov,Match Report,,16,7,,0,0,2022,Spartak Moscow,,
2022-08-20,17:30,Premier League,Matchweek 6,Sat,Away,L,0,1,Dynamo Mosc,68,25249,Georgi Dzhikiya,4-3-3,4-3-3,Pavel Kukuyan,Match Report,,18,5,,0,0,2022,Spartak Moscow,,
2022-08-27,17:30,Premier League,Matchweek 7,Sat,Away,W,4,1,Fakel Voronezh,61,20000,Georgi Dzhikiya,4-3-3,3-4-1-2,Artem Lyubimov,Match Report,,24,9,,0,0,2022,Spartak Moscow,,
2022-09-04,20:00,Premier League,Matchweek 8,Sun,Home,L,1,2,Zenit,52,14950,Georgi Dzhikiya,4-3-1-2,4-3-3,Pavel Kukuyan,Match Report,,8,3,,0,0,2022,Spartak Moscow,,
2022-09-11,19:45,Premier League,Matchweek 9,Sun,Away,L,2,4,Rostov,60,10797,Georgi Dzhikiya,4-3-1-2,4-3-3,Sergey Karasev,Match Report,,18,7,,0,0,2022,Spartak Moscow,,
2022-09-18,19:00,Premier League,Matchweek 10,Sun,Home,W,1,0,Loko Moscow,51,13969,Georgi Dzhikiya,4-3-1-2,4-2-3-1,Kirill Levnikov,Match Report,,22,6,,0,0,2022,Spartak Moscow,,
2022-10-02,19:00,Premier League,Matchweek 11,Sun,Away,W,2,1,Nizhny Novgorod,66,14363,Georgi Dzhikiya,4-3-3,3-4-3,Evgeny Kukulyak,Match Report,,17,7,,1,1,2022,Spartak Moscow,,
2022-10-09,14:00,Premier League,Matchweek 12,Sun,Home,W,5,2,Samara,59,12222,Georgi Dzhikiya,4-3-1-2,4-2-3-1,Vasiliy Kazartsev,Match Report,,14,5,,0,0,2022,Spartak Moscow,,
2022-10-16,20:00,Premier League,Matchweek 13,Sun,Away,D,2,2,CSKA Moscow,59,17102,Georgi Dzhikiya,4-3-3,3-4-3,Sergey Karasev,Match Report,,5,4,,0,0,2022,Spartak Moscow,,
2022-10-23,16:30,Premier League,Matchweek 14,Sun,Home,W,5,0,FC Khimki,43,10631,Georgi Dzhikiya,4-1-3-2,4-3-3,Artem Lyubimov,Match Report,,22,10,,0,0,2022,Spartak Moscow,,
2022-10-30,16:30,Premier League,Matchweek 15,Sun,Home,W,1,0,Torpedo Moscow,65,13457,Georgi Dzhikiya,4-3-3,3-4-3,Sergey Ivanov,Match Report,,15,8,,0,0,2022,Spartak Moscow,,
2022-11-05,15:00 (14:00),Premier League,Matchweek 16,Sat,Away,D,1,1,Sochi,52,6172,Georgi Dzhikiya,4-3-3,3-4-3,Artem Chistyakov,Match Report,,14,2,,0,0,2022,Spartak Moscow,,
2022-11-12,19:30,Premier League,Matchweek 17,Sat,Away,W,2,1,Loko Moscow,52,14273,Georgi Dzhikiya,4-3-2-1,3-1-4-2,Vladimir Moskalev,Match Report,,12,7,,1,1,2022,Spartak Moscow,,
2023-03-04,14:00,Premier League,Matchweek 18,Sat,Home,D,2,2,Ural,71,4281,Roman Zobnin,4-3-3,4-3-3,Vitaly Meshkov,Match Report,,19,7,,0,0,2022,Spartak Moscow,,
2023-03-11,16:30,Premier League,Matchweek 19,Sat,Home,W,3,2,Fakel Voronezh,73,5002,Georgi Dzhikiya,4-3-3,3-5-2,Vladislav Bezborodov,Match Report,,22,10,,0,0,2022,Spartak Moscow,,
2023-03-18,14:00 (12:00),Premier League,Matchweek 20,Sat,Away,L,0,2,Orenburg,67,4744,Georgi Dzhikiya,4-3-3,4-3-3,Pavel Kukuyan,Match Report,,15,1,,0,0,2022,Spartak Moscow,,
2023-04-01,16:30,Premier League,Matchweek 21,Sat,Home,D,0,0,Akhmat Grozny,71,5849,Roman Zobnin,4-4-2,4-2-3-1,Aleksey Sukhoy,Match Report,,19,6,,0,0,2022,Spartak Moscow,,
2023-04-08,19:30,Premier League,Matchweek 22,Sat,Home,D,3,3,Dynamo Mosc,58,8985,Roman Zobnin,4-3-1-2,4-3-3,Sergey Ivanov,Match Report,,20,7,,1,1,2022,Spartak Moscow,,
2023-04-15,19:00,Premier League,Matchweek 23,Sat,Away,W,2,1,Torpedo Moscow,53,4154,Roman Zobnin,4-4-2◆,4-3-1-2,Pavel Shadykhanov,Match Report,,17,7,,1,3,2022,Spartak Moscow,,
2023-04-24,19:00,Premier League,Matchweek 24,Mon,Home,W,4,3,Krasnodar,50,6083,Georgi Dzhikiya,3-4-1-2,4-3-3,Vladislav Bezborodov,Match Report,,16,7,,1,1,2022,Spartak Moscow,,
2023-04-29,19:30,Premier League,Matchweek 25,Sat,Home,D,1,1,Rostov,54,10568,Georgi Dzhikiya,3-4-1-2,4-3-3,Kirill Levnikov,Match Report,,18,6,,0,0,2022,Spartak Moscow,,
2023-05-07,18:00,Premier League,Matchweek 26,Sun,Away,L,2,3,Zenit,50,44704,Roman Zobnin,4-3-3,4-3-3,Pavel Kukuyan,Match Report,,16,4,,1,1,2022,Spartak Moscow,,
2023-05-13,14:00,Premier League,Matchweek 27,Sat,Away,D,1,1,FC Khimki,63,3019,Quincy Promes,4-3-3,3-5-2,Evgeny Kukulyak,Match Report,,19,8,,0,0,2022,Spartak Moscow,,
2023-05-21,16:30,Premier League,Matchweek 28,Sun,Home,W,2,1,CSKA Moscow,53,24679,Georgi Dzhikiya,3-4-3,3-4-3,Sergey Karasev,Match Report,,13,7,,0,1,2022,Spartak Moscow,,
2023-05-28,14:00,Premier League,Matchweek 29,Sun,Home,D,0,0,Nizhny Novgorod,75,10145,Georgi Dzhikiya,4-2-3-1,3-5-2,Artem Lyubimov,Match Report,,25,2,,0,0,2022,Spartak Moscow,,
2023-06-03,18:00 (17:00),Premier League,Matchweek 30,Sat,Away,L,0,1,Samara,71,18196,Roman Zobnin,4-3-2-1,3-4-3,Aleksey Amelin,Match Report,,18,6,,0,1,2022,Spartak Moscow,,
2022-07-17,20:00,Premier League,Matchweek 1,Sun,Away,D,1,1,Dynamo Mosc,67,15124,Danil Glebov,4-3-3,4-3-3,Pavel Kukuyan,Match Report,,13,4,,0,0,2022,Rostov,,
2022-07-24,20:00,Premier League,Matchweek 2,Sun,Away,D,2,2,Loko Moscow,54,9435,Danil Glebov,4-3-3,4-2-3-1,Aleksey Sukhoy,Match Report,,7,3,,0,0,2022,Rostov,,
2022-07-31,20:00,Premier League,Matchweek 3,Sun,Home,W,1,0,FC Khimki,58,5313,Danil Glebov,3-4-3,3-4-3,Vladislav Bezborodov,Match Report,,12,3,,0,0,2022,Rostov,,
2022-08-07,20:00,Premier League,Matchweek 4,Sun,Home,W,2,1,Orenburg,59,4458,Danil Glebov,4-3-3,4-1-4-1,Vasiliy Kazartsev,Match Report,,17,6,,2,2,2022,Rostov,,
2022-08-14,17:30,Premier League,Matchweek 5,Sun,Away,W,4,3,Nizhny Novgorod,54,5784,Danil Glebov,4-3-3,3-4-3,Pavel Shadykhanov,Match Report,,8,4,,1,1,2022,Rostov,,
2022-08-20,20:00,Premier League,Matchweek 6,Sat,Home,D,2,2,Sochi,50,5837,Danil Glebov,4-3-3,3-4-3,Vladislav Bezborodov,Match Report,,18,7,,0,2,2022,Rostov,,
2022-08-28,19:45,Premier League,Matchweek 7,Sun,Home,D,0,0,CSKA Moscow,48,8616,Danil Glebov,4-3-3,3-4-3,Vitaly Meshkov,Match Report,,12,4,,0,0,2022,Rostov,,
2022-09-05,20:00,Premier League,Matchweek 8,Mon,Away,W,1,0,Torpedo Moscow,55,1093,Danil Glebov,4-3-3,5-4-1,Yan Bobrovskiy,Match Report,,27,10,,1,1,2022,Rostov,,
2022-09-11,19:45,Premier League,Matchweek 9,Sun,Home,W,4,2,Spartak Moscow,40,10797,Danil Glebov,4-3-3,4-3-1-2,Sergey Karasev,Match Report,,10,5,,1,1,2022,Rostov,,
2022-09-17,16:30,Premier League,Matchweek 10,Sat,Home,W,2,1,Samara,46,5200,Danil Glebov,4-3-3,4-4-2,Pavel Kukuyan,Match Report,,10,3,,1,1,2022,Rostov,,
2022-10-02,16:30,Premier League,Matchweek 11,Sun,Away,L,1,3,Zenit,46,40346,Danil Glebov,4-3-3,4-3-3,Vladimir Moskalev,Match Report,,7,2,,0,0,2022,Rostov,,
2022-10-09,19:00,Premier League,Matchweek 12,Sun,Home,W,3,2,Krasnodar,53,8325,Danil Glebov,4-3-3,4-3-3,Vitaly Meshkov,Match Report,,23,10,,1,1,2022,Rostov,,
2022-10-14,19:30,Premier League,Matchweek 13,Fri,Home,L,1,2,Ural,52,4480,Danil Glebov,4-3-3,4-2-3-1,Evgeny Turbin,Match Report,,7,1,,1,1,2022,Rostov,,
2022-10-22,16:30,Premier League,Matchweek 14,Sat,Away,D,1,1,Fakel Voronezh,52,13980,Danil Glebov,4-3-3,3-4-1-2,Pavel Shadykhanov,Match Report,,17,6,,0,0,2022,Rostov,,
2022-10-29,16:30,Premier League,Matchweek 15,Sat,Away,W,2,1,Akhmat Grozny,56,8047,Danil Glebov,4-1-4-1,4-2-3-1,Vladislav Bezborodov,Match Report,,14,3,,0,0,2022,Rostov,,
2022-11-06,19:00,Premier League,Matchweek 16,Sun,Home,W,2,1,Dynamo Mosc,47,5214,Danil Glebov,4-1-4-1,4-1-4-1,Vladimir Moskalev,Match Report,,4,4,,0,0,2022,Rostov,,
2022-11-12,15:00 (14:00),Premier League,Matchweek 17,Sat,Away,W,3,1,Samara,53,4046,Danil Glebov,4-1-4-1,4-4-2,Artem Lyubimov,Match Report,,8,4,,1,1,2022,Rostov,,
2023-03-04,19:30,Premier League,Matchweek 18,Sat,Home,L,1,3,Loko Moscow,43,4907,Danil Glebov,3-4-3,3-1-4-2,Sergey Karasev,Match Report,,14,5,,0,0,2022,Rostov,,
2023-03-12,19:30,Premier League,Matchweek 19,Sun,Home,W,2,1,Nizhny Novgorod,65,4394,Danil Glebov,4-3-3,3-4-3,Anton Frolov,Match Report,,10,5,,1,1,2022,Rostov,,
2023-03-19,14:00,Premier League,Matchweek 20,Sun,Away,W,1,0,FC Khimki,51,696,Danil Glebov,4-3-3,4-3-3,Vladimir Moskalev,Match Report,,16,6,,1,1,2022,Rostov,,
2023-04-02,19:00,Premier League,Matchweek 21,Sun,Home,W,2,1,Torpedo Moscow,38,6300,Danil Glebov,4-3-3,4-4-2,Aleksey Amelin,Match Report,,16,9,,0,1,2022,Rostov,,
2023-04-10,19:00 (17:00),Premier League,Matchweek 22,Mon,Away,D,2,2,Orenburg,48,4581,Khoren Bayramyan,3-4-3,4-3-3,Roman Safyan,Match Report,,12,5,,0,0,2022,Rostov,,
2023-04-16,19:00,Premier League,Matchweek 23,Sun,Home,D,0,0,Zenit,42,13711,Danil Glebov,4-3-3,4-3-3,Sergey Karasev,Match Report,,10,4,,0,0,2022,Rostov,,
2023-04-23,14:00 (12:00),Premier League,Matchweek 24,Sun,Away,W,3,1,Ural,50,5561,Danil Glebov,4-3-3,4-3-3,Pavel Kukuyan,Match Report,,11,6,,1,1,2022,Rostov,,
2023-04-29,19:30,Premier League,Matchweek 25,Sat,Away,D,1,1,Spartak Moscow,46,10568,Danil Glebov,4-3-3,3-4-1-2,Kirill Levnikov,Match Report,,8,2,,0,0,2022,Rostov,,
2023-05-06,19:00,Premier League,Matchweek 26,Sat,Home,L,0,2,Fakel Voronezh,64,11010,Danil Glebov,4-3-3,3-4-1-2,Evgeny Kukulyak,Match Report,,11,1,,0,0,2022,Rostov,,
2023-05-14,20:00 (19:00),Premier League,Matchweek 27,Sun,Away,L,0,1,Sochi,47,2787,Danil Glebov,4-3-3,3-4-3,Yan Bobrovskiy,Match Report,,7,5,,0,0,2022,Rostov,,
2023-05-21,19:00,Premier League,Matchweek 28,Sun,Away,L,0,3,Krasnodar,49,17069,Danil Glebov,4-3-3,4-3-3,Artem Lyubimov,Match Report,,5,1,,0,0,2022,Rostov,,
2023-05-28,19:00,Premier League,Matchweek 29,Sun,Home,W,3,2,Akhmat Grozny,60,9717,Danil Glebov,4-3-3,4-2-3-1,Vitaly Meshkov,Match Report,,15,9,,0,0,2022,Rostov,,
2023-06-03,17:00,Premier League,Matchweek 30,Sat,Away,L,1,4,CSKA Moscow,52,10604,Khoren Bayramyan,4-3-3,3-4-3,Pavel Kukuyan,Match Report,,7,1,,0,0,2022,Rostov,,
2022-07-16,20:00,Premier League,Matchweek 1,Sat,Home,D,1,1,Spartak Moscow,44,8051,Andrei Semyonov,4-2-3-1,4-3-3,Vladislav Bezborodov,Match Report,,17,7,,0,0,2022,Akhmat Grozny,,
2022-07-24,20:00,Premier League,Matchweek 2,Sun,Home,W,2,1,Fakel Voronezh,48,8550,Andrei Semyonov,4-2-3-1,3-5-2,Aleksey Amelin,Match Report,,13,6,,0,0,2022,Akhmat Grozny,,
2022-07-30,20:00,Premier League,Matchweek 3,Sat,Away,L,1,2,Sochi,39,3772,Andrei Semyonov,3-4-3,3-1-4-2,Artem Lyubimov,Match Report,,11,5,,0,0,2022,Akhmat Grozny,,
2022-08-06,20:00,Premier League,Matchweek 4,Sat,Home,D,0,0,Zenit,44,9620,Zoran Nižić,3-4-3,4-3-3,Sergey Ivanov,Match Report,,13,6,,0,0,2022,Akhmat Grozny,,
2022-08-14,15:00,Premier League,Matchweek 5,Sun,Away,W,3,1,FC Khimki,43,1250,Zoran Nižić,3-4-3,3-4-3,Kirill Levnikov,Match Report,,21,9,,0,0,2022,Akhmat Grozny,,
2022-08-21,15:00,Premier League,Matchweek 6,Sun,Away,L,2,4,CSKA Moscow,43,13568,Zoran Nižić,3-4-3,3-4-3,Sergey Karasev,Match Report,,11,4,,0,0,2022,Akhmat Grozny,,
2022-08-27,20:00,Premier League,Matchweek 7,Sat,Home,L,1,2,Samara,41,7753,Bernard Berisha,3-4-3,4-4-2,Anton Frolov,Match Report,,8,2,,0,0,2022,Akhmat Grozny,,
2022-09-04,17:30,Premier League,Matchweek 8,Sun,Away,W,2,1,Loko Moscow,29,7862,Rizvan Utsiyev,4-2-3-1,4-2-3-1,Evgeny Turbin,Match Report,,5,4,,0,0,2022,Akhmat Grozny,,
2022-09-10,19:45,Premier League,Matchweek 9,Sat,Home,L,1,3,Nizhny Novgorod,57,7710,Rizvan Utsiyev,4-2-3-1,3-4-3,Pavel Shadykhanov,Match Report,,16,4,,0,1,2022,Akhmat Grozny,,
2022-09-17,14:00 (12:00),Premier League,Matchweek 10,Sat,Away,W,2,1,Ural,40,2888,Rizvan Utsiyev,4-2-3-1,4-2-3-1,Evgeny Kukulyak,Match Report,,13,6,,0,0,2022,Akhmat Grozny,,
2022-10-02,19:00,Premier League,Matchweek 11,Sun,Home,W,2,1,Dynamo Mosc,41,8157,Rizvan Utsiyev,4-2-3-1,4-3-3,Vladislav Bezborodov,Match Report,,10,6,,0,0,2022,Akhmat Grozny,,
2022-10-09,18:30 (16:30),Premier League,Matchweek 12,Sun,Away,L,1,2,Orenburg,48,4512,Bernard Berisha,4-2-3-1,3-4-3,Vladimir Moskalev,Match Report,,17,4,,0,0,2022,Akhmat Grozny,,
2022-10-15,16:30,Premier League,Matchweek 13,Sat,Away,W,3,2,Krasnodar,38,20139,Bernard Berisha,4-2-3-1,4-3-3,Yan Bobrovskiy,Match Report,,13,6,,1,1,2022,Akhmat Grozny,,
2022-10-23,19:00,Premier League,Matchweek 14,Sun,Home,W,1,0,Torpedo Moscow,53,7120,Andrei Semyonov,4-2-3-1,3-4-3,Artem Chistyakov,Match Report,,14,6,,0,0,2022,Akhmat Grozny,,
2022-10-29,16:30,Premier League,Matchweek 15,Sat,Home,L,1,2,Rostov,44,8047,Andrei Semyonov,4-2-3-1,4-1-4-1,Vladislav Bezborodov,Match Report,,16,3,,0,0,2022,Akhmat Grozny,,
2022-11-05,16:30,Premier League,Matchweek 16,Sat,Away,W,2,1,Zenit,23,34565,Andrei Semyonov,4-2-3-1,4-3-3,Pavel Kukuyan,Match Report,,9,2,,0,0,2022,Akhmat Grozny,,
2022-11-11,19:00,Premier League,Matchweek 17,Fri,Away,L,2,3,Nizhny Novgorod,57,4133,Bernard Berisha,4-2-3-1,3-4-3,Aleksey Amelin,Match Report,,14,6,,0,0,2022,Akhmat Grozny,,
2023-03-04,16:30,Premier League,Matchweek 18,Sat,Home,W,3,1,Orenburg,55,4100,Rizvan Utsiyev,4-2-3-1,4-3-3,Evgeny Turbin,Match Report,,26,7,,1,1,2022,Akhmat Grozny,,
2023-03-11,16:30,Premier League,Matchweek 19,Sat,Home,L,0,1,Loko Moscow,64,6322,Rizvan Utsiyev,4-2-3-1,4-2-3-1,Pavel Kukuyan,Match Report,,23,5,,0,0,2022,Akhmat Grozny,,
2023-03-19,17:30 (16:30),Premier League,Matchweek 20,Sun,Away,W,1,0,Samara,48,2324,Rizvan Utsiyev,4-2-3-1,4-4-2,Rafael Shafeev,Match Report,,12,3,,0,0,2022,Akhmat Grozny,,
2023-04-01,16:30,Premier League,Matchweek 21,Sat,Away,D,0,0,Spartak Moscow,29,5849,Rizvan Utsiyev,4-2-3-1,4-4-2,Aleksey Sukhoy,Match Report,,2,1,,0,0,2022,Akhmat Grozny,,
2023-04-08,16:30,Premier League,Matchweek 22,Sat,Home,W,2,0,Ural,42,3965,Rizvan Utsiyev,4-2-3-1,4-3-3,Pavel Shadykhanov,Match Report,,9,5,,0,0,2022,Akhmat Grozny,,
2023-04-16,16:30,Premier League,Matchweek 23,Sun,Away,D,1,1,Fakel Voronezh,45,8885,Rizvan Utsiyev,4-2-3-1,3-4-1-2,Roman,Match Report,,11,4,,0,0,2022,Akhmat Grozny,,
2023-04-23,16:30,Premier League,Matchweek 24,Sun,Home,W,1,0,Sochi,45,4431,Rizvan Utsiyev,4-2-3-1,3-4-3,Artur Fedorov,Match Report,,17,6,,0,0,2022,Akhmat Grozny,,
2023-04-29,16:30,Premier League,Matchweek 25,Sat,Home,L,1,3,CSKA Moscow,56,4527,Andrei Semyonov,4-2-3-1,3-4-3,Aleksey Amelin,Match Report,,15,3,,0,0,2022,Akhmat Grozny,,
2023-05-06,16:30,Premier League,Matchweek 26,Sat,Away,W,5,1,Torpedo Moscow,39,647,Andrei Semyonov,4-2-3-1,4-3-3,Evgeny Turbin,Match Report,,23,10,,0,0,2022,Akhmat Grozny,,
2023-05-14,16:30,Premier League,Matchweek 27,Sun,Away,W,3,0,Dynamo Mosc,38,7091,Andrei Semyonov,4-2-3-1,4-3-3,Vladimir Moskalev,Match Report,,14,5,,0,0,2022,Akhmat Grozny,,
2023-05-20,19:00,Premier League,Matchweek 28,Sat,Home,W,3,0,FC Khimki,41,5154,Rizvan Utsiyev,4-2-3-1,3-1-4-2,Vladislav Bezborodov,Match Report,,10,6,,0,0,2022,Akhmat Grozny,,
2023-05-28,19:00,Premier League,Matchweek 29,Sun,Away,L,2,3,Rostov,40,9717,Andrei Semyonov,4-2-3-1,4-3-3,Vitaly Meshkov,Match Report,,10,3,,0,0,2022,Akhmat Grozny,,
2023-06-03,17:00,Premier League,Matchweek 30,Sat,Home,D,2,2,Krasnodar,31,5987,Rizvan Utsiyev,4-4-2,4-2-3-1,Rafael Shafeev,Match Report,,9,3,,0,0,2022,Akhmat Grozny,,
2022-07-17,20:00,Premier League,Matchweek 1,Sun,Home,D,2,2,Fakel Voronezh,66,16125,Matvei Safonov,4-3-3,3-5-2,Sergey Karasev,Match Report,,21,6,,0,1,2022,Krasnodar,,
2022-07-23,20:00,Premier League,Matchweek 2,Sat,Home,L,1,4,Spartak Moscow,54,28738,Matvei Safonov,4-2-3-1,3-5-2,Kirill Levnikov,Match Report,,14,3,,1,1,2022,Krasnodar,,
2022-07-29,20:00 (18:00),Premier League,Matchweek 3,Fri,Away,W,3,1,Ural,46,2997,Matvei Safonov,4-2-3-1,5-3-2,Vladimir Moskalev,Match Report,,8,3,,2,2,2022,Krasnodar,,
2022-08-06,20:00,Premier League,Matchweek 4,Sat,Home,W,3,0,Loko Moscow,56,25266,Matvei Safonov,4-3-3,4-2-3-1,Vladislav Bezborodov,Match Report,,18,5,,0,0,2022,Krasnodar,,
2022-08-13,20:00,Premier League,Matchweek 5,Sat,Away,D,0,0,Dynamo Mosc,64,19430,Matvei Safonov,4-3-3,4-3-3,Sergey Karasev,Match Report,,15,2,,0,0,2022,Krasnodar,,
2022-08-21,20:00,Premier League,Matchweek 6,Sun,Home,W,2,0,Orenburg,66,21348,Matvei Safonov,4-3-3,3-4-3,Aleksey Amelin,Match Report,,20,5,,0,0,2022,Krasnodar,,
2022-08-28,17:30,Premier League,Matchweek 7,Sun,Away,W,4,1,Torpedo Moscow,56,2500,Matvei Safonov,4-3-3,5-4-1,Evgeny Kukulyak,Match Report,,21,10,,0,0,2022,Krasnodar,,
2022-09-03,18:30,Premier League,Matchweek 8,Sat,Home,W,2,1,Sochi,44,27097,Matvei Safonov,4-3-3,3-4-3,Pavel Shadykhanov,Match Report,,12,6,,0,0,2022,Krasnodar,,
2022-09-10,17:30,Premier League,Matchweek 9,Sat,Away,L,1,4,CSKA Moscow,64,14880,Matvei Safonov,4-3-3,3-4-3,Sergey Ivanov,Match Report,,6,2,,0,0,2022,Krasnodar,,
2022-09-18,16:30,Premier League,Matchweek 10,Sun,Home,W,3,1,FC Khimki,43,22259,Matvei Safonov,4-3-3,3-1-4-2,Vladislav Bezborodov,Match Report,,16,12,,0,0,2022,Krasnodar,,
2022-10-03,19:00,Premier League,Matchweek 11,Mon,Away,D,0,0,Samara,58,3685,Matvei Safonov,4-3-3,4-4-2,Aleksey Sukhoy,Match Report,,7,4,,0,0,2022,Krasnodar,,
2022-10-09,19:00,Premier League,Matchweek 12,Sun,Away,L,2,3,Rostov,47,8325,Matvei Safonov,4-3-3,4-3-3,Vitaly Meshkov,Match Report,,17,6,,0,0,2022,Krasnodar,,
2022-10-15,16:30,Premier League,Matchweek 13,Sat,Home,L,2,3,Akhmat Grozny,62,20139,Vyacheslav Litvinov,4-3-3,4-2-3-1,Yan Bobrovskiy,Match Report,,21,6,,0,0,2022,Krasnodar,,
2022-10-22,14:00,Premier League,Matchweek 14,Sat,Away,W,2,0,Nizhny Novgorod,62,4368,Matvei Safonov,4-3-3,3-4-3,Vasiliy Kazartsev,Match Report,,13,7,,0,0,2022,Krasnodar,,
2022-10-30,19:30,Premier League,Matchweek 15,Sun,Home,L,0,1,Zenit,39,33757,Matvei Safonov,4-3-3,4-3-3,Vladimir Moskalev,Match Report,,8,1,,0,0,2022,Krasnodar,,
2022-11-05,16:30,Premier League,Matchweek 16,Sat,Away,D,3,3,Fakel Voronezh,61,13578,Matvei Safonov,4-3-3,3-4-1-2,Sergey Karasev,Match Report,,15,6,,1,2,2022,Krasnodar,,
2022-11-13,16:00 (14:00),Premier League,Matchweek 17,Sun,Away,L,1,5,Orenburg,60,4852,Matvei Safonov,4-3-3,4-3-3,Kirill Levnikov,Match Report,,12,4,,0,0,2022,Krasnodar,,
2023-03-05,16:30,Premier League,Matchweek 18,Sun,Home,D,2,2,Torpedo Moscow,72,7965,Matvei Safonov,4-3-3,4-4-2,Evgeny Kukulyak,Match Report,,19,8,,0,0,2022,Krasnodar,,
2023-03-11,19:00,Premier League,Matchweek 19,Sat,Home,W,3,1,Dynamo Mosc,61,13256,Matvei Safonov,4-3-3,4-3-3,Artem Lyubimov,Match Report,,13,4,,0,0,2022,Krasnodar,,
2023-03-18,19:30,Premier League,Matchweek 20,Sat,Away,L,2,3,Loko Moscow,62,3335,Eduard Spertsyan,4-3-3,4-2-3-1,Kirill Levnikov,Match Report,,16,6,,0,0,2022,Krasnodar,,
2023-04-02,14:00,Premier League,Matchweek 21,Sun,Away,W,6,0,FC Khimki,53,1129,Matvei Safonov,4-3-3,3-5-2,Pavel Shadykhanov,Match Report,,16,12,,0,0,2022,Krasnodar,,
2023-04-09,19:00,Premier League,Matchweek 22,Sun,Home,W,3,1,Nizhny Novgorod,59,10677,Matvei Safonov,4-3-3,5-4-1,Sergei Cheban,Match Report,,7,4,,0,0,2022,Krasnodar,,
2023-04-15,17:30 (16:30),Premier League,Matchweek 23,Sat,Away,W,2,0,Sochi,54,3129,Matvei Safonov,4-3-3,3-4-3,Vitaly Meshkov,Match Report,,17,9,,0,0,2022,Krasnodar,,
2023-04-24,19:00,Premier League,Matchweek 24,Mon,Away,L,3,4,Spartak Moscow,50,6083,Matvei Safonov,4-3-3,3-4-1-2,Vladislav Bezborodov,Match Report,,12,6,,0,0,2022,Krasnodar,,
2023-04-29,19:00,Premier League,Matchweek 25,Sat,Home,D,1,1,Ural,63,10051,Matvei Safonov,4-3-3,4-4-2,Sergey Karasev,Match Report,,15,5,,0,0,2022,Krasnodar,,
2023-05-07,19:00,Premier League,Matchweek 26,Sun,Home,W,2,1,Samara,66,9874,Matvei Safonov,4-3-3,4-4-2,Aleksey Amelin,Match Report,,20,8,,0,0,2022,Krasnodar,,
2023-05-13,16:30,Premier League,Matchweek 27,Sat,Away,D,2,2,Zenit,35,25508,Matvei Safonov,4-3-3,4-3-3,Roman Safyan,Match Report,,8,3,,0,0,2022,Krasnodar,,
2023-05-21,19:00,Premier League,Matchweek 28,Sun,Home,W,3,0,Rostov,51,17069,Eduard Spertsyan,4-3-3,4-3-3,Artem Lyubimov,Match Report,,16,6,,0,0,2022,Krasnodar,,
2023-05-27,19:00,Premier League,Matchweek 29,Sat,Home,D,0,0,CSKA Moscow,56,23750,Eduard Spertsyan,4-4-2,3-4-3,Kirill Levnikov,Match Report,,10,2,,0,0,2022,Krasnodar,,
2023-06-03,17:00,Premier League,Matchweek 30,Sat,Away,D,2,2,Akhmat Grozny,69,5987,Matvei Safonov,4-2-3-1,4-4-2,Rafael Shafeev,Match Report,,5,2,,0,0,2022,Krasnodar,,
2022-07-16,19:30 (17:30),Premier League,Matchweek 1,Sat,Home,L,2,4,Samara,42,5155,Andrei Malykh,4-1-4-1,4-4-2,Pavel Shadykhanov,Match Report,,17,8,,0,0,2022,Orenburg,,
2022-07-23,19:30 (17:30),Premier League,Matchweek 2,Sat,Home,W,3,0,Ural,57,4956,Andrei Malykh,4-1-4-1,4-2-3-1,Yan Bobrovskiy,Match Report,,25,9,,0,0,2022,Orenburg,,
2022-07-31,17:30,Premier League,Matchweek 3,Sun,Away,L,1,4,Spartak Moscow,44,11303,Andrei Malykh,4-1-4-1,4-3-3,Artem Chistyakov,Match Report,,5,2,,0,0,2022,Orenburg,,
2022-08-07,20:00,Premier League,Matchweek 4,Sun,Away,L,1,2,Rostov,41,4458,Andrei Malykh,4-1-4-1,4-3-3,Vasiliy Kazartsev,Match Report,,11,4,,1,1,2022,Orenburg,,
2022-08-14,19:30 (17:30),Premier League,Matchweek 5,Sun,Home,W,1,0,Torpedo Moscow,55,7152,Vladimir Poluyakhtov,3-4-3,4-2-3-1,Artem Lyubimov,Match Report,,30,9,,0,0,2022,Orenburg,,
2022-08-21,20:00,Premier League,Matchweek 6,Sun,Away,L,0,2,Krasnodar,34,21348,Vladimir Poluyakhtov,3-4-3,4-3-3,Aleksey Amelin,Match Report,,13,7,,0,0,2022,Orenburg,,
2022-08-28,15:00,Premier League,Matchweek 7,Sun,Away,L,1,5,Loko Moscow,57,8872,Vladimir Poluyakhtov,3-4-3,4-2-3-1,Kirill Levnikov,Match Report,,19,8,,0,0,2022,Orenburg,,
2022-09-03,15:00 (13:00),Premier League,Matchweek 8,Sat,Home,W,3,1,FC Khimki,41,4936,Mikhail Sivakow,3-4-1-2,3-1-4-2,Sergey Ivanov,Match Report,,17,8,,0,0,2022,Orenburg,,
2022-09-11,17:30,Premier League,Matchweek 9,Sun,Away,L,0,8,Zenit,42,30943,Timur Ayupov,3-4-1-2,4-3-3,Evgeny Turbin,Match Report,,11,3,,0,0,2022,Orenburg,,
2022-09-18,14:00,Premier League,Matchweek 10,Sun,Away,W,2,0,Nizhny Novgorod,44,4244,Mikhail Sivakow,3-4-3,3-4-3,Aleksey Sukhoy,Match Report,,10,6,,0,0,2022,Orenburg,,
2022-10-01,16:00 (14:00),Premier League,Matchweek 11,Sat,Home,W,4,1,Sochi,41,3504,Mikhail Sivakow,3-4-3,3-4-3,Artem Lyubimov,Match Report,,20,10,,2,2,2022,Orenburg,,
2022-10-09,18:30 (16:30),Premier League,Matchweek 12,Sun,Home,W,2,1,Akhmat Grozny,52,4512,Mikhail Sivakow,3-4-3,4-2-3-1,Vladimir Moskalev,Match Report,,24,5,,0,0,2022,Orenburg,,
2022-10-15,19:30,Premier League,Matchweek 13,Sat,Away,L,2,3,Dynamo Mosc,53,11565,Mikhail Sivakow,4-1-3-2,4-4-2,Vasiliy Kazartsev,Match Report,,15,5,,0,0,2022,Orenburg,,
2022-10-23,16:00 (14:00),Premier League,Matchweek 14,Sun,Home,D,2,2,CSKA Moscow,56,7781,Andrei Malykh,4-3-3,3-4-3,Vladislav Bezborodov,Match Report,,15,6,,1,1,2022,Orenburg,,
2022-10-28,19:00 (17:00),Premier League,Matchweek 15,Fri,Home,W,4,1,Fakel Voronezh,50,3482,Andrei Malykh,4-3-3,3-4-3,Evgeny Kukulyak,Match Report,,22,9,,1,1,2022,Orenburg,,
2022-11-04,19:00,Premier League,Matchweek 16,Fri,Away,L,0,2,FC Khimki,58,1766,Mikhail Sivakow,4-3-3,4-3-3,Pavel Shadykhanov,Match Report,,23,8,,0,0,2022,Orenburg,,
2022-11-13,16:00 (14:00),Premier League,Matchweek 17,Sun,Home,W,5,1,Krasnodar,40,4852,Mikhail Sivakow,4-3-3,4-3-3,Kirill Levnikov,Match Report,,22,9,,0,0,2022,Orenburg,,
2023-03-04,16:30,Premier League,Matchweek 18,Sat,Away,L,1,3,Akhmat Grozny,45,4100,Andrei Malykh,4-3-3,4-2-3-1,Evgeny Turbin,Match Report,,10,3,,0,0,2022,Orenburg,,
2023-03-10,20:00 (19:00),Premier League,Matchweek 19,Fri,Away,W,4,0,Sochi,50,1711,Dmitry Vorobyev,4-3-3,3-4-3,Sergei Cheban,Match Report,,7,4,,0,0,2022,Orenburg,,
2023-03-18,14:00 (12:00),Premier League,Matchweek 20,Sat,Home,W,2,0,Spartak Moscow,33,4744,Mikhail Sivakow,4-3-3,4-3-3,Pavel Kukuyan,Match Report,,21,7,,0,0,2022,Orenburg,,
2023-04-02,15:00 (14:00),Premier League,Matchweek 21,Sun,Away,D,1,1,Samara,49,3840,Mikhail Sivakow,4-3-3,4-4-2,Sergey Ivanov,Match Report,,13,3,,0,0,2022,Orenburg,,
2023-04-10,19:00 (17:00),Premier League,Matchweek 22,Mon,Home,D,2,2,Rostov,52,4581,Mikhail Sivakow,4-3-3,3-4-3,Roman Safyan,Match Report,,14,8,,0,0,2022,Orenburg,,
2023-04-16,16:00 (14:00),Premier League,Matchweek 23,Sun,Home,L,1,4,Loko Moscow,59,3795,Mikhail Sivakow,4-3-3,4-2-3-1,Vasiliy Kazartsev,Match Report,,25,3,,0,0,2022,Orenburg,,
2023-04-22,16:30,Premier League,Matchweek 24,Sat,Away,W,3,1,Fakel Voronezh,51,9051,Timur Ayupov,4-4-2◆,3-4-1-2,Rafael Shafeev,Match Report,,16,6,,1,2,2022,Orenburg,,
2023-04-30,16:00 (14:00),Premier League,Matchweek 25,Sun,Home,W,1,0,Nizhny Novgorod,62,3349,Dmitry Vorobyev,4-4-2◆,5-3-2,Evgeny Turbin,Match Report,,15,6,,0,0,2022,Orenburg,,
2023-05-07,16:30,Premier League,Matchweek 26,Sun,Away,L,1,2,CSKA Moscow,51,3961,Timur Ayupov,4-3-3,3-4-3,Vladimir Moskalev,Match Report,,9,2,,0,0,2022,Orenburg,,
2023-05-13,14:00 (12:00),Premier League,Matchweek 27,Sat,Away,L,1,2,Ural,50,4790,Vladimir Poluyakhtov,4-3-3,4-2-3-1,Pavel Shadykhanov,Match Report,,12,3,,0,0,2022,Orenburg,,
2023-05-20,18:30 (16:30),Premier League,Matchweek 28,Sat,Home,D,2,2,Zenit,40,5653,Timur Ayupov,4-3-3,4-2-3-1,Aleksey Sukhoy,Match Report,,11,6,,0,0,2022,Orenburg,,
2023-05-27,16:30,Premier League,Matchweek 29,Sat,Away,W,3,1,Torpedo Moscow,66,982,Vladimir Poluyakhtov,4-3-3,5-3-2,Yan Bobrovskiy,Match Report,,21,7,,2,2,2022,Orenburg,,
2023-06-03,19:00 (17:00),Premier League,Matchweek 30,Sat,Home,W,3,0,Dynamo Mosc,52,4717,Dmitry Vorobyev,4-3-3,4-3-3,Sergey Ivanov,Match Report,,11,8,,0,0,2022,Orenburg,,
2022-07-17,17:30,Premier League,Matchweek 1,Sun,Home,D,1,1,Nizhny Novgorod,73,7379,Dmitri Barinov,4-3-3,3-4-3,Vasiliy Kazartsev,Match Report,,30,5,,0,0,2022,Lokomotiv Moscow,,
2022-07-24,20:00,Premier League,Matchweek 2,Sun,Home,D,2,2,Rostov,46,9435,Dmitri Barinov,4-2-3-1,4-3-3,Aleksey Sukhoy,Match Report,,8,6,,1,1,2022,Lokomotiv Moscow,,
2022-07-30,17:30,Premier League,Matchweek 3,Sat,Away,L,0,5,Zenit,37,35163,Dmitri Barinov,4-2-3-1,4-3-3,Sergey Karasev,Match Report,,9,3,,0,0,2022,Lokomotiv Moscow,,
2022-08-06,20:00,Premier League,Matchweek 4,Sat,Away,L,0,3,Krasnodar,44,25266,Tin Jedvaj,4-2-3-1,4-3-3,Vladislav Bezborodov,Match Report,,6,4,,0,0,2022,Lokomotiv Moscow,,
2022-08-13,15:00,Premier League,Matchweek 5,Sat,Home,D,1,1,Samara,61,8540,Dmitri Barinov,4-2-3-1,4-4-2,Evgeny Kukulyak,Match Report,,19,8,,1,2,2022,Lokomotiv Moscow,,
2022-08-20,15:00,Premier League,Matchweek 6,Sat,Away,W,3,0,FC Khimki,39,2320,Dmitri Barinov,4-2-3-1,3-4-3,Ivan Sidenkov,Match Report,,9,6,,0,0,2022,Lokomotiv Moscow,,
2022-08-28,15:00,Premier League,Matchweek 7,Sun,Home,W,5,1,Orenburg,43,8872,Dmitri Barinov,4-2-3-1,3-4-3,Kirill Levnikov,Match Report,,21,10,,1,1,2022,Lokomotiv Moscow,,
2022-09-04,17:30,Premier League,Matchweek 8,Sun,Home,L,1,2,Akhmat Grozny,71,7862,Dmitri Barinov,4-2-3-1,4-2-3-1,Evgeny Turbin,Match Report,,18,9,,1,1,2022,Lokomotiv Moscow,,
2022-09-11,15:00,Premier League,Matchweek 9,Sun,Away,L,0,2,Fakel Voronezh,62,19096,Dmitri Barinov,4-2-3-1,3-5-2,Vladislav Bezborodov,Match Report,,12,2,,0,0,2022,Lokomotiv Moscow,,
2022-09-18,19:00,Premier League,Matchweek 10,Sun,Away,L,0,1,Spartak Moscow,49,13969,Dmitri Barinov,4-2-3-1,4-3-1-2,Kirill Levnikov,Match Report,,7,3,,0,0,2022,Lokomotiv Moscow,,
2022-10-01,19:00,Premier League,Matchweek 11,Sat,Home,L,2,4,Ural,41,4918,Tin Jedvaj,4-2-3-1,4-2-3-1,Sergey Ivanov,Match Report,,10,4,,0,0,2022,Lokomotiv Moscow,,
2022-10-08,19:00,Premier League,Matchweek 12,Sat,Away,L,0,4,Sochi,48,3366,Dmitri Barinov,4-2-3-1,3-4-3,Evgeny Turbin,Match Report,,10,1,,0,0,2022,Lokomotiv Moscow,,
2022-10-15,14:00,Premier League,Matchweek 13,Sat,Away,W,1,0,Torpedo Moscow,53,5405,Dmitri Barinov,4-2-3-1,3-4-3,Evgeny Kukulyak,Match Report,,12,5,,0,0,2022,Lokomotiv Moscow,,
2022-10-22,19:00,Premier League,Matchweek 14,Sat,Home,L,1,3,Dynamo Mosc,45,8315,Dmitri Barinov,4-4-2,4-4-2,Pavel Kukuyan,Match Report,,3,2,,0,0,2022,Lokomotiv Moscow,,
2022-10-29,19:00,Premier League,Matchweek 15,Sat,Home,L,0,1,CSKA Moscow,63,11035,Dmitri Barinov,4-2-3-1,3-4-3,Artem Lyubimov,Match Report,,17,1,,0,0,2022,Lokomotiv Moscow,,
2022-11-06,16:00 (14:00),Premier League,Matchweek 16,Sun,Away,D,2,2,Ural,43,3551,Dmitri Barinov,3-4-1-2,4-3-3,Vladislav Bezborodov,Match Report,,8,3,,0,0,2022,Lokomotiv Moscow,,
2022-11-12,19:30,Premier League,Matchweek 17,Sat,Home,L,1,2,Spartak Moscow,48,14273,Dmitri Barinov,3-1-4-2,4-3-2-1,Vladimir Moskalev,Match Report,,13,6,,0,0,2022,Lokomotiv Moscow,,
2023-03-04,19:30,Premier League,Matchweek 18,Sat,Away,W,3,1,Rostov,57,4907,Dmitri Barinov,3-1-4-2,3-4-3,Sergey Karasev,Match Report,,17,7,,0,0,2022,Lokomotiv Moscow,,
2023-03-11,16:30,Premier League,Matchweek 19,Sat,Away,W,1,0,Akhmat Grozny,36,6322,Artem Dzyuba,4-2-3-1,4-2-3-1,Pavel Kukuyan,Match Report,,6,1,,0,0,2022,Lokomotiv Moscow,,
2023-03-18,19:30,Premier League,Matchweek 20,Sat,Home,W,3,2,Krasnodar,39,3335,Dmitri Barinov,4-2-3-1,4-3-3,Kirill Levnikov,Match Report,,18,6,,0,1,2022,Lokomotiv Moscow,,
2023-04-01,14:00,Premier League,Matchweek 21,Sat,Away,W,4,0,Nizhny Novgorod,49,6355,Dmitri Barinov,4-2-3-1,4-3-3,Rafael Shafeev,Match Report,,12,6,,0,0,2022,Lokomotiv Moscow,,
2023-04-09,20:00,Premier League,Matchweek 22,Sun,Home,L,1,2,Zenit,43,10859,Dmitri Barinov,4-2-3-1,4-3-3,Pavel Kukuyan,Match Report,,8,1,,0,0,2022,Lokomotiv Moscow,,
2023-04-16,16:00 (14:00),Premier League,Matchweek 23,Sun,Away,W,4,1,Orenburg,41,3795,Dmitri Barinov,4-2-3-1,4-3-3,Vasiliy Kazartsev,Match Report,,11,4,,0,1,2022,Lokomotiv Moscow,,
2023-04-23,19:30,Premier League,Matchweek 24,Sun,Away,D,1,1,CSKA Moscow,39,8315,Dmitri Barinov,4-2-3-1,3-4-3,Sergey Karasev,Match Report,,8,2,,0,0,2022,Lokomotiv Moscow,,
2023-04-30,19:00,Premier League,Matchweek 25,Sun,Home,W,5,1,FC Khimki,59,3720,Dmitri Barinov,4-2-3-1,3-5-2,Vladislav Bezborodov,Match Report,,17,10,,1,1,2022,Lokomotiv Moscow,,
2023-05-08,17:00,Premier League,Matchweek 26,Mon,Home,W,3,0,Sochi,52,5192,Dmitri Barinov,4-2-3-1,3-4-3,Aleksey Sukhoy,Match Report,,14,7,,0,0,2022,Lokomotiv Moscow,,
2023-05-14,15:00 (14:00),Premier League,Matchweek 27,Sun,Away,D,1,1,Samara,55,6155,Dmitri Barinov,4-2-3-1,4-4-2,Artem Lyubimov,Match Report,,7,2,,0,0,2022,Lokomotiv Moscow,,
2023-05-20,14:00,Premier League,Matchweek 28,Sat,Home,W,1,0,Fakel Voronezh,69,5999,Dmitri Barinov,4-2-3-1,3-4-1-2,Aleksey Amelin,Match Report,,9,3,,0,0,2022,Lokomotiv Moscow,,
2023-05-28,16:30,Premier League,Matchweek 29,Sun,Away,W,4,2,Dynamo Mosc,53,15490,Artem Dzyuba,4-2-3-1,4-2-2-2,Roman Safyan,Match Report,,19,8,,0,0,2022,Lokomotiv Moscow,,
2023-06-03,17:00,Premier League,Matchweek 30,Sat,Home,W,3,1,Torpedo Moscow,56,5667,Dmitri Barinov,4-2-3-1,4-2-3-1,Sergei Cheban,Match Report,,18,8,,0,1,2022,Lokomotiv Moscow,,
2022-07-17,20:00,Premier League,Matchweek 1,Sun,Home,D,1,1,Rostov,33,15124,Daniil Fomin,4-3-3,4-3-3,Pavel Kukuyan,Match Report,,9,3,,0,0,2022,Dynamo Moscow,,
2022-07-24,17:30,Premier League,Matchweek 2,Sun,Home,W,4,0,Torpedo Moscow,55,13884,Daniil Fomin,4-3-3,5-4-1,Vladislav Bezborodov,Match Report,,8,5,,2,2,2022,Dynamo Moscow,,
2022-07-30,15:00,Premier League,Matchweek 3,Sat,Away,D,3,3,Fakel Voronezh,49,19258,Daniil Fomin,4-3-3,3-5-2,Sergey Ivanov,Match Report,,11,2,,1,1,2022,Dynamo Moscow,,
2022-08-07,17:30,Premier League,Matchweek 4,Sun,Away,W,2,0,Samara,41,6672,Fyodor Smolov,4-4-2,4-4-2,Vitaly Meshkov,Match Report,,12,5,,0,0,2022,Dynamo Moscow,,
2022-08-13,20:00,Premier League,Matchweek 5,Sat,Home,D,0,0,Krasnodar,36,19430,Daniil Fomin,4-3-3,4-3-3,Sergey Karasev,Match Report,,11,4,,0,0,2022,Dynamo Moscow,,
2022-08-20,17:30,Premier League,Matchweek 6,Sat,Home,W,1,0,Spartak Moscow,32,25249,Daniil Fomin,4-3-3,4-3-3,Pavel Kukuyan,Match Report,,11,1,,0,0,2022,Dynamo Moscow,,
2022-08-27,15:00,Premier League,Matchweek 7,Sat,Away,D,2,2,Nizhny Novgorod,49,6133,Daniil Fomin,4-3-3,3-4-3,Yan Bobrovskiy,Match Report,,14,3,,1,1,2022,Dynamo Moscow,,
2022-09-03,20:30,Premier League,Matchweek 8,Sat,Home,W,2,1,Ural,50,14101,Daniil Fomin,4-3-3,4-2-3-1,Vitaly Meshkov,Match Report,,15,9,,0,0,2022,Dynamo Moscow,,
2022-09-09,21:00 (20:00),Premier League,Matchweek 9,Fri,Away,L,1,2,Sochi,46,4587,Daniil Fomin,4-3-3,3-4-3,Kirill Levnikov,Match Report,,14,3,,0,0,2022,Dynamo Moscow,,
2022-09-17,19:00,Premier League,Matchweek 10,Sat,Home,L,0,2,Zenit,35,22721,Daniil Fomin,4-3-3,4-3-3,Sergey Karasev,Match Report,,7,1,,0,0,2022,Dynamo Moscow,,
2022-10-02,19:00,Premier League,Matchweek 11,Sun,Away,L,1,2,Akhmat Grozny,59,8157,Daniil Fomin,4-3-3,4-2-3-1,Vladislav Bezborodov,Match Report,,13,2,,0,0,2022,Dynamo Moscow,,
2022-10-08,16:30,Premier League,Matchweek 12,Sat,Away,D,1,1,CSKA Moscow,48,9521,Daniil Fomin,4-2-3-1,3-4-3,Kirill Levnikov,Match Report,,11,3,,0,0,2022,Dynamo Moscow,,
2022-10-15,19:30,Premier League,Matchweek 13,Sat,Home,W,3,2,Orenburg,47,11565,Daniil Fomin,4-4-2,4-1-3-2,Vasiliy Kazartsev,Match Report,,11,5,,0,0,2022,Dynamo Moscow,,
2022-10-22,19:00,Premier League,Matchweek 14,Sat,Away,W,3,1,Loko Moscow,55,8315,Daniil Fomin,4-4-2,4-4-2,Pavel Kukuyan,Match Report,,23,11,,2,2,2022,Dynamo Moscow,,
2022-10-29,14:00,Premier League,Matchweek 15,Sat,Home,W,6,1,FC Khimki,56,10246,Daniil Fomin,4-3-3,5-3-2,Yan Bobrovskiy,Match Report,,21,8,,0,0,2022,Dynamo Moscow,,
2022-11-06,19:00,Premier League,Matchweek 16,Sun,Away,L,1,2,Rostov,53,5214,Daniil Fomin,4-1-4-1,4-1-4-1,Vladimir Moskalev,Match Report,,22,7,,0,0,2022,Dynamo Moscow,,
2022-11-13,19:30,Premier League,Matchweek 17,Sun,Home,W,2,1,CSKA Moscow,44,25048,Daniil Fomin,4-3-3,3-4-3,Vladislav Bezborodov,Match Report,,20,5,,0,1,2022,Dynamo Moscow,,
2023-03-05,14:00,Premier League,Matchweek 18,Sun,Home,W,1,0,Samara,58,4943,Daniil Fomin,4-3-3,4-4-2,Ivan Sidenkov,Match Report,,9,3,,0,0,2022,Dynamo Moscow,,
2023-03-11,19:00,Premier League,Matchweek 19,Sat,Away,L,1,3,Krasnodar,39,13256,Daniil Fomin,4-3-3,4-3-3,Artem Lyubimov,Match Report,,10,1,,0,0,2022,Dynamo Moscow,,
2023-03-18,16:15 (14:15),Premier League,Matchweek 20,Sat,Away,W,1,0,Ural,50,5981,Konstantin Tyukavin,4-5-1,4-2-3-1,Aleksey Amelin,Match Report,,10,3,,0,0,2022,Dynamo Moscow,,
2023-04-01,14:00,Premier League,Matchweek 21,Sat,Home,L,0,2,Sochi,70,5109,Daniil Fomin,4-3-3,3-4-3,Roman,Match Report,,17,6,,0,1,2022,Dynamo Moscow,,
2023-04-08,19:30,Premier League,Matchweek 22,Sat,Away,D,3,3,Spartak Moscow,42,8985,Daniil Fomin,4-3-3,4-3-1-2,Sergey Ivanov,Match Report,,10,4,,0,0,2022,Dynamo Moscow,,
2023-04-15,14:00,Premier League,Matchweek 23,Sat,Home,W,3,1,Nizhny Novgorod,63,4519,Daniil Fomin,4-3-3,5-4-1,Artem Chistyakov,Match Report,,14,7,,1,1,2022,Dynamo Moscow,,
2023-04-22,19:00,Premier League,Matchweek 24,Sat,Away,L,1,3,Zenit,39,27724,Daniil Fomin,4-3-3,4-3-3,Vitaly Meshkov,Match Report,,10,3,,0,0,2022,Dynamo Moscow,,
2023-04-28,20:00,Premier League,Matchweek 25,Fri,Home,L,0,2,Fakel Voronezh,69,11687,Daniil Fomin,4-3-3,3-4-1-2,Artem Lyubimov,Match Report,,20,6,,0,0,2022,Dynamo Moscow,,
2023-05-06,14:00,Premier League,Matchweek 26,Sat,Away,W,1,0,FC Khimki,70,1386,Daniil Fomin,4-3-3,3-5-2,Sergey Karasev,Match Report,,13,5,,1,1,2022,Dynamo Moscow,,
2023-05-14,16:30,Premier League,Matchweek 27,Sun,Home,L,0,3,Akhmat Grozny,62,7091,Daniil Fomin,4-3-3,4-2-3-1,Vladimir Moskalev,Match Report,,11,3,,0,0,2022,Dynamo Moscow,,
2023-05-20,16:30,Premier League,Matchweek 28,Sat,Away,W,3,0,Torpedo Moscow,61,1837,Daniil Fomin,4-2-2-2,3-5-2,Vasiliy Kazartsev,Match Report,,20,6,,0,0,2022,Dynamo Moscow,,
2023-05-28,16:30,Premier League,Matchweek 29,Sun,Home,L,2,4,Loko Moscow,47,15490,Daniil Fomin,4-2-2-2,4-2-3-1,Roman Safyan,Match Report,,13,4,,1,2,2022,Dynamo Moscow,,
2023-06-03,19:00 (17:00),Premier League,Matchweek 30,Sat,Away,L,0,3,Orenburg,48,4717,Daniil Fomin,4-3-3,4-3-3,Sergey Ivanov,Match Report,,23,4,,0,0,2022,Dynamo Moscow,,
2022-07-17,15:00,Premier League,Matchweek 1,Sun,Away,W,3,1,Torpedo Moscow,56,2329,Ibragim Tsallagov,3-4-3,4-2-3-1,Sergey Ivanov,Match Report,,13,5,,0,0,2022,Sochi,,
2022-07-23,15:00,Premier League,Matchweek 2,Sat,Away,L,0,3,CSKA Moscow,61,9056,Ibragim Tsallagov,3-4-3,3-4-3,Vladimir Moskalev,Match Report,,11,2,,0,0,2022,Sochi,,
2022-07-30,20:00,Premier League,Matchweek 3,Sat,Home,W,2,1,Akhmat Grozny,61,3772,Ibragim Tsallagov,3-1-4-2,3-4-3,Artem Lyubimov,Match Report,,15,6,,1,1,2022,Sochi,,
2022-08-07,20:00,Premier League,Matchweek 4,Sun,Home,W,2,1,Nizhny Novgorod,65,3334,Ibragim Tsallagov,3-4-3,3-4-3,Anton Frolov,Match Report,,34,12,,1,1,2022,Sochi,,
2022-08-14,20:00,Premier League,Matchweek 5,Sun,Away,L,0,3,Spartak Moscow,52,11559,Ibragim Tsallagov,3-4-3,4-3-3,Vitaly Meshkov,Match Report,,9,3,,0,0,2022,Sochi,,
2022-08-20,20:00,Premier League,Matchweek 6,Sat,Away,D,2,2,Rostov,50,5837,Christian Noboa,3-4-3,4-3-3,Vladislav Bezborodov,Match Report,,15,5,,1,1,2022,Sochi,,
2022-08-26,21:00 (20:00),Premier League,Matchweek 7,Fri,Home,W,4,1,FC Khimki,57,3185,Christian Noboa,3-4-3,4-3-1-2,Vasiliy Kazartsev,Match Report,,23,8,,2,3,2022,Sochi,,
2022-09-03,18:30,Premier League,Matchweek 8,Sat,Away,L,1,2,Krasnodar,56,27097,Christian Noboa,3-4-3,4-3-3,Pavel Shadykhanov,Match Report,,17,5,,0,0,2022,Sochi,,
2022-09-09,21:00 (20:00),Premier League,Matchweek 9,Fri,Home,W,2,1,Dynamo Mosc,54,4587,Soslan Dzhanayev,3-4-3,4-3-3,Kirill Levnikov,Match Report,,15,5,,0,0,2022,Sochi,,
2022-09-18,17:30 (16:30),Premier League,Matchweek 10,Sun,Home,D,1,1,Fakel Voronezh,68,2610,Soslan Dzhanayev,3-4-3,3-5-2,Yan Bobrovskiy,Match Report,,15,4,,0,0,2022,Sochi,,
2022-10-01,16:00 (14:00),Premier League,Matchweek 11,Sat,Away,L,1,4,Orenburg,59,3504,Soslan Dzhanayev,3-4-3,3-4-3,Artem Lyubimov,Match Report,,10,4,,0,0,2022,Sochi,,
2022-10-08,19:00,Premier League,Matchweek 12,Sat,Home,W,4,0,Loko Moscow,52,3366,Soslan Dzhanayev,3-4-3,4-2-3-1,Evgeny Turbin,Match Report,,15,8,,0,0,2022,Sochi,,
2022-10-16,14:00,Premier League,Matchweek 13,Sun,Away,L,0,2,Samara,58,4302,Soslan Dzhanayev,3-4-3,4-2-3-1,Pavel Shadykhanov,Match Report,,9,3,,0,0,2022,Sochi,,
2022-10-24,20:00,Premier League,Matchweek 14,Mon,Away,L,0,7,Zenit,29,20184,Soslan Dzhanayev,3-4-3,4-3-3,Evgeny Kukulyak,Match Report,,3,0,,0,0,2022,Sochi,,
2022-10-30,15:00 (14:00),Premier League,Matchweek 15,Sun,Home,D,2,2,Ural,55,1664,Christian Noboa,3-4-3,4-3-3,Anton Frolov,Match Report,,11,3,,1,1,2022,Sochi,,
2022-11-05,15:00 (14:00),Premier League,Matchweek 16,Sat,Home,D,1,1,Spartak Moscow,48,6172,Ibragim Tsallagov,3-4-3,4-3-3,Artem Chistyakov,Match Report,,8,3,,0,0,2022,Sochi,,
2022-11-13,16:30,Premier League,Matchweek 17,Sun,Away,W,2,0,FC Khimki,42,1897,Sergei Terekhov,3-4-3,4-3-3,Sergey Ivanov,Match Report,,16,8,,0,0,2022,Sochi,,
2023-03-05,20:30 (19:30),Premier League,Matchweek 18,Sun,Home,W,2,0,CSKA Moscow,45,4419,Soslan Dzhanayev,3-4-3,3-4-3,Vladislav Bezborodov,Match Report,,6,4,,0,0,2022,Sochi,,
2023-03-10,20:00 (19:00),Premier League,Matchweek 19,Fri,Home,L,0,4,Orenburg,51,1711,Soslan Dzhanayev,3-4-3,4-3-3,Sergei Cheban,Match Report,,15,2,,0,0,2022,Sochi,,
2023-03-18,16:30,Premier League,Matchweek 20,Sat,Away,L,0,3,Fakel Voronezh,53,9686,Ibragim Tsallagov,3-4-3,3-4-3,Artem Lyubimov,Match Report,,1,0,,0,0,2022,Sochi,,
2023-04-01,14:00,Premier League,Matchweek 21,Sat,Away,W,2,0,Dynamo Mosc,30,5109,Soslan Dzhanayev,3-4-3,4-3-3,Roman,Match Report,,3,2,,0,0,2022,Sochi,,
2023-04-09,15:00 (14:00),Premier League,Matchweek 22,Sun,Home,L,1,2,Samara,59,2386,Christian Noboa,3-4-3,4-4-2,Kirill Levnikov,Match Report,,11,4,,0,0,2022,Sochi,,
2023-04-15,17:30 (16:30),Premier League,Matchweek 23,Sat,Home,L,0,2,Krasnodar,46,3129,Christian Noboa,3-4-3,4-3-3,Vitaly Meshkov,Match Report,,10,4,,0,0,2022,Sochi,,
2023-04-23,16:30,Premier League,Matchweek 24,Sun,Away,L,0,1,Akhmat Grozny,55,4431,Christian Noboa,3-4-3,4-2-3-1,Artur Fedorov,Match Report,,5,2,,0,0,2022,Sochi,,
2023-04-30,17:30 (16:30),Premier League,Matchweek 25,Sun,Home,W,3,1,Torpedo Moscow,52,1831,Christian Noboa,3-4-3,4-3-1-2,Artem Chistyakov,Match Report,,12,5,,0,0,2022,Sochi,,
2023-05-08,17:00,Premier League,Matchweek 26,Mon,Away,L,0,3,Loko Moscow,48,5192,Christian Noboa,3-4-3,4-2-3-1,Aleksey Sukhoy,Match Report,,14,6,,0,1,2022,Sochi,,
2023-05-14,20:00 (19:00),Premier League,Matchweek 27,Sun,Home,W,1,0,Rostov,53,2787,Christian Noboa,3-4-3,4-3-3,Yan Bobrovskiy,Match Report,,22,8,,0,0,2022,Sochi,,
2023-05-22,19:00,Premier League,Matchweek 28,Mon,Away,L,0,4,Nizhny Novgorod,58,5267,Christian Noboa,3-4-3,3-5-2,Kirill Levnikov,Match Report,,5,0,,0,0,2022,Sochi,,
2023-05-27,20:00 (19:00),Premier League,Matchweek 29,Sat,Home,D,1,1,Zenit,40,5049,Christian Noboa,3-4-3,4-2-3-1,Rafael Shafeev,Match Report,,8,4,,0,0,2022,Sochi,,
2023-06-03,19:00 (17:00),Premier League,Matchweek 30,Sat,Away,L,0,1,Ural,48,6810,Vanja Drkušič,3-4-3,3-4-3,Vladimir Moskalev,Match Report,,12,5,,0,0,2022,Sochi,,
2022-07-16,15:00,Premier League,Matchweek 1,Sat,Away,L,0,2,CSKA Moscow,57,6202,Eric Bicfalvi,4-2-3-1,3-4-3,Vitaly Meshkov,Match Report,,6,2,,0,0,2022,Ural Yekaterinburg,,
2022-07-23,19:30 (17:30),Premier League,Matchweek 2,Sat,Away,L,0,3,Orenburg,43,4956,Eric Bicfalvi,4-2-3-1,4-1-4-1,Yan Bobrovskiy,Match Report,,9,2,,0,0,2022,Ural Yekaterinburg,,
2022-07-29,20:00 (18:00),Premier League,Matchweek 3,Fri,Home,L,1,3,Krasnodar,55,2997,Eric Bicfalvi,5-3-2,4-2-3-1,Vladimir Moskalev,Match Report,,19,8,,0,0,2022,Ural Yekaterinburg,,
2022-08-06,17:00 (15:00),Premier League,Matchweek 4,Sat,Home,L,0,2,Spartak Moscow,48,8931,Vyacheslav Podberyozkin,5-4-1,4-3-3,Pavel Kukuyan,Match Report,,12,4,,0,0,2022,Ural Yekaterinburg,,
2022-08-12,19:30,Premier League,Matchweek 5,Fri,Away,D,0,0,Fakel Voronezh,57,18178,Eric Bicfalvi,4-2-3-1,3-4-1-2,Vladislav Bezborodov,Match Report,,18,2,,0,0,2022,Ural Yekaterinburg,,
2022-08-20,15:00 (13:00),Premier League,Matchweek 6,Sat,Home,L,0,1,Nizhny Novgorod,48,3333,Eric Bicfalvi,4-2-3-1,3-4-3,Kirill Levnikov,Match Report,,10,3,,0,0,2022,Ural Yekaterinburg,,
2022-08-28,15:00 (13:00),Premier League,Matchweek 7,Sun,Home,L,0,4,Zenit,44,8538,Eric Bicfalvi,3-4-3,4-2-3-1,Pavel Shadykhanov,Match Report,,9,2,,0,0,2022,Ural Yekaterinburg,,
2022-09-03,20:30,Premier League,Matchweek 8,Sat,Away,L,1,2,Dynamo Mosc,50,14101,Eric Bicfalvi,4-2-3-1,4-3-3,Vitaly Meshkov,Match Report,,11,1,,0,0,2022,Ural Yekaterinburg,,
2022-09-11,15:00 (13:00),Premier League,Matchweek 9,Sun,Home,W,2,0,Torpedo Moscow,58,3076,Eric Bicfalvi,4-2-3-1,5-4-1,Pavel Kukuyan,Match Report,,23,8,,0,0,2022,Ural Yekaterinburg,,
2022-09-17,14:00 (12:00),Premier League,Matchweek 10,Sat,Home,L,1,2,Akhmat Grozny,60,2888,Eric Bicfalvi,4-2-3-1,4-2-3-1,Evgeny Kukulyak,Match Report,,16,5,,0,0,2022,Ural Yekaterinburg,,
2022-10-01,19:00,Premier League,Matchweek 11,Sat,Away,W,4,2,Loko Moscow,59,4918,Danijel Miškić,4-2-3-1,4-2-3-1,Sergey Ivanov,Match Report,,20,8,,0,0,2022,Ural Yekaterinburg,,
2022-10-07,19:30 (17:30),Premier League,Matchweek 12,Fri,Home,W,2,1,FC Khimki,40,2487,Danijel Miškić,4-2-3-1,4-3-3,Sergey Karasev,Match Report,,14,4,,0,0,2022,Ural Yekaterinburg,,
2022-10-14,19:30,Premier League,Matchweek 13,Fri,Away,W,2,1,Rostov,48,4480,Denys Kulakov,4-2-3-1,4-3-3,Evgeny Turbin,Match Report,,7,2,,0,0,2022,Ural Yekaterinburg,,
2022-10-24,19:30 (17:30),Premier League,Matchweek 14,Mon,Home,W,2,1,Samara,57,2491,Denys Kulakov,4-1-4-1,4-2-3-1,Kirill Levnikov,Match Report,,16,5,,1,1,2022,Ural Yekaterinburg,,
2022-10-30,15:00 (14:00),Premier League,Matchweek 15,Sun,Away,D,2,2,Sochi,45,1664,Denys Kulakov,4-3-3,3-4-3,Anton Frolov,Match Report,,16,6,,1,1,2022,Ural Yekaterinburg,,
2022-11-06,16:00 (14:00),Premier League,Matchweek 16,Sun,Home,D,2,2,Loko Moscow,58,3551,Denys Kulakov,4-3-3,3-4-1-2,Vladislav Bezborodov,Match Report,,12,8,,0,0,2022,Ural Yekaterinburg,,
2022-11-12,14:00 (12:00),Premier League,Matchweek 17,Sat,Home,W,2,0,Fakel Voronezh,55,2298,Denys Kulakov,4-3-3,3-4-1-2,Pavel Kukuyan,Match Report,,18,5,,0,0,2022,Ural Yekaterinburg,,
2023-03-04,14:00,Premier League,Matchweek 18,Sat,Away,D,2,2,Spartak Moscow,29,4281,Eric Bicfalvi,4-3-3,4-3-3,Vitaly Meshkov,Match Report,,5,3,,1,1,2022,Ural Yekaterinburg,,
2023-03-11,14:00,Premier League,Matchweek 19,Sat,Away,W,1,0,Torpedo Moscow,50,400,Denys Kulakov,4-3-3,4-3-3,Roman,Match Report,,11,4,,0,0,2022,Ural Yekaterinburg,,
2023-03-18,16:15 (14:15),Premier League,Matchweek 20,Sat,Home,L,0,1,Dynamo Mosc,50,5981,Denys Kulakov,4-2-3-1,4-5-1,Aleksey Amelin,Match Report,,12,3,,0,0,2022,Ural Yekaterinburg,,
2023-04-01,19:00,Premier League,Matchweek 21,Sat,Away,L,0,2,Zenit,34,23966,Denys Kulakov,4-3-3,4-3-3,Artem Chistyakov,Match Report,,5,1,,0,0,2022,Ural Yekaterinburg,,
2023-04-08,16:30,Premier League,Matchweek 22,Sat,Away,L,0,2,Akhmat Grozny,58,3965,Denys Kulakov,4-3-3,4-2-3-1,Pavel Shadykhanov,Match Report,,5,1,,0,0,2022,Ural Yekaterinburg,,
2023-04-15,18:30 (16:30),Premier League,Matchweek 23,Sat,Home,L,1,2,CSKA Moscow,52,9026,Denys Kulakov,4-3-3,3-4-3,Vladislav Bezborodov,Match Report,,14,2,,1,1,2022,Ural Yekaterinburg,,
2023-04-23,14:00 (12:00),Premier League,Matchweek 24,Sun,Home,L,1,3,Rostov,50,5561,Denys Kulakov,4-3-3,4-3-3,Pavel Kukuyan,Match Report,,13,4,,0,0,2022,Ural Yekaterinburg,,
2023-04-29,19:00,Premier League,Matchweek 25,Sat,Away,D,1,1,Krasnodar,37,10051,Denys Kulakov,4-4-2,4-3-3,Sergey Karasev,Match Report,,11,5,,0,0,2022,Ural Yekaterinburg,,
2023-05-07,14:00,Premier League,Matchweek 26,Sun,Away,D,0,0,Nizhny Novgorod,56,4490,Eric Bicfalvi,4-3-3,3-5-2,Vladislav Bezborodov,Match Report,,9,1,,0,0,2022,Ural Yekaterinburg,,
2023-05-13,14:00 (12:00),Premier League,Matchweek 27,Sat,Home,W,2,1,Orenburg,50,4790,Denys Kulakov,4-2-3-1,4-3-3,Pavel Shadykhanov,Match Report,,16,3,,0,0,2022,Ural Yekaterinburg,,
2023-05-21,15:00 (14:00),Premier League,Matchweek 28,Sun,Away,L,0,3,Samara,51,4886,Denys Kulakov,4-2-3-1,4-4-2,Vitaly Meshkov,Match Report,,14,3,,0,0,2022,Ural Yekaterinburg,,
2023-05-27,14:00,Premier League,Matchweek 29,Sat,Away,W,3,0,FC Khimki,46,663,Eric Bicfalvi,3-4-3,4-3-3,Aleksey Amelin,Match Report,,12,5,,0,0,2022,Ural Yekaterinburg,,
2023-06-03,19:00 (17:00),Premier League,Matchweek 30,Sat,Home,W,1,0,Sochi,52,6810,Denys Kulakov,3-4-3,3-4-3,Vladimir Moskalev,Match Report,,12,4,,0,0,2022,Ural Yekaterinburg,,
2022-07-16,19:30 (17:30),Premier League,Matchweek 1,Sat,Away,W,4,2,Orenburg,58,5155,Aleksandr Soldatenkov,4-4-2,4-1-4-1,Pavel Shadykhanov,Match Report,,27,9,,0,0,2022,Samara,,
2022-07-22,20:00,Premier League,Matchweek 2,Fri,Away,L,0,3,Zenit,38,26701,Aleksandr Soldatenkov,4-4-2,4-3-3,Artem Chistyakov,Match Report,,2,0,,0,0,2022,Samara,,
2022-07-31,18:30 (17:30),Premier League,Matchweek 3,Sun,Home,D,1,1,Torpedo Moscow,56,10159,Aleksandr Soldatenkov,4-4-2,4-2-3-1,Vasiliy Kazartsev,Match Report,,19,7,,0,0,2022,Samara,,
2022-08-07,17:30,Premier League,Matchweek 4,Sun,Home,L,0,2,Dynamo Mosc,59,6672,Aleksandr Soldatenkov,4-4-2,4-4-2,Vitaly Meshkov,Match Report,,16,4,,0,0,2022,Samara,,
2022-08-13,15:00,Premier League,Matchweek 5,Sat,Away,D,1,1,Loko Moscow,39,8540,Aleksandr Soldatenkov,4-4-2,4-2-3-1,Evgeny Kukulyak,Match Report,,14,7,,0,1,2022,Samara,,
2022-08-19,20:00 (19:00),Premier League,Matchweek 6,Fri,Home,D,1,1,Fakel Voronezh,53,4923,Aleksandr Soldatenkov,4-4-2,3-4-1-2,Evgeny Turbin,Match Report,,16,6,,0,0,2022,Samara,,
2022-08-27,20:00,Premier League,Matchweek 7,Sat,Away,W,2,1,Akhmat Grozny,59,7753,Aleksandr Soldatenkov,4-4-2,3-4-3,Anton Frolov,Match Report,,15,8,,0,0,2022,Samara,,
2022-09-04,16:00 (15:00),Premier League,Matchweek 8,Sun,Home,L,0,1,CSKA Moscow,41,8357,Aleksandr Soldatenkov,5-4-1,3-4-3,Artem Lyubimov,Match Report,,4,2,,0,0,2022,Samara,,
2022-09-10,15:00,Premier League,Matchweek 9,Sat,Away,D,0,0,FC Khimki,42,1161,Aleksandr Soldatenkov,5-4-1,3-1-4-2,Vladimir Moskalev,Match Report,,11,5,,0,1,2022,Samara,,
2022-09-17,16:30,Premier League,Matchweek 10,Sat,Away,L,1,2,Rostov,54,5200,Aleksandr Soldatenkov,4-4-2,4-3-3,Pavel Kukuyan,Match Report,,16,4,,0,0,2022,Samara,,
2022-10-03,19:00,Premier League,Matchweek 11,Mon,Home,D,0,0,Krasnodar,42,3685,Aleksandr Soldatenkov,4-4-2,4-3-3,Aleksey Sukhoy,Match Report,,21,4,,0,0,2022,Samara,,
2022-10-09,14:00,Premier League,Matchweek 12,Sun,Away,L,2,5,Spartak Moscow,41,12222,Aleksandr Soldatenkov,4-2-3-1,4-3-1-2,Vasiliy Kazartsev,Match Report,,14,7,,0,0,2022,Samara,,
2022-10-16,14:00,Premier League,Matchweek 13,Sun,Home,W,2,0,Sochi,42,4302,Aleksandr Soldatenkov,4-2-3-1,3-4-3,Pavel Shadykhanov,Match Report,,14,5,,0,0,2022,Samara,,
2022-10-24,19:30 (17:30),Premier League,Matchweek 14,Mon,Away,L,1,2,Ural,43,2491,Aleksandr Soldatenkov,4-2-3-1,4-1-4-1,Kirill Levnikov,Match Report,,7,1,,0,0,2022,Samara,,
2022-10-30,15:00 (14:00),Premier League,Matchweek 15,Sun,Home,W,2,1,Nizhny Novgorod,70,3422,Aleksandr Soldatenkov,3-4-3,3-4-3,Vitaly Meshkov,Match Report,,31,10,,1,1,2022,Samara,,
2022-11-06,16:30,Premier League,Matchweek 16,Sun,Away,W,2,0,Torpedo Moscow,43,3905,Aleksandr Soldatenkov,4-4-2,3-4-3,Aleksey Amelin,Match Report,,11,6,,0,0,2022,Samara,,
2022-11-12,15:00 (14:00),Premier League,Matchweek 17,Sat,Home,L,1,3,Rostov,47,4046,Aleksandr Soldatenkov,4-4-2,4-1-4-1,Artem Lyubimov,Match Report,,26,11,,0,0,2022,Samara,,
2023-03-05,14:00,Premier League,Matchweek 18,Sun,Away,L,0,1,Dynamo Mosc,42,4943,Roman Yevgenyev,4-4-2,4-3-3,Ivan Sidenkov,Match Report,,13,8,,0,0,2022,Samara,,
2023-03-12,16:30,Premier League,Matchweek 19,Sun,Away,L,0,4,CSKA Moscow,48,2680,Roman Yevgenyev,4-4-2,3-4-3,Kirill Levnikov,Match Report,,8,1,,0,0,2022,Samara,,
2023-03-19,17:30 (16:30),Premier League,Matchweek 20,Sun,Home,L,0,1,Akhmat Grozny,52,2324,Aleksandr Soldatenkov,4-4-2,4-2-3-1,Rafael Shafeev,Match Report,,24,8,,0,0,2022,Samara,,
2023-04-02,15:00 (14:00),Premier League,Matchweek 21,Sun,Home,D,1,1,Orenburg,51,3840,Roman Yevgenyev,4-4-2,4-3-3,Sergey Ivanov,Match Report,,17,5,,0,0,2022,Samara,,
2023-04-09,15:00 (14:00),Premier League,Matchweek 22,Sun,Away,W,2,1,Sochi,41,2386,Roman Yevgenyev,4-4-2,3-4-3,Kirill Levnikov,Match Report,,12,3,,0,0,2022,Samara,,
2023-04-15,15:00 (14:00),Premier League,Matchweek 23,Sat,Home,D,0,0,FC Khimki,61,2853,Roman Yevgenyev,4-4-2,3-5-2,Rafael Shafeev,Match Report,,19,5,,0,0,2022,Samara,,
2023-04-23,14:00,Premier League,Matchweek 24,Sun,Away,L,1,2,Nizhny Novgorod,68,8485,Aleksandr Soldatenkov,4-4-2,5-4-1,Roman,Match Report,,13,4,,0,0,2022,Samara,,
2023-04-29,15:00 (14:00),Premier League,Matchweek 25,Sat,Home,L,1,5,Zenit,36,9612,Aleksandr Soldatenkov,5-4-1,4-3-3,Sergey Ivanov,Match Report,,12,4,,0,0,2022,Samara,,
2023-05-07,19:00,Premier League,Matchweek 26,Sun,Away,L,1,2,Krasnodar,34,9874,Aleksandr Soldatenkov,4-4-2,4-3-3,Aleksey Amelin,Match Report,,7,1,,0,0,2022,Samara,,
2023-05-14,15:00 (14:00),Premier League,Matchweek 27,Sun,Home,D,1,1,Loko Moscow,45,6155,Aleksandr Soldatenkov,4-4-2,4-2-3-1,Artem Lyubimov,Match Report,,12,3,,0,0,2022,Samara,,
2023-05-21,15:00 (14:00),Premier League,Matchweek 28,Sun,Home,W,3,0,Ural,49,4886,Aleksandr Soldatenkov,4-4-2,4-2-3-1,Vitaly Meshkov,Match Report,,13,5,,1,1,2022,Samara,,
2023-05-28,16:30,Premier League,Matchweek 29,Sun,Away,L,1,2,Fakel Voronezh,63,13070,Aleksandr Soldatenkov,4-4-2,3-4-1-2,Vladislav Bezborodov,Match Report,,11,1,,0,0,2022,Samara,,
2023-06-03,18:00 (17:00),Premier League,Matchweek 30,Sat,Home,W,1,0,Spartak Moscow,29,18196,Aleksandr Soldatenkov,3-4-3,4-3-2-1,Aleksey Amelin,Match Report,,7,5,,0,0,2022,Samara,,
2022-07-17,17:30,Premier League,Matchweek 1,Sun,Away,D,1,1,Loko Moscow,27.0,7379.0,Kirill Gotsuk,3-4-3,4-3-3,Vasiliy Kazartsev,Match Report,,2.0,1.0,,0,0,2022,Nizhny Novgorod,,
2022-07-24,15:00,Premier League,Matchweek 2,Sun,Away,L,0,3,FC Khimki,52.0,1530.0,Kirill Gotsuk,3-4-3,3-4-3,Artem Lyubimov,Match Report,,8.0,2.0,,0,0,2022,Nizhny Novgorod,,
2022-07-31,15:00,Premier League,Matchweek 3,Sun,Home,D,2,2,CSKA Moscow,53.0,11847.0,Kirill Gotsuk,3-4-3,3-4-3,Vitaly Meshkov,Match Report,,22.0,5.0,,0,0,2022,Nizhny Novgorod,,
2022-08-07,20:00,Premier League,Matchweek 4,Sun,Away,L,1,2,Sochi,35.0,3334.0,Kirill Gotsuk,3-4-3,3-4-3,Anton Frolov,Match Report,,8.0,2.0,,0,0,2022,Nizhny Novgorod,,
2022-08-14,17:30,Premier League,Matchweek 5,Sun,Home,L,3,4,Rostov,46.0,5784.0,Kirill Gotsuk,3-4-3,4-3-3,Pavel Shadykhanov,Match Report,,14.0,5.0,,1,1,2022,Nizhny Novgorod,,
2022-08-20,15:00 (13:00),Premier League,Matchweek 6,Sat,Away,W,1,0,Ural,52.0,3333.0,Kirill Gotsuk,3-4-3,4-2-3-1,Kirill Levnikov,Match Report,,15.0,4.0,,0,0,2022,Nizhny Novgorod,,
2022-08-27,15:00,Premier League,Matchweek 7,Sat,Home,D,2,2,Dynamo Mosc,51.0,6133.0,Kirill Gotsuk,3-4-3,4-3-3,Yan Bobrovskiy,Match Report,,14.0,6.0,,1,1,2022,Nizhny Novgorod,,
2022-09-03,15:00,Premier League,Matchweek 8,Sat,Home,W,3,1,Fakel Voronezh,60.0,3950.0,Kirill Gotsuk,3-4-3,3-4-1-2,Evgeny Kukulyak,Match Report,,13.0,5.0,,2,2,2022,Nizhny Novgorod,,
2022-09-10,19:45,Premier League,Matchweek 9,Sat,Away,W,3,1,Akhmat Grozny,43.0,7710.0,Kirill Gotsuk,3-4-3,4-2-3-1,Pavel Shadykhanov,Match Report,,7.0,4.0,,0,0,2022,Nizhny Novgorod,,
2022-09-18,14:00,Premier League,Matchweek 10,Sun,Home,L,0,2,Orenburg,56.0,4244.0,Kirill Gotsuk,3-4-3,3-4-3,Aleksey Sukhoy,Match Report,,11.0,3.0,,0,0,2022,Nizhny Novgorod,,
2022-10-02,19:00,Premier League,Matchweek 11,Sun,Home,L,1,2,Spartak Moscow,34.0,14363.0,Kirill Gotsuk,3-4-3,4-3-3,Evgeny Kukulyak,Match Report,,5.0,1.0,,0,0,2022,Nizhny Novgorod,,
2022-10-09,16:30,Premier League,Matchweek 12,Sun,Away,D,0,0,Torpedo Moscow,60.0,4487.0,Kirill Gotsuk,3-4-3,3-4-3,Vladislav Bezborodov,Match Report,,24.0,8.0,,0,0,2022,Nizhny Novgorod,,
2022-10-16,16:30,Premier League,Matchweek 13,Sun,Home,L,0,3,Zenit,39.0,16286.0,Kirill Gotsuk,3-4-3,4-3-3,Artem Chistyakov,Match Report,,6.0,0.0,,0,0,2022,Nizhny Novgorod,,
2022-10-22,14:00,Premier League,Matchweek 14,Sat,Home,L,0,2,Krasnodar,38.0,4368.0,Nikita Kakkoyev,3-4-3,4-3-3,Vasiliy Kazartsev,Match Report,,11.0,5.0,,0,0,2022,Nizhny Novgorod,,
2022-10-30,15:00 (14:00),Premier League,Matchweek 15,Sun,Away,L,1,2,Samara,30.0,3422.0,Kirill Gotsuk,3-4-3,3-4-3,Vitaly Meshkov,Match Report,,5.0,2.0,,1,1,2022,Nizhny Novgorod,,
2022-11-05,19:00,Premier League,Matchweek 16,Sat,Away,W,1,0,CSKA Moscow,35.0,7733.0,Nikita Kakkoyev,3-4-3,3-4-3,Sergey Ivanov,Match Report,,1.0,1.0,,0,0,2022,Nizhny Novgorod,,
2022-11-11,19:00,Premier League,Matchweek 17,Fri,Home,W,3,2,Akhmat Grozny,43.0,4133.0,Artur Nigmatullin,3-4-3,4-2-3-1,Aleksey Amelin,Match Report,,12.0,4.0,,0,0,2022,Nizhny Novgorod,,
2023-03-04,16:30,Premier League,Matchweek 18,Sat,Away,L,0,3,Zenit,33.0,19705.0,Kirill Gotsuk,3-4-3,4-3-3,Roman,Match Report,,6.0,0.0,,0,0,2022,Nizhny Novgorod,,
2023-03-12,19:30,Premier League,Matchweek 19,Sun,Away,L,1,2,Rostov,35.0,4394.0,Kirill Gotsuk,3-4-3,4-3-3,Anton Frolov,Match Report,,15.0,6.0,,0,0,2022,Nizhny Novgorod,,
2023-03-19,16:30,Premier League,Matchweek 20,Sun,Home,L,0,3,Torpedo Moscow,55.0,3305.0,Kirill Gotsuk,4-3-3,4-3-3,Evgeny Turbin,Match Report,Match awarded to Torpedo Moscow,19.0,9.0,,0,0,2022,Nizhny Novgorod,,
2023-04-01,14:00,Premier League,Matchweek 21,Sat,Home,L,0,4,Loko Moscow,51.0,6355.0,Kirill Gotsuk,4-3-3,4-2-3-1,Rafael Shafeev,Match Report,,11.0,2.0,,0,0,2022,Nizhny Novgorod,,
2023-04-09,19:00,Premier League,Matchweek 22,Sun,Away,L,1,3,Krasnodar,41.0,10677.0,Kirill Gotsuk,5-4-1,4-3-3,Sergei Cheban,Match Report,,11.0,5.0,,1,1,2022,Nizhny Novgorod,,
2023-04-15,14:00,Premier League,Matchweek 23,Sat,Away,L,1,3,Dynamo Mosc,37.0,4519.0,Kirill Gotsuk,5-4-1,4-3-3,Artem Chistyakov,Match Report,,9.0,2.0,,1,1,2022,Nizhny Novgorod,,
2023-04-23,14:00,Premier League,Matchweek 24,Sun,Home,W,2,1,Samara,32.0,8485.0,Kirill Gotsuk,5-4-1,4-4-2,Roman,Match Report,,4.0,2.0,,1,1,2022,Nizhny Novgorod,,
2023-04-30,16:00 (14:00),Premier League,Matchweek 25,Sun,Away,L,0,1,Orenburg,38.0,3349.0,Kirill Gotsuk,5-3-2,4-4-2,Evgeny Turbin,Match Report,,11.0,3.0,,0,0,2022,Nizhny Novgorod,,
2023-05-07,14:00,Premier League,Matchweek 26,Sun,Home,D,0,0,Ural,44.0,4490.0,Kirill Gotsuk,3-5-2,4-3-3,Vladislav Bezborodov,Match Report,,7.0,1.0,,0,0,2022,Nizhny Novgorod,,
2023-05-14,19:00,Premier League,Matchweek 27,Sun,Away,L,0,1,Fakel Voronezh,54.0,12252.0,Kirill Gotsuk,3-1-4-2,3-4-1-2,Sergey Ivanov,Match Report,,6.0,1.0,,0,0,2022,Nizhny Novgorod,,
2023-05-22,19:00,Premier League,Matchweek 28,Mon,Home,W,4,0,Sochi,42.0,5267.0,Kirill Gotsuk,3-5-2,3-4-3,Kirill Levnikov,Match Report,,19.0,6.0,,0,0,2022,Nizhny Novgorod,,
2023-05-28,14:00,Premier League,Matchweek 29,Sun,Away,D,0,0,Spartak Moscow,25.0,10145.0,Nikita Kakkoyev,3-5-2,4-2-3-1,Artem Lyubimov,Match Report,,6.0,4.0,,0,0,2022,Nizhny Novgorod,,
2023-06-03,17:00,Premier League,Matchweek 30,Sat,Home,W,2,0,FC Khimki,63.0,13159.0,Kirill Gotsuk,3-5-2,3-4-3,Vasiliy Kazartsev,Match Report,,16.0,9.0,,0,0,2022,Nizhny Novgorod,,
2022-07-17,20:00,Premier League,Matchweek 1,Sun,Away,D,2,2,Krasnodar,34.0,16125.0,Ruslan Magal,3-5-2,4-3-3,Sergey Karasev,Match Report,,16.0,10.0,,0,0,2022,Fakel Voronezh,,
2022-07-24,20:00,Premier League,Matchweek 2,Sun,Away,L,1,2,Akhmat Grozny,52.0,8550.0,Ruslan Magal,3-5-2,4-2-3-1,Aleksey Amelin,Match Report,,13.0,4.0,,0,0,2022,Fakel Voronezh,,
2022-07-30,15:00,Premier League,Matchweek 3,Sat,Home,D,3,3,Dynamo Mosc,51.0,19258.0,Ruslan Magal,3-5-2,4-3-3,Sergey Ivanov,Match Report,,15.0,5.0,,0,0,2022,Fakel Voronezh,,
2022-08-06,17:30,Premier League,Matchweek 4,Sat,Away,L,1,4,CSKA Moscow,39.0,14768.0,Aslan Dashayev,3-4-1-2,3-4-3,Yan Bobrovskiy,Match Report,,7.0,2.0,,1,1,2022,Fakel Voronezh,,
2022-08-12,19:30,Premier League,Matchweek 5,Fri,Home,D,0,0,Ural,43.0,18178.0,Oleg Dmitriyev,3-4-1-2,4-2-3-1,Vladislav Bezborodov,Match Report,,17.0,3.0,,0,0,2022,Fakel Voronezh,,
2022-08-19,20:00 (19:00),Premier League,Matchweek 6,Fri,Away,D,1,1,Samara,47.0,4923.0,Oleg Dmitriyev,3-4-1-2,4-4-2,Evgeny Turbin,Match Report,,8.0,5.0,,0,0,2022,Fakel Voronezh,,
2022-08-27,17:30,Premier League,Matchweek 7,Sat,Home,L,1,4,Spartak Moscow,39.0,20000.0,Oleg Dmitriyev,3-4-1-2,4-3-3,Artem Lyubimov,Match Report,,13.0,6.0,,0,0,2022,Fakel Voronezh,,
2022-09-03,15:00,Premier League,Matchweek 8,Sat,Away,L,1,3,Nizhny Novgorod,40.0,3950.0,Mikhail Olegovich Smirnov,3-4-1-2,3-4-3,Evgeny Kukulyak,Match Report,,6.0,4.0,,0,0,2022,Fakel Voronezh,,
2022-09-11,15:00,Premier League,Matchweek 9,Sun,Home,W,2,0,Loko Moscow,38.0,19096.0,Sergei Bryzgalov,3-5-2,4-2-3-1,Vladislav Bezborodov,Match Report,,7.0,4.0,,0,0,2022,Fakel Voronezh,,
2022-09-18,17:30 (16:30),Premier League,Matchweek 10,Sun,Away,D,1,1,Sochi,32.0,2610.0,Sergei Bryzgalov,3-5-2,3-4-3,Yan Bobrovskiy,Match Report,,7.0,2.0,,0,0,2022,Fakel Voronezh,,
2022-10-02,14:00,Premier League,Matchweek 11,Sun,Home,D,2,2,Torpedo Moscow,45.0,12457.0,Roman Akbashev,3-4-1-2,3-4-3,Kirill Levnikov,Match Report,,18.0,8.0,,0,0,2022,Fakel Voronezh,,
2022-10-08,14:00,Premier League,Matchweek 12,Sat,Home,D,1,1,Zenit,21.0,15967.0,Roman Akbashev,3-4-1-2,4-3-3,Pavel Kukuyan,Match Report,,5.0,4.0,,0,0,2022,Fakel Voronezh,,
2022-10-15,14:00,Premier League,Matchweek 13,Sat,Away,D,0,0,FC Khimki,40.0,2446.0,Roman Akbashev,3-4-1-2,4-3-3,Kirill Levnikov,Match Report,,19.0,7.0,,0,0,2022,Fakel Voronezh,,
2022-10-22,16:30,Premier League,Matchweek 14,Sat,Home,D,1,1,Rostov,48.0,13980.0,Roman Akbashev,3-4-1-2,4-3-3,Pavel Shadykhanov,Match Report,,16.0,5.0,,1,1,2022,Fakel Voronezh,,
2022-10-28,19:00 (17:00),Premier League,Matchweek 15,Fri,Away,L,1,4,Orenburg,50.0,3482.0,Maksim Maksimov,3-4-3,4-3-3,Evgeny Kukulyak,Match Report,,10.0,4.0,,0,0,2022,Fakel Voronezh,,
2022-11-05,16:30,Premier League,Matchweek 16,Sat,Home,D,3,3,Krasnodar,39.0,13578.0,Ruslan Magal,3-4-1-2,4-3-3,Sergey Karasev,Match Report,,17.0,8.0,,0,0,2022,Fakel Voronezh,,
2022-11-12,14:00 (12:00),Premier League,Matchweek 17,Sat,Away,L,0,2,Ural,45.0,2298.0,Ruslan Magal,3-4-1-2,4-3-3,Pavel Kukuyan,Match Report,,8.0,1.0,,0,0,2022,Fakel Voronezh,,
2023-03-03,19:00,Premier League,Matchweek 18,Fri,Home,D,1,1,FC Khimki,56.0,10321.0,Ruslan Magal,3-4-1-2,3-4-3,Artem Chistyakov,Match Report,,15.0,2.0,,0,0,2022,Fakel Voronezh,,
2023-03-11,16:30,Premier League,Matchweek 19,Sat,Away,L,2,3,Spartak Moscow,27.0,5002.0,Ruslan Magal,3-5-2,4-3-3,Vladislav Bezborodov,Match Report,,4.0,2.0,,1,1,2022,Fakel Voronezh,,
2023-03-18,16:30,Premier League,Matchweek 20,Sat,Home,W,3,0,Sochi,47.0,9686.0,Irakli Kvekveskiri,3-4-3,3-4-3,Artem Lyubimov,Match Report,,13.0,6.0,,1,1,2022,Fakel Voronezh,,
2023-04-02,16:30,Premier League,Matchweek 21,Sun,Home,L,0,2,CSKA Moscow,50.0,13029.0,Irakli Kvekveskiri,3-4-1-2,3-4-3,Pavel Kukuyan,Match Report,,11.0,2.0,,0,0,2022,Fakel Voronezh,,
2023-04-08,14:00,Premier League,Matchweek 22,Sat,Away,L,0,2,Torpedo Moscow,51.0,1626.0,Irakli Kvekveskiri,3-4-1-2,4-4-2,Sergey Karasev,Match Report,,14.0,4.0,,0,0,2022,Fakel Voronezh,,
2023-04-16,16:30,Premier League,Matchweek 23,Sun,Home,D,1,1,Akhmat Grozny,55.0,8885.0,Irakli Kvekveskiri,3-4-1-2,4-2-3-1,Roman,Match Report,,19.0,3.0,,0,0,2022,Fakel Voronezh,,
2023-04-22,16:30,Premier League,Matchweek 24,Sat,Home,L,1,3,Orenburg,49.0,9051.0,Irakli Kvekveskiri,3-4-1-2,4-4-2,Rafael Shafeev,Match Report,,9.0,3.0,,1,1,2022,Fakel Voronezh,,
2023-04-28,20:00,Premier League,Matchweek 25,Fri,Away,W,2,0,Dynamo Mosc,31.0,11687.0,Khyzyr Appayev,3-4-1-2,4-3-3,Artem Lyubimov,Match Report,,7.0,3.0,,1,1,2022,Fakel Voronezh,,
2023-05-06,19:00,Premier League,Matchweek 26,Sat,Away,W,2,0,Rostov,36.0,11010.0,Khyzyr Appayev,3-4-1-2,4-3-3,Evgeny Kukulyak,Match Report,,7.0,3.0,,0,0,2022,Fakel Voronezh,,
2023-05-14,19:00,Premier League,Matchweek 27,Sun,Home,W,1,0,Nizhny Novgorod,46.0,12252.0,Khyzyr Appayev,3-4-1-2,3-1-4-2,Sergey Ivanov,Match Report,,7.0,2.0,,1,1,2022,Fakel Voronezh,,
2023-05-20,14:00,Premier League,Matchweek 28,Sat,Away,L,0,1,Loko Moscow,31.0,5999.0,Khyzyr Appayev,3-4-1-2,4-2-3-1,Aleksey Amelin,Match Report,,13.0,2.0,,0,0,2022,Fakel Voronezh,,
2023-05-28,16:30,Premier League,Matchweek 29,Sun,Home,W,2,1,Samara,37.0,13070.0,Irakli Kvekveskiri,3-4-1-2,4-4-2,Vladislav Bezborodov,Match Report,,8.0,2.0,,0,0,2022,Fakel Voronezh,,
2023-06-03,17:00,Premier League,Matchweek 30,Sat,Away,L,0,1,Zenit,26.0,30594.0,Irakli Kvekveskiri,3-4-1-2,4-2-3-1,Artem Chistyakov,Match Report,,5.0,1.0,,0,0,2022,Fakel Voronezh,,
2022-07-15,20:00,Premier League,Matchweek 1,Fri,Home,D,1,1,Zenit,34,4028,Dmitri Tikhiy,3-4-3,4-3-3,Evgeny Kukulyak,Match Report,,8,3,,0,0,2022,FC Khimki,,
2022-07-24,15:00,Premier League,Matchweek 2,Sun,Home,W,3,0,Nizhny Novgorod,48,1530,Dmitri Tikhiy,3-4-3,3-4-3,Artem Lyubimov,Match Report,,10,6,,0,0,2022,FC Khimki,,
2022-07-31,20:00,Premier League,Matchweek 3,Sun,Away,L,0,1,Rostov,42,5313,Dmitri Tikhiy,3-4-3,3-4-3,Vladislav Bezborodov,Match Report,,12,1,,0,0,2022,FC Khimki,,
2022-08-07,15:00,Premier League,Matchweek 4,Sun,Away,W,3,1,Torpedo Moscow,48,3050,Denis Glushakov,3-4-3,4-2-3-1,Aleksey Amelin,Match Report,,19,9,,0,0,2022,FC Khimki,,
2022-08-14,15:00,Premier League,Matchweek 5,Sun,Home,L,1,3,Akhmat Grozny,57,1250,Denis Glushakov,3-4-3,3-4-3,Kirill Levnikov,Match Report,,12,6,,0,0,2022,FC Khimki,,
2022-08-20,15:00,Premier League,Matchweek 6,Sat,Home,L,0,3,Loko Moscow,61,2320,Dmitri Tikhiy,3-4-3,4-2-3-1,Ivan Sidenkov,Match Report,,18,4,,0,0,2022,FC Khimki,,
2022-08-26,21:00 (20:00),Premier League,Matchweek 7,Fri,Away,L,1,4,Sochi,43,3185,Dmitri Tikhiy,4-3-1-2,3-4-3,Vasiliy Kazartsev,Match Report,,2,0,,0,0,2022,FC Khimki,,
2022-09-03,15:00 (13:00),Premier League,Matchweek 8,Sat,Away,L,1,3,Orenburg,59,4936,Dmitri Tikhiy,3-1-4-2,3-4-1-2,Sergey Ivanov,Match Report,,10,5,,0,0,2022,FC Khimki,,
2022-09-10,15:00,Premier League,Matchweek 9,Sat,Home,D,0,0,Samara,59,1161,Dmitri Tikhiy,3-1-4-2,5-4-1,Vladimir Moskalev,Match Report,,11,1,,0,0,2022,FC Khimki,,
2022-09-18,16:30,Premier League,Matchweek 10,Sun,Away,L,1,3,Krasnodar,57,22259,Dmitri Tikhiy,3-1-4-2,4-3-3,Vladislav Bezborodov,Match Report,,12,3,,0,0,2022,FC Khimki,,
2022-10-01,16:30,Premier League,Matchweek 11,Sat,Home,L,1,2,CSKA Moscow,62,4230,Dmitri Tikhiy,3-4-3,3-4-3,Pavel Kukuyan,Match Report,,8,2,,0,0,2022,FC Khimki,,
2022-10-07,19:30 (17:30),Premier League,Matchweek 12,Fri,Away,L,1,2,Ural,60,2487,Ilya Lantratov,4-3-3,4-2-3-1,Sergey Karasev,Match Report,,16,3,,0,0,2022,FC Khimki,,
2022-10-15,14:00,Premier League,Matchweek 13,Sat,Home,D,0,0,Fakel Voronezh,60,2446,Denis Glushakov,4-3-3,3-4-1-2,Kirill Levnikov,Match Report,,16,2,,0,0,2022,FC Khimki,,
2022-10-23,16:30,Premier League,Matchweek 14,Sun,Away,L,0,5,Spartak Moscow,57,10631,Denis Glushakov,4-3-3,4-1-3-2,Artem Lyubimov,Match Report,,13,6,,0,0,2022,FC Khimki,,
2022-10-29,14:00,Premier League,Matchweek 15,Sat,Away,L,1,6,Dynamo Mosc,44,10246,Denis Glushakov,5-3-2,4-3-3,Yan Bobrovskiy,Match Report,,7,4,,1,1,2022,FC Khimki,,
2022-11-04,19:00,Premier League,Matchweek 16,Fri,Home,W,2,0,Orenburg,43,1766,Ilya Lantratov,4-3-3,4-3-3,Pavel Shadykhanov,Match Report,,9,2,,0,0,2022,FC Khimki,,
2022-11-13,16:30,Premier League,Matchweek 17,Sun,Home,L,0,2,Sochi,58,1897,Ilya Lantratov,4-3-3,3-4-3,Sergey Ivanov,Match Report,,12,2,,0,0,2022,FC Khimki,,
2023-03-03,19:00,Premier League,Matchweek 18,Fri,Away,D,1,1,Fakel Voronezh,44,10321,Butta Magomedov,3-4-3,3-4-1-2,Artem Chistyakov,Match Report,,8,4,,0,1,2022,FC Khimki,,
2023-03-12,14:00,Premier League,Matchweek 19,Sun,Away,L,2,3,Zenit,47,15965,Butta Magomedov,3-4-3,4-3-3,Artur Fedorov,Match Report,,11,6,,1,1,2022,FC Khimki,,
2023-03-19,14:00,Premier League,Matchweek 20,Sun,Home,L,0,1,Rostov,50,696,Butta Magomedov,4-3-3,4-3-3,Vladimir Moskalev,Match Report,,4,2,,0,0,2022,FC Khimki,,
2023-04-02,14:00,Premier League,Matchweek 21,Sun,Home,L,0,6,Krasnodar,47,1129,Butta Magomedov,3-5-2,4-3-3,Pavel Shadykhanov,Match Report,,11,2,,0,0,2022,FC Khimki,,
2023-04-09,16:30,Premier League,Matchweek 22,Sun,Away,L,0,3,CSKA Moscow,40,3970,Butta Magomedov,3-4-3,3-4-3,Roman,Match Report,,8,1,,0,0,2022,FC Khimki,,
2023-04-15,15:00 (14:00),Premier League,Matchweek 23,Sat,Away,D,0,0,Samara,39,2853,Brian Idowu,3-5-2,4-4-2,Rafael Shafeev,Match Report,,11,3,,0,0,2022,FC Khimki,,
2023-04-22,14:00,Premier League,Matchweek 24,Sat,Home,W,4,2,Torpedo Moscow,47,1453,Ayaz Guliyev,3-5-2,4-3-1-2,Kirill Levnikov,Match Report,,21,7,,1,2,2022,FC Khimki,,
2023-04-30,19:00,Premier League,Matchweek 25,Sun,Away,L,1,5,Loko Moscow,41,3720,Ayaz Guliyev,3-5-2,4-2-3-1,Vladislav Bezborodov,Match Report,,13,6,,0,0,2022,FC Khimki,,
2023-05-06,14:00,Premier League,Matchweek 26,Sat,Home,L,0,1,Dynamo Mosc,30,1386,Reziuan Mirzov,3-5-2,4-3-3,Sergey Karasev,Match Report,,5,2,,0,0,2022,FC Khimki,,
2023-05-13,14:00,Premier League,Matchweek 27,Sat,Home,D,1,1,Spartak Moscow,37,3019,Reziuan Mirzov,3-5-2,4-3-3,Evgeny Kukulyak,Match Report,,17,7,,0,0,2022,FC Khimki,,
2023-05-20,19:00,Premier League,Matchweek 28,Sat,Away,L,0,3,Akhmat Grozny,59,5154,Vitali Lystsov,3-1-4-2,4-2-3-1,Vladislav Bezborodov,Match Report,,9,3,,0,0,2022,FC Khimki,,
2023-05-27,14:00,Premier League,Matchweek 29,Sat,Home,L,0,3,Ural,54,663,Ayaz Guliyev,4-3-3,3-4-3,Aleksey Amelin,Match Report,,9,1,,0,0,2022,FC Khimki,,
2023-06-03,17:00,Premier League,Matchweek 30,Sat,Away,L,0,2,Nizhny Novgorod,38,13159,Butta Magomedov,3-4-3,3-5-2,Vasiliy Kazartsev,Match Report,,6,0,,0,0,2022,FC Khimki,,
2022-07-17,15:00,Premier League,Matchweek 1,Sun,Home,L,1,3,Sochi,45,2329,Artyom Samsonov,4-2-3-1,3-4-3,Sergey Ivanov,Match Report,,11,4,,0,0,2022,Torpedo Moscow,,
2022-07-24,17:30,Premier League,Matchweek 2,Sun,Away,L,0,4,Dynamo Mosc,45,13884,Artyom Samsonov,5-4-1,4-3-3,Vladislav Bezborodov,Match Report,,12,3,,0,0,2022,Torpedo Moscow,,
2022-07-31,18:30 (17:30),Premier League,Matchweek 3,Sun,Away,D,1,1,Samara,44,10159,Aleksandr Ryazantsev,4-2-3-1,4-4-2,Vasiliy Kazartsev,Match Report,,14,4,,0,0,2022,Torpedo Moscow,,
2022-08-07,15:00,Premier League,Matchweek 4,Sun,Home,L,1,3,FC Khimki,52,3050,Aleksandr Ryazantsev,4-2-3-1,3-4-3,Aleksey Amelin,Match Report,,14,8,,1,1,2022,Torpedo Moscow,,
2022-08-14,19:30 (17:30),Premier League,Matchweek 5,Sun,Away,L,0,1,Orenburg,45,7152,Aleksandr Ryazantsev,4-2-3-1,3-4-3,Artem Lyubimov,Match Report,,6,1,,0,0,2022,Torpedo Moscow,,
2022-08-21,17:30,Premier League,Matchweek 6,Sun,Away,L,0,2,Zenit,26,33158,Artyom Samsonov,4-3-3,4-2-3-1,Aleksey Sukhoy,Match Report,,1,0,,0,0,2022,Torpedo Moscow,,
2022-08-28,17:30,Premier League,Matchweek 7,Sun,Home,L,1,4,Krasnodar,44,2500,Artyom Samsonov,5-4-1,4-3-3,Evgeny Kukulyak,Match Report,,12,4,,0,0,2022,Torpedo Moscow,,
2022-09-05,20:00,Premier League,Matchweek 8,Mon,Home,L,0,1,Rostov,45,1093,Artyom Samsonov,5-4-1,4-3-3,Yan Bobrovskiy,Match Report,,9,4,,0,0,2022,Torpedo Moscow,,
2022-09-11,15:00 (13:00),Premier League,Matchweek 9,Sun,Away,L,0,2,Ural,42,3076,Artyom Samsonov,5-4-1,4-2-3-1,Pavel Kukuyan,Match Report,,5,2,,0,1,2022,Torpedo Moscow,,
2022-09-17,14:00,Premier League,Matchweek 10,Sat,Home,W,1,0,CSKA Moscow,35,8395,Artyom Samsonov,5-4-1,3-4-3,Pavel Shadykhanov,Match Report,,10,4,,0,0,2022,Torpedo Moscow,,
2022-10-02,14:00,Premier League,Matchweek 11,Sun,Away,D,2,2,Fakel Voronezh,55,12457,Igor Lebedenko,3-4-3,3-4-1-2,Kirill Levnikov,Match Report,,11,2,,0,0,2022,Torpedo Moscow,,
2022-10-09,16:30,Premier League,Matchweek 12,Sun,Home,D,0,0,Nizhny Novgorod,40,4487,Igor Smolnikov,3-4-3,3-4-3,Vladislav Bezborodov,Match Report,,5,2,,0,0,2022,Torpedo Moscow,,
2022-10-15,14:00,Premier League,Matchweek 13,Sat,Home,L,0,1,Loko Moscow,47,5405,Artyom Samsonov,3-4-3,4-2-3-1,Evgeny Kukulyak,Match Report,,6,1,,0,0,2022,Torpedo Moscow,,
2022-10-23,19:00,Premier League,Matchweek 14,Sun,Away,L,0,1,Akhmat Grozny,47,7120,Artyom Samsonov,3-4-3,4-2-3-1,Artem Chistyakov,Match Report,,9,2,,0,0,2022,Torpedo Moscow,,
2022-10-30,16:30,Premier League,Matchweek 15,Sun,Away,L,0,1,Spartak Moscow,35,13457,Igor Smolnikov,3-4-3,4-3-3,Sergey Ivanov,Match Report,,8,1,,0,0,2022,Torpedo Moscow,,
2022-11-06,16:30,Premier League,Matchweek 16,Sun,Home,L,0,2,Samara,57,3905,Igor Smolnikov,3-4-3,4-4-2,Aleksey Amelin,Match Report,,10,1,,0,0,2022,Torpedo Moscow,,
2022-11-12,16:30,Premier League,Matchweek 17,Sat,Home,L,0,2,Zenit,38,7888,Aleksandr Ryazantsev,3-4-3,4-3-3,Sergey Karasev,Match Report,,4,2,,0,0,2022,Torpedo Moscow,,
2023-03-05,16:30,Premier League,Matchweek 18,Sun,Away,D,2,2,Krasnodar,28,7965,Ravil Netfullin,4-4-2,4-3-3,Evgeny Kukulyak,Match Report,,7,3,,0,0,2022,Torpedo Moscow,,
2023-03-11,14:00,Premier League,Matchweek 19,Sat,Home,L,0,1,Ural,50,400,Ravil Netfullin,4-3-3,4-3-3,Roman,Match Report,,6,5,,0,0,2022,Torpedo Moscow,,
2023-03-19,16:30,Premier League,Matchweek 20,Sun,Away,W,3,0,Nizhny Novgorod,45,3305,Ravil Netfullin,4-3-3,4-3-3,Evgeny Turbin,Match Report,Match awarded to Torpedo Moscow,7,4,,0,0,2022,Torpedo Moscow,,
2023-04-02,19:00,Premier League,Matchweek 21,Sun,Away,L,1,2,Rostov,62,6300,Aleksandr Ryazantsev,4-4-2,4-3-3,Aleksey Amelin,Match Report,,12,2,,0,0,2022,Torpedo Moscow,,
2023-04-08,14:00,Premier League,Matchweek 22,Sat,Home,W,2,0,Fakel Voronezh,49,1626,Aleksandr Ryazantsev,4-4-2◆,3-4-1-2,Sergey Karasev,Match Report,,12,4,,0,0,2022,Torpedo Moscow,,
2023-04-15,19:00,Premier League,Matchweek 23,Sat,Home,L,1,2,Spartak Moscow,47,4154,Aleksandr Ryazantsev,4-3-1-2,4-4-2,Pavel Shadykhanov,Match Report,,12,6,,0,0,2022,Torpedo Moscow,,
2023-04-22,14:00,Premier League,Matchweek 24,Sat,Away,L,2,4,FC Khimki,53,1453,Aleksandr Ryazantsev,4-3-1-2,3-5-2,Kirill Levnikov,Match Report,,15,8,,1,1,2022,Torpedo Moscow,,
2023-04-30,17:30 (16:30),Premier League,Matchweek 25,Sun,Away,L,1,3,Sochi,48,1831,Aleksandr Ryazantsev,4-3-1-2,3-4-3,Artem Chistyakov,Match Report,,8,1,,0,0,2022,Torpedo Moscow,,
2023-05-06,16:30,Premier League,Matchweek 26,Sat,Home,L,1,5,Akhmat Grozny,61,647,Igor Lebedenko,4-3-3,4-2-3-1,Evgeny Turbin,Match Report,,10,2,,0,0,2022,Torpedo Moscow,,
2023-05-13,19:00,Premier League,Matchweek 27,Sat,Away,L,0,3,CSKA Moscow,39,4406,Artyom Samsonov,3-5-2,3-4-3,Vitaly Meshkov,Match Report,,7,2,,0,0,2022,Torpedo Moscow,,
2023-05-20,16:30,Premier League,Matchweek 28,Sat,Home,L,0,3,Dynamo Mosc,39,1837,Yegor Baburin,3-5-2,4-2-2-2,Vasiliy Kazartsev,Match Report,,11,5,,0,0,2022,Torpedo Moscow,,
2023-05-27,16:30,Premier League,Matchweek 29,Sat,Home,L,1,3,Orenburg,34,982,Artyom Samsonov,5-3-2,4-3-3,Yan Bobrovskiy,Match Report,,10,3,,0,0,2022,Torpedo Moscow,,
2023-06-03,17:00,Premier League,Matchweek 30,Sat,Away,L,1,3,Loko Moscow,44,5667,Yegor Baburin,4-2-3-1,4-2-3-1,Sergei Cheban,Match Report,,10,4,,0,0,2022,Torpedo Moscow,,
2021-07-24,17:30,Premier League,Matchweek 1,Sat,Away,W,3,1,FC Khimki,61,650,Dejan Lovren,4-4-2,4-4-2,Evgeny Kukulyak,Match Report,,13,7,,1,1,2021,Zenit,,
2021-08-01,20:00,Premier League,Matchweek 2,Sun,Away,W,4,2,Rostov,55,,Dejan Lovren,4-3-3,4-5-1,Vitaly Meshkov,Match Report,,18,8,,1,1,2021,Zenit,,
2021-08-07,17:00,Premier League,Matchweek 3,Sat,Home,W,3,2,Krasnodar,39,983,Dejan Lovren,4-4-2,4-2-3-1,Aleksey Amelin,Match Report,,9,6,,0,0,2021,Zenit,,
2021-08-15,17:30,Premier League,Matchweek 4,Sun,Away,D,1,1,Loko Moscow,50,2994,Dejan Lovren,4-4-2,4-4-2,Sergey Karasev,Match Report,,12,4,,1,1,2021,Zenit,,
2021-08-21,20:00 (18:00),Premier League,Matchweek 5,Sat,Away,D,1,1,Ufa,62,761,Dejan Lovren,4-2-2-2,5-3-2,Pavel Shadykhanov,Match Report,,19,6,,0,0,2021,Zenit,,
2021-08-26,20:45,Premier League,Matchweek 6,Thu,Home,W,1,0,CSKA Moscow,58,998,Dejan Lovren,4-4-2,3-4-3,Sergey Ivanov,Match Report,,15,6,,0,0,2021,Zenit,,
2021-09-11,16:30,Premier League,Matchweek 7,Sat,Home,W,3,1,Akhmat Grozny,62,7516,Artem Dzyuba,4-4-2,3-4-3,Evgeny Kukulyak,Match Report,,18,9,,0,0,2021,Zenit,,
2021-09-20,18:30,Premier League,Matchweek 8,Mon,Away,W,3,1,Rubin Kazan,62,7480,Artem Dzyuba,3-4-3,4-2-3-1,Sergey Ivanov,Match Report,,18,9,,0,0,2021,Zenit,,
2021-09-25,16:30,Premier League,Matchweek 9,Sat,Home,W,2,1,Samara,58,13471,Artem Dzyuba,3-4-3,4-4-2,Vitaly Meshkov,Match Report,,21,9,,1,1,2021,Zenit,,
2021-10-03,16:30,Premier League,Matchweek 10,Sun,Home,L,1,2,Sochi,53,12762,Artem Dzyuba,4-4-2,3-4-3,Pavel Shadykhanov,Match Report,,15,4,,0,0,2021,Zenit,,
2021-10-16,18:00 (14:00),Premier League,Matchweek 11,Sat,Away,L,1,2,Arsenal Tula,73,4867,Dejan Lovren,3-4-3,4-1-4-1,Pavel Kukuyan,Match Report,,26,9,,0,0,2021,Zenit,,
2021-10-24,19:00,Premier League,Matchweek 12,Sun,Home,W,7,1,Spartak Moscow,44,18721,Dejan Lovren,3-4-3,3-4-3,Sergey Ivanov,Match Report,,16,11,,1,1,2021,Zenit,,
2021-10-29,19:00,Premier League,Matchweek 13,Fri,Home,W,4,1,Dynamo Mosc,60,18190,Dejan Lovren,3-4-3,4-3-3,Sergey Karasev,Match Report,,14,7,,0,0,2021,Zenit,,
2021-11-07,16:00 (14:00),Premier League,Matchweek 14,Sun,Away,D,0,0,Ural,64,492,Dejan Lovren,3-4-1-2,5-4-1,Igor Panin,Match Report,,11,2,,0,0,2021,Zenit,,
2021-11-19,19:00,Premier League,Matchweek 15,Fri,Home,W,5,1,Nizhny Novgorod,58,16575,Dejan Lovren,4-2-3-1,4-1-4-1,Pavel Kukuyan,Match Report,,22,9,,0,0,2021,Zenit,,
2021-11-28,20:00,Premier League,Matchweek 16,Sun,Away,W,2,0,CSKA Moscow,46,12000,Dejan Lovren,3-4-3,5-3-2,Sergey Karasev,Match Report,,9,3,,0,0,2021,Zenit,,
2021-12-03,19:00,Premier League,Matchweek 17,Fri,Home,D,2,2,Rostov,73,19890,Mikhail Kerzhakov,4-2-3-1,4-3-3,Aleksey Matyunin,Match Report,,15,3,,1,1,2021,Zenit,,
2021-12-12,14:00,Premier League,Matchweek 18,Sun,Away,D,1,1,Dynamo Mosc,57,17494,Dejan Lovren,4-2-3-1,4-3-3,Sergey Karasev,Match Report,,5,3,,0,1,2021,Zenit,,
2022-02-28,19:00,Premier League,Matchweek 19,Mon,Home,W,3,2,Rubin Kazan,61,16668,Artem Dzyuba,3-4-3,4-1-4-1,Evgeny Kukulyak,Match Report,,28,10,,1,1,2021,Zenit,,
2022-03-07,16:30,Premier League,Matchweek 20,Mon,Home,W,2,0,Ufa,66,24377,Artem Dzyuba,3-4-3,5-3-2,Sergey Ivanov,Match Report,,18,8,,0,0,2021,Zenit,,
2022-03-13,16:30,Premier League,Matchweek 21,Sun,Away,D,1,1,Samara,62,8776,Artem Dzyuba,3-4-3,4-4-2,Anton Frolov,Match Report,,17,4,,0,0,2021,Zenit,,
2022-03-19,19:30,Premier League,Matchweek 22,Sat,Home,W,3,0,Arsenal Tula,70,31426,Mikhail Kerzhakov,3-4-3,4-1-4-1,Sergey Karasev,Match Report,,22,9,,0,0,2021,Zenit,,
2022-04-03,20:00 (19:00),Premier League,Matchweek 23,Sun,Away,D,0,0,Sochi,61,10307,Artem Dzyuba,4-3-3,3-4-3,Vladimir Moskalev,Match Report,,19,3,,0,0,2021,Zenit,,
2022-04-09,19:30,Premier League,Matchweek 24,Sat,Away,W,2,0,Akhmat Grozny,56,6750,Artem Dzyuba,3-4-3,4-2-3-1,Aleksey Matyunin,Match Report,,10,6,,0,0,2021,Zenit,,
2022-04-16,16:30,Premier League,Matchweek 25,Sat,Home,W,3,1,Ural,58,36787,Mikhail Kerzhakov,4-3-3,5-4-1,Vitaly Meshkov,Match Report,,18,7,,0,1,2021,Zenit,,
2022-04-25,19:00,Premier League,Matchweek 26,Mon,Away,W,3,1,Krasnodar,58,17590,Mikhail Kerzhakov,4-4-2,4-3-3,Evgeny Kukulyak,Match Report,,19,6,,0,0,2021,Zenit,,
2022-04-30,19:30,Premier League,Matchweek 27,Sat,Home,W,3,1,Loko Moscow,67,47584,Mikhail Kerzhakov,4-4-2,4-2-3-1,Vladimir Moskalev,Match Report,,16,8,,0,0,2021,Zenit,,
2022-05-07,16:30,Premier League,Matchweek 28,Sat,Home,W,1,0,FC Khimki,68,40068,Douglas Santos,4-4-2,3-4-3,Aleksey Amelin,Match Report,,15,8,,0,0,2021,Zenit,,
2022-05-15,16:30,Premier League,Matchweek 29,Sun,Away,D,1,1,Spartak Moscow,70,16598,Douglas Santos,4-4-2,3-4-3,Pavel Kukuyan,Match Report,,14,2,,1,1,2021,Zenit,,
2022-05-21,17:00,Premier League,Matchweek 30,Sat,Away,L,0,1,Nizhny Novgorod,71,30235,Artem Dzyuba,4-4-2,5-4-1,Vitaly Meshkov,Match Report,,11,3,,0,0,2021,Zenit,,
2021-07-26,19:00,Premier League,Matchweek 1,Mon,Away,L,0,1,Nizhny Novgorod,57.0,487.0,Ibragim Tsallagov,3-4-3,5-4-1,Pavel Shadykhanov,Match Report,,21.0,4.0,,0,0,2021,Sochi,,
2021-08-02,20:00,Premier League,Matchweek 2,Mon,Away,W,2,1,Akhmat Grozny,43.0,11318.0,Ibragim Tsallagov,3-4-3,4-2-3-1,Ivan Sidenkov,Match Report,,12.0,5.0,,0,0,2021,Sochi,,
2021-08-09,20:00 (19:00),Premier League,Matchweek 3,Mon,Home,W,2,0,Ural,48.0,467.0,Soslan Dzhanayev,3-4-3,3-5-2,Kirill Levnikov,Match Report,,14.0,2.0,,1,1,2021,Sochi,,
2021-08-16,19:00,Premier League,Matchweek 4,Mon,Home,W,3,0,FC Khimki,49.0,491.0,Soslan Dzhanayev,3-4-3,3-5-2,Vladislav Bezborodov,Match Report,,10.0,6.0,,0,0,2021,Sochi,,
2021-08-21,21:00 (20:00),Premier League,Matchweek 5,Sat,Away,L,0,1,Samara,62.0,1566.0,Soslan Dzhanayev,3-4-3,4-4-2,Anton Frolov,Match Report,,9.0,3.0,,0,0,2021,Sochi,,
2021-08-26,18:30,Premier League,Matchweek 6,Thu,Away,W,2,1,Spartak Moscow,42.0,2713.0,Soslan Dzhanayev,3-4-3,3-4-3,Vitaly Meshkov,Match Report,,10.0,3.0,,0,0,2021,Sochi,,
2021-09-12,17:30 (16:30),Premier League,Matchweek 7,Sun,Home,W,3,1,Ufa,64.0,498.0,Soslan Dzhanayev,3-4-3,5-3-2,Aleksey Sukhoy,Match Report,,21.0,9.0,,0,0,2021,Sochi,,
2021-09-19,20:00 (19:00),Premier League,Matchweek 8,Sun,Home,L,0,1,Dynamo Mosc,68.0,498.0,Soslan Dzhanayev,3-4-3,4-3-3,Vasiliy Kazartsev,Match Report,,23.0,7.0,,0,0,2021,Sochi,,
2021-09-26,19:00,Premier League,Matchweek 9,Sun,Away,L,0,3,Krasnodar,52.0,10554.0,Soslan Dzhanayev,3-4-3,4-2-3-1,Igor Panin,Match Report,,19.0,5.0,,0,0,2021,Sochi,,
2021-10-03,16:30,Premier League,Matchweek 10,Sun,Away,W,2,1,Zenit,48.0,12762.0,Soslan Dzhanayev,3-4-3,4-4-2,Pavel Shadykhanov,Match Report,,17.0,5.0,,0,0,2021,Sochi,,
2021-10-16,19:00,Premier League,Matchweek 11,Sat,Home,W,3,2,Rostov,46.0,4735.0,Soslan Dzhanayev,3-4-3,4-3-3,Evgeny Kukulyak,Match Report,,11.0,5.0,,1,1,2021,Sochi,,
2021-10-25,19:00,Premier League,Matchweek 12,Mon,Away,L,1,2,Loko Moscow,58.0,3857.0,Ibragim Tsallagov,3-4-3,4-2-3-1,Vladislav Bezborodov,Match Report,,8.0,1.0,,0,0,2021,Sochi,,
2021-10-31,16:30,Premier League,Matchweek 13,Sun,Away,W,2,1,Arsenal Tula,45.0,,Ibragim Tsallagov,3-4-3,4-1-4-1,Pavel Shadykhanov,Match Report,,12.0,3.0,,0,0,2021,Sochi,,
2021-11-06,20:00 (19:00),Premier League,Matchweek 14,Sat,Home,W,4,1,CSKA Moscow,51.0,7628.0,Ibragim Tsallagov,3-4-3,4-4-2,Sergey Ivanov,Match Report,,13.0,6.0,,0,0,2021,Sochi,,
2021-11-21,20:30 (19:30),Premier League,Matchweek 15,Sun,Home,L,1,2,Rubin Kazan,61.0,3731.0,Ibragim Tsallagov,3-4-3,4-2-3-1,Aleksey Matyunin,Match Report,,31.0,7.0,,0,0,2021,Sochi,,
2021-11-27,16:00 (14:00),Premier League,Matchweek 16,Sat,Away,D,1,1,Ural,48.0,1390.0,Ibragim Tsallagov,3-4-3,5-4-1,Artem Lyubimov,Match Report,,13.0,4.0,,0,0,2021,Sochi,,
2021-12-05,20:00 (19:00),Premier League,Matchweek 17,Sun,Home,L,1,2,Krasnodar,51.0,4521.0,Ibragim Tsallagov,3-4-3,4-2-3-1,Sergey Karasev,Match Report,,21.0,6.0,,0,0,2021,Sochi,,
2021-12-13,20:00 (19:00),Premier League,Matchweek 18,Mon,Home,W,3,0,Spartak Moscow,42.0,9298.0,Ibragim Tsallagov,3-4-3,4-4-2,Sergey Ivanov,Match Report,,10.0,4.0,,2,2,2021,Sochi,,
2022-02-26,16:30,Premier League,Matchweek 19,Sat,Home,W,2,0,Arsenal Tula,54.0,3234.0,Ibragim Tsallagov,3-4-3,4-1-4-1,Vladislav Bezborodov,Match Report,,13.0,4.0,,1,1,2021,Sochi,,
2022-03-07,16:30,Premier League,Matchweek 20,Mon,Away,W,1,0,Rostov,54.0,14564.0,Ibragim Tsallagov,3-4-3,4-3-3,Igor Panin,Match Report,,10.0,2.0,,1,1,2021,Sochi,,
2022-03-13,14:00,Premier League,Matchweek 21,Sun,Away,D,0,0,FC Khimki,58.0,503.0,Ibragim Tsallagov,3-4-3,4-3-3,Aleksey Matyunin,Match Report,,10.0,3.0,,0,1,2021,Sochi,,
2022-03-20,17:30 (16:30),Premier League,Matchweek 22,Sun,Home,L,2,3,Samara,52.0,3807.0,Soslan Dzhanayev,3-4-3,4-4-2,Artem Lyubimov,Match Report,,10.0,3.0,,0,0,2021,Sochi,,
2022-04-03,20:00 (19:00),Premier League,Matchweek 23,Sun,Home,D,0,0,Zenit,39.0,10307.0,Soslan Dzhanayev,3-4-3,4-3-3,Vladimir Moskalev,Match Report,,5.0,3.0,,0,0,2021,Sochi,,
2022-04-10,16:00 (14:00),Premier League,Matchweek 24,Sun,Away,W,2,1,Ufa,59.0,6866.0,Soslan Dzhanayev,3-4-3,3-4-3,Aleksey Amelin,Match Report,,6.0,6.0,,0,0,2021,Sochi,,
2022-04-17,17:30 (16:30),Premier League,Matchweek 25,Sun,Home,D,2,2,Loko Moscow,56.0,6255.0,Soslan Dzhanayev,3-4-3,4-2-3-1,Vasiliy Kazartsev,Match Report,,14.0,6.0,,0,0,2021,Sochi,,
2022-04-23,19:00,Premier League,Matchweek 26,Sat,Home,W,3,2,Akhmat Grozny,62.0,4853.0,Ibragim Tsallagov,3-5-2,5-4-1,Kirill Levnikov,Match Report,,12.0,6.0,,0,0,2021,Sochi,,
2022-04-30,14:00,Premier League,Matchweek 27,Sat,Away,W,6,0,Rubin Kazan,63.0,5180.0,Ibragim Tsallagov,3-4-3,4-3-3,Yan Bobrovskiy,Match Report,,22.0,7.0,,0,0,2021,Sochi,,
2022-05-07,19:00,Premier League,Matchweek 28,Sat,Away,W,1,0,CSKA Moscow,48.0,11192.0,Ibragim Tsallagov,3-4-1-2,3-4-3,Vladislav Bezborodov,Match Report,,11.0,5.0,,0,0,2021,Sochi,,
2022-05-13,19:00,Premier League,Matchweek 29,Fri,Home,D,0,0,Nizhny Novgorod,76.0,5837.0,Ibragim Tsallagov,3-4-1-2,5-4-1,Nikolay Levnikov,Match Report,,28.0,7.0,,0,1,2021,Sochi,,
2022-05-21,17:00,Premier League,Matchweek 30,Sat,Away,W,5,1,Dynamo Mosc,59.0,25018.0,Ibragim Tsallagov,3-4-1-2,4-3-3,Vladimir Moskalev,Match Report,,15.0,5.0,,1,1,2021,Sochi,,
2021-07-23,20:00,Premier League,Matchweek 1,Fri,Away,W,2,0,Rostov,44,,Anton Shunin,4-3-3,4-3-3,Vladimir Moskalev,Match Report,,17,9,,0,0,2021,Dynamo Moscow,,
2021-07-31,19:30 (17:30),Premier League,Matchweek 2,Sat,Away,W,3,2,Ufa,45,669.0,Anton Shunin,4-3-3,3-5-2,Aleksey Sukhoy,Match Report,,19,7,,2,2,2021,Dynamo Moscow,,
2021-08-08,20:00,Premier League,Matchweek 3,Sun,Home,W,2,1,CSKA Moscow,46,2438.0,Anton Shunin,4-3-3,4-2-3-1,Vladislav Bezborodov,Match Report,,20,6,,1,1,2021,Dynamo Moscow,,
2021-08-14,20:00,Premier League,Matchweek 4,Sat,Away,L,1,2,Akhmat Grozny,63,7069.0,Anton Shunin,4-3-3,5-4-1,Sergey Ivanov,Match Report,,17,1,,0,0,2021,Dynamo Moscow,,
2021-08-21,20:00 (18:00),Premier League,Matchweek 5,Sat,Away,W,1,0,Ural,64,460.0,Anton Shunin,4-3-3,4-2-3-1,Ivan Sidenkov,Match Report,,28,8,,0,0,2021,Dynamo Moscow,,
2021-08-27,19:00,Premier League,Matchweek 6,Fri,Home,D,1,1,Loko Moscow,51,2697.0,Anton Shunin,4-3-3,4-4-2,Kirill Levnikov,Match Report,,24,4,,0,0,2021,Dynamo Moscow,,
2021-09-12,19:00,Premier League,Matchweek 7,Sun,Home,L,1,2,Nizhny Novgorod,60,7146.0,Anton Shunin,4-3-3,5-4-1,Vitaly Meshkov,Match Report,,18,5,,0,1,2021,Dynamo Moscow,,
2021-09-19,20:00 (19:00),Premier League,Matchweek 8,Sun,Away,W,1,0,Sochi,32,498.0,Ivan Ordets,4-3-3,3-4-3,Vasiliy Kazartsev,Match Report,,10,5,,0,0,2021,Dynamo Moscow,,
2021-09-26,14:00,Premier League,Matchweek 9,Sun,Home,W,2,0,Rubin Kazan,47,7101.0,Ivan Ordets,4-3-3,4-3-3,Aleksey Sukhoy,Match Report,,19,10,,0,0,2021,Dynamo Moscow,,
2021-10-02,16:30,Premier League,Matchweek 10,Sat,Home,L,0,1,Samara,61,4137.0,Ivan Ordets,4-3-3,4-4-2,Evgeny Kukulyak,Match Report,,21,6,,0,0,2021,Dynamo Moscow,,
2021-10-16,19:00,Premier League,Matchweek 11,Sat,Away,D,2,2,Spartak Moscow,43,10443.0,Anton Shunin,4-3-3,3-4-3,Sergey Karasev,Match Report,,8,2,,0,0,2021,Dynamo Moscow,,
2021-10-22,19:00,Premier League,Matchweek 12,Fri,Home,W,4,1,FC Khimki,50,6247.0,Anton Shunin,4-3-3,3-5-2,Ivan Sidenkov,Match Report,,18,8,,0,0,2021,Dynamo Moscow,,
2021-10-29,19:00,Premier League,Matchweek 13,Fri,Away,L,1,4,Zenit,40,18190.0,Anton Shunin,4-3-3,3-4-3,Sergey Karasev,Match Report,,15,6,,1,1,2021,Dynamo Moscow,,
2021-11-06,16:30,Premier League,Matchweek 14,Sat,Home,W,1,0,Krasnodar,35,7475.0,Anton Shunin,4-3-3,4-2-3-1,Vladimir Moskalev,Match Report,,9,4,,0,0,2021,Dynamo Moscow,,
2021-11-21,16:30,Premier League,Matchweek 15,Sun,Home,W,5,1,Arsenal Tula,58,6579.0,Anton Shunin,4-3-3,4-1-4-1,Vitaly Meshkov,Match Report,,14,9,,0,0,2021,Dynamo Moscow,,
2021-11-28,16:30,Premier League,Matchweek 16,Sun,Away,W,3,2,Rubin Kazan,46,3526.0,Anton Shunin,4-3-3,4-1-4-1,Kirill Levnikov,Match Report,,21,11,,0,1,2021,Dynamo Moscow,,
2021-12-05,16:30,Premier League,Matchweek 17,Sun,Home,W,2,0,Ufa,74,7437.0,Anton Shunin,4-3-3,5-3-2,Vladislav Bezborodov,Match Report,,28,8,,0,0,2021,Dynamo Moscow,,
2021-12-12,14:00,Premier League,Matchweek 18,Sun,Home,D,1,1,Zenit,43,17494.0,Anton Shunin,4-3-3,4-2-3-1,Sergey Karasev,Match Report,,12,5,,0,0,2021,Dynamo Moscow,,
2022-02-26,14:00,Premier League,Matchweek 19,Sat,Away,W,3,0,FC Khimki,59,2198.0,Anton Shunin,4-3-3,3-5-2,Kirill Levnikov,Match Report,,25,11,,0,0,2021,Dynamo Moscow,,
2022-03-06,19:00,Premier League,Matchweek 20,Sun,Home,L,0,2,Spartak Moscow,42,19353.0,Anton Shunin,4-3-3,3-4-3,Sergey Karasev,Match Report,,11,1,,0,0,2021,Dynamo Moscow,,
2022-03-12,20:30 (16:30),Premier League,Matchweek 21,Sat,Away,W,4,1,Arsenal Tula,57,5246.0,Anton Shunin,4-3-3,4-1-4-1,Yan Bobrovskiy,Match Report,,16,6,,1,1,2021,Dynamo Moscow,,
2022-03-20,20:00,Premier League,Matchweek 22,Sun,Home,D,1,1,Rostov,59,14127.0,Anton Shunin,4-3-3,4-3-3,Pavel Kukuyan,Match Report,,13,4,,1,1,2021,Dynamo Moscow,,
2022-04-03,14:00,Premier League,Matchweek 23,Sun,Away,W,1,0,Krasnodar,42,12213.0,Anton Shunin,4-3-3,4-3-3,Aleksey Sukhoy,Match Report,,17,5,,1,1,2021,Dynamo Moscow,,
2022-04-09,14:00,Premier League,Matchweek 24,Sat,Away,W,1,0,Nizhny Novgorod,67,14155.0,Anton Shunin,4-3-3,5-4-1,Vitaly Meshkov,Match Report,,11,2,,0,0,2021,Dynamo Moscow,,
2022-04-15,19:30,Premier League,Matchweek 25,Fri,Home,W,2,0,Akhmat Grozny,62,15682.0,Anton Shunin,4-3-3,4-2-3-1,Sergey Ivanov,Match Report,,15,7,,0,0,2021,Dynamo Moscow,,
2022-04-24,19:30,Premier League,Matchweek 26,Sun,Away,L,0,1,CSKA Moscow,45,13321.0,Anton Shunin,4-3-3,4-2-3-1,Sergey Karasev,Match Report,,17,3,,0,0,2021,Dynamo Moscow,,
2022-04-30,14:00,Premier League,Matchweek 27,Sat,Home,L,2,3,Ural,48,15381.0,Anton Shunin,4-3-3,4-2-3-1,Pavel Kukuyan,Match Report,,27,10,,0,0,2021,Dynamo Moscow,,
2022-05-06,18:00,Premier League,Matchweek 28,Fri,Away,L,2,5,Samara,48,32314.0,Anton Shunin,4-3-3,4-3-3,Vasiliy Kazartsev,Match Report,,9,4,,0,0,2021,Dynamo Moscow,,
2022-05-14,16:30,Premier League,Matchweek 29,Sat,Away,D,3,3,Loko Moscow,43,14915.0,Anton Shunin,4-3-3,4-3-3,Sergey Ivanov,Match Report,,16,6,,1,1,2021,Dynamo Moscow,,
2022-05-21,17:00,Premier League,Matchweek 30,Sat,Home,L,1,5,Sochi,42,25018.0,Fabián Balbuena,4-3-3,3-4-1-2,Vladimir Moskalev,Match Report,,12,4,,0,0,2021,Dynamo Moscow,,
2021-07-25,19:30 (17:30),Premier League,Matchweek 1,Sun,Away,W,3,0,Ural,47,471,Matvei Safonov,4-2-3-1,4-4-2,Vasiliy Kazartsev,Match Report,,17,6,,1,1,2021,Krasnodar,,
2021-08-01,20:00,Premier League,Matchweek 2,Sun,Home,L,0,1,FC Khimki,64,500,Matvei Safonov,4-2-3-1,5-3-2,Artem Lyubimov,Match Report,,11,5,,0,1,2021,Krasnodar,,
2021-08-07,17:00,Premier League,Matchweek 3,Sat,Away,L,2,3,Zenit,61,983,Matvei Safonov,4-2-3-1,4-4-2,Aleksey Amelin,Match Report,,19,4,,0,0,2021,Krasnodar,,
2021-08-15,20:00,Premier League,Matchweek 4,Sun,Home,W,3,2,Arsenal Tula,63,500,Grzegorz Krychowiak,4-2-3-1,5-4-1,Pavel Shadykhanov,Match Report,,25,11,,0,1,2021,Krasnodar,,
2021-08-22,16:00,Premier League,Matchweek 5,Sun,Away,L,1,2,Loko Moscow,65,2914,Grzegorz Krychowiak,4-2-3-1,4-4-2,Vitaly Meshkov,Match Report,,18,4,,0,0,2021,Krasnodar,,
2021-08-27,20:30,Premier League,Matchweek 6,Fri,Home,W,2,0,Rubin Kazan,63,491,Grzegorz Krychowiak,4-2-3-1,4-3-3,Evgeny Kukulyak,Match Report,,14,7,,0,0,2021,Krasnodar,,
2021-09-13,19:30,Premier League,Matchweek 7,Mon,Away,D,1,1,Rostov,54,5669,Grzegorz Krychowiak,4-2-3-1,5-3-2,Aleksey Matyunin,Match Report,,6,1,,0,1,2021,Krasnodar,,
2021-09-18,19:00,Premier League,Matchweek 8,Sat,Away,W,2,0,Akhmat Grozny,50,7399,Matvei Safonov,4-2-3-1,3-5-2,Ivan Sidenkov,Match Report,,11,2,,0,0,2021,Krasnodar,,
2021-09-26,19:00,Premier League,Matchweek 9,Sun,Home,W,3,0,Sochi,48,10554,Grzegorz Krychowiak,4-2-3-1,3-4-3,Igor Panin,Match Report,,20,8,,1,1,2021,Krasnodar,,
2021-10-02,19:00,Premier League,Matchweek 10,Sat,Away,D,0,0,CSKA Moscow,56,7448,Grzegorz Krychowiak,4-2-3-1,4-2-3-1,Vladimir Moskalev,Match Report,,33,5,,0,0,2021,Krasnodar,,
2021-10-17,19:00,Premier League,Matchweek 11,Sun,Home,D,1,1,Ufa,68,10554,Grzegorz Krychowiak,4-2-3-1,5-3-2,Aleksey Sukhoy,Match Report,,27,6,,1,1,2021,Krasnodar,,
2021-10-23,14:00,Premier League,Matchweek 12,Sat,Away,W,4,1,Nizhny Novgorod,61,2857,Grzegorz Krychowiak,4-2-3-1,5-3-2,Aleksey Matyunin,Match Report,,21,10,,0,1,2021,Krasnodar,,
2021-10-30,19:00,Premier League,Matchweek 13,Sat,Home,L,0,1,Samara,63,10554,Grzegorz Krychowiak,4-2-3-1,4-4-2,Evgeny Kukulyak,Match Report,,17,8,,0,0,2021,Krasnodar,,
2021-11-06,16:30,Premier League,Matchweek 14,Sat,Away,L,0,1,Dynamo Mosc,65,7475,Grzegorz Krychowiak,4-2-3-1,4-3-3,Vladimir Moskalev,Match Report,,19,7,,0,0,2021,Krasnodar,,
2021-11-20,19:00,Premier League,Matchweek 15,Sat,Home,W,2,1,Spartak Moscow,47,10554,Grzegorz Krychowiak,4-2-3-1,3-4-3,Aleksey Sukhoy,Match Report,,16,3,,1,1,2021,Krasnodar,,
2021-11-27,19:00,Premier League,Matchweek 16,Sat,Away,D,3,3,FC Khimki,57,704,Grzegorz Krychowiak,4-2-3-1,3-4-3,Pavel Shadykhanov,Match Report,,14,8,,0,1,2021,Krasnodar,,
2021-12-05,20:00 (19:00),Premier League,Matchweek 17,Sun,Away,W,2,1,Sochi,49,4521,Grzegorz Krychowiak,4-2-3-1,3-4-3,Sergey Karasev,Match Report,,13,3,,1,1,2021,Krasnodar,,
2021-12-12,19:00,Premier League,Matchweek 18,Sun,Home,D,0,0,Nizhny Novgorod,73,10554,Matvei Safonov,4-2-3-1,5-4-1,Evgeny Kukulyak,Match Report,,17,5,,0,0,2021,Krasnodar,,
2022-03-07,14:00,Premier League,Matchweek 20,Mon,Home,W,2,1,Ural,46,6230,Matvei Safonov,4-2-3-1,5-4-1,Evgeny Turbin,Match Report,,14,2,,1,1,2021,Krasnodar,,
2022-03-13,19:00,Premier League,Matchweek 21,Sun,Away,W,2,1,Spartak Moscow,49,4969,Matvei Safonov,4-2-3-1,3-4-3,Evgeny Kukulyak,Match Report,,6,4,,1,1,2021,Krasnodar,,
2022-03-20,16:00 (14:00),Premier League,Matchweek 22,Sun,Away,D,1,1,Ufa,68,4570,Matvei Safonov,4-2-3-1,5-3-2,Pavel Shadykhanov,Match Report,,11,4,,0,0,2021,Krasnodar,,
2022-04-03,14:00,Premier League,Matchweek 23,Sun,Home,L,0,1,Dynamo Mosc,58,12213,Matvei Safonov,4-3-3,4-3-3,Aleksey Sukhoy,Match Report,,9,3,,0,0,2021,Krasnodar,,
2022-04-09,16:30,Premier League,Matchweek 24,Sat,Away,W,1,0,Rubin Kazan,63,6488,Sergei Petrov,4-2-3-1,4-3-3,Vladimir Moskalev,Match Report,,5,3,,0,0,2021,Krasnodar,,
2022-04-17,16:30,Premier League,Matchweek 25,Sun,Away,L,0,2,Samara,57,21520,Matvei Safonov,4-2-3-1,4-4-2,Sergey Karasev,Match Report,,5,2,,0,0,2021,Krasnodar,,
2022-04-25,19:00,Premier League,Matchweek 26,Mon,Home,L,1,3,Zenit,42,17590,Matvei Safonov,4-3-3,4-4-2,Evgeny Kukulyak,Match Report,,10,4,,0,0,2021,Krasnodar,,
2022-04-30,16:30,Premier League,Matchweek 27,Sat,Home,W,2,1,Rostov,39,17590,Matvei Safonov,4-3-3,4-3-3,Vladislav Bezborodov,Match Report,,13,4,,0,0,2021,Krasnodar,,
2022-05-04,19:00,Premier League,Matchweek 19,Wed,Home,W,1,0,Loko Moscow,57,17122,Matvei Safonov,4-3-3,4-2-3-1,Artem Chistyakov,Match Report,,17,7,,0,0,2021,Krasnodar,,
2022-05-08,20:30 (16:30),Premier League,Matchweek 28,Sun,Away,D,1,1,Arsenal Tula,63,7254,Matvei Safonov,4-3-3,4-1-4-1,Sergey Ivanov,Match Report,,10,3,,1,1,2021,Krasnodar,,
2022-05-15,19:00,Premier League,Matchweek 29,Sun,Home,W,1,0,CSKA Moscow,49,24485,Matvei Safonov,4-3-3,3-4-3,Vladimir Moskalev,Match Report,,14,4,,0,0,2021,Krasnodar,,
2022-05-21,17:00,Premier League,Matchweek 30,Sat,Home,D,1,1,Akhmat Grozny,64,22227,Aleksei Ionov,4-3-3,4-2-3-1,Pavel Shadykhanov,Match Report,,11,4,,0,0,2021,Krasnodar,,
2021-07-25,20:00,Premier League,Matchweek 1,Sun,Home,W,1,0,Ufa,49,1000.0,Igor Akinfeev,4-3-3,3-5-2,Sergey Ivanov,Match Report,,23,6,,0,0,2021,CSKA Moscow,,
2021-07-31,20:00,Premier League,Matchweek 2,Sat,Home,L,1,2,Loko Moscow,42,1980.0,Igor Akinfeev,4-1-4-1,4-4-2,Aleksey Matyunin,Match Report,,16,4,,0,0,2021,CSKA Moscow,,
2021-08-08,20:00,Premier League,Matchweek 3,Sun,Away,L,1,2,Dynamo Mosc,54,2438.0,Igor Akinfeev,4-2-3-1,4-3-3,Vladislav Bezborodov,Match Report,,8,3,,0,0,2021,CSKA Moscow,,
2021-08-14,20:00,Premier League,Matchweek 4,Sat,Away,W,3,1,Rostov,52,,Igor Akinfeev,4-2-3-1,4-3-3,Kirill Levnikov,Match Report,,13,8,,0,0,2021,CSKA Moscow,,
2021-08-21,16:00,Premier League,Matchweek 5,Sat,Home,W,2,0,Akhmat Grozny,74,1915.0,Igor Akinfeev,4-2-3-1,3-4-3,Sergey Karasev,Match Report,,18,6,,0,0,2021,CSKA Moscow,,
2021-08-26,20:45,Premier League,Matchweek 6,Thu,Away,L,0,1,Zenit,42,998.0,Igor Akinfeev,3-4-3,4-4-2,Sergey Ivanov,Match Report,,10,2,,0,0,2021,CSKA Moscow,,
2021-09-12,14:00,Premier League,Matchweek 7,Sun,Away,D,2,2,Arsenal Tula,76,4650.0,Igor Akinfeev,3-4-3,4-1-4-1,Ivan Sidenkov,Match Report,,16,7,,0,0,2021,CSKA Moscow,,
2021-09-20,19:30,Premier League,Matchweek 8,Mon,Home,W,1,0,Spartak Moscow,49,9023.0,Igor Akinfeev,3-4-3,3-4-3,Sergey Karasev,Match Report,,8,1,,0,0,2021,CSKA Moscow,,
2021-09-27,19:00,Premier League,Matchweek 9,Mon,Away,W,2,0,Nizhny Novgorod,59,2996.0,Igor Akinfeev,4-1-4-1,5-3-2,Kirill Levnikov,Match Report,,10,5,,1,1,2021,CSKA Moscow,,
2021-10-02,19:00,Premier League,Matchweek 10,Sat,Home,D,0,0,Krasnodar,45,7448.0,Igor Akinfeev,4-2-3-1,4-2-3-1,Vladimir Moskalev,Match Report,,16,9,,0,0,2021,CSKA Moscow,,
2021-10-17,16:00 (14:00),Premier League,Matchweek 11,Sun,Away,W,1,0,Ural,59,487.0,Igor Akinfeev,4-2-3-1,5-4-1,Artem Lyubimov,Match Report,,17,5,,0,0,2021,CSKA Moscow,,
2021-10-23,19:00,Premier League,Matchweek 12,Sat,Home,W,3,1,Samara,54,6375.0,Igor Akinfeev,4-2-3-1,4-4-2,Vitaly Meshkov,Match Report,,15,8,,0,0,2021,CSKA Moscow,,
2021-10-30,14:00,Premier League,Matchweek 13,Sat,Away,L,0,1,Rubin Kazan,51,5203.0,Igor Akinfeev,4-4-2,4-1-4-1,Vladislav Bezborodov,Match Report,,18,5,,0,0,2021,CSKA Moscow,,
2021-11-06,20:00 (19:00),Premier League,Matchweek 14,Sat,Away,L,1,4,Sochi,49,7628.0,Igor Akinfeev,4-4-2,3-4-3,Sergey Ivanov,Match Report,,13,6,,0,0,2021,CSKA Moscow,,
2021-11-21,14:00,Premier League,Matchweek 15,Sun,Home,D,0,0,FC Khimki,45,4240.0,Igor Akinfeev,3-4-3,3-4-3,Vladislav Bezborodov,Match Report,,5,1,,0,0,2021,CSKA Moscow,,
2021-11-28,20:00,Premier League,Matchweek 16,Sun,Home,L,0,2,Zenit,54,12000.0,Igor Akinfeev,5-3-2,3-4-3,Sergey Karasev,Match Report,,11,5,,0,0,2021,CSKA Moscow,,
2021-12-04,15:00 (14:00),Premier League,Matchweek 17,Sat,Away,W,1,0,Samara,51,5918.0,Igor Akinfeev,5-3-2,4-4-2,Vladimir Moskalev,Match Report,,11,6,,0,0,2021,CSKA Moscow,,
2021-12-11,16:30,Premier League,Matchweek 18,Sat,Home,W,2,0,Arsenal Tula,57,,Igor Akinfeev,4-2-3-1,4-1-4-1,Igor Panin,Match Report,,15,5,,1,1,2021,CSKA Moscow,,
2022-02-26,19:00,Premier League,Matchweek 19,Sat,Away,W,2,0,Spartak Moscow,43,10961.0,Igor Akinfeev,3-5-2,3-5-2,Vitaly Meshkov,Match Report,,8,4,,0,0,2021,CSKA Moscow,,
2022-03-05,19:00,Premier League,Matchweek 20,Sat,Home,W,1,0,Nizhny Novgorod,69,5609.0,Igor Akinfeev,3-4-3,5-3-2,Pavel Kukuyan,Match Report,,22,6,,0,0,2021,CSKA Moscow,,
2022-03-12,19:00,Premier League,Matchweek 21,Sat,Away,W,2,1,Loko Moscow,56,11178.0,Igor Akinfeev,4-2-3-1,4-2-3-1,Sergey Ivanov,Match Report,,19,8,,0,0,2021,CSKA Moscow,,
2022-03-20,14:00,Premier League,Matchweek 22,Sun,Home,W,6,1,Rubin Kazan,69,12042.0,Igor Akinfeev,3-4-3,4-1-4-1,Kirill Levnikov,Match Report,,21,9,,0,0,2021,CSKA Moscow,,
2022-04-03,16:30,Premier League,Matchweek 23,Sun,Home,D,2,2,Ural,66,9588.0,Igor Akinfeev,3-4-3,5-4-1,Igor Panin,Match Report,,16,6,,1,1,2021,CSKA Moscow,,
2022-04-09,14:00,Premier League,Matchweek 24,Sat,Away,L,2,4,FC Khimki,66,5520.0,Igor Akinfeev,3-4-3,5-4-1,Pavel Kukuyan,Match Report,,10,4,,1,1,2021,CSKA Moscow,,
2022-04-16,16:00 (14:00),Premier League,Matchweek 25,Sat,Away,D,1,1,Ufa,69,8877.0,Igor Akinfeev,3-4-3,5-4-1,Evgeny Turbin,Match Report,,14,7,,0,0,2021,CSKA Moscow,,
2022-04-24,19:30,Premier League,Matchweek 26,Sun,Home,W,1,0,Dynamo Mosc,55,13321.0,Igor Akinfeev,4-2-3-1,4-3-3,Sergey Karasev,Match Report,,11,5,,0,0,2021,CSKA Moscow,,
2022-05-01,19:00,Premier League,Matchweek 27,Sun,Away,L,0,2,Akhmat Grozny,59,5161.0,Igor Akinfeev,4-2-3-1,4-2-3-1,Vitaly Meshkov,Match Report,,9,0,,0,0,2021,CSKA Moscow,,
2022-05-07,19:00,Premier League,Matchweek 28,Sat,Home,L,0,1,Sochi,52,11192.0,Mário Fernandes,3-4-3,3-4-1-2,Vladislav Bezborodov,Match Report,,11,1,,0,0,2021,CSKA Moscow,,
2022-05-15,19:00,Premier League,Matchweek 29,Sun,Away,L,0,1,Krasnodar,51,24485.0,Igor Akinfeev,3-4-3,4-3-3,Vladimir Moskalev,Match Report,,19,8,,0,0,2021,CSKA Moscow,,
2022-05-21,17:00,Premier League,Matchweek 30,Sat,Home,W,4,0,Rostov,54,12802.0,Mário Fernandes,4-2-3-1,4-3-3,Yan Bobrovskiy,Match Report,,15,7,,0,0,2021,CSKA Moscow,,
2021-07-24,20:00,Premier League,Matchweek 1,Sat,Home,W,3,1,Arsenal Tula,77,,Guilherme Marinato,4-4-2◆,4-3-3,Igor Panin,Match Report,,15,6,,0,0,2021,Lokomotiv Moscow,,
2021-07-31,20:00,Premier League,Matchweek 2,Sat,Away,W,2,1,CSKA Moscow,58,1980.0,Fyodor Smolov,4-4-2,4-1-4-1,Aleksey Matyunin,Match Report,,15,4,,0,0,2021,Lokomotiv Moscow,,
2021-08-06,19:00 (17:00),Premier League,Matchweek 3,Fri,Away,D,1,1,Ufa,47,746.0,Guilherme Marinato,4-4-2,5-3-2,Ivan Sidenkov,Match Report,,9,3,,0,0,2021,Lokomotiv Moscow,,
2021-08-15,17:30,Premier League,Matchweek 4,Sun,Home,D,1,1,Zenit,50,2994.0,Guilherme Marinato,4-4-2,4-4-2,Sergey Karasev,Match Report,,10,3,,1,1,2021,Lokomotiv Moscow,,
2021-08-22,16:00,Premier League,Matchweek 5,Sun,Home,W,2,1,Krasnodar,35,2914.0,Guilherme Marinato,4-4-2,4-2-3-1,Vitaly Meshkov,Match Report,,7,6,,0,0,2021,Lokomotiv Moscow,,
2021-08-27,19:00,Premier League,Matchweek 6,Fri,Away,D,1,1,Dynamo Mosc,49,2697.0,Guilherme Marinato,4-4-2,4-3-3,Kirill Levnikov,Match Report,,6,3,,0,0,2021,Lokomotiv Moscow,,
2021-09-11,14:00,Premier League,Matchweek 7,Sat,Home,W,2,0,Samara,40,2559.0,Guilherme Marinato,4-2-2-2,4-4-2,Vasiliy Kazartsev,Match Report,,17,5,,0,0,2021,Lokomotiv Moscow,,
2021-09-20,18:30 (16:30),Premier League,Matchweek 8,Mon,Away,D,0,0,Ural,65,834.0,Guilherme Marinato,4-4-2,5-4-1,Aleksey Sukhoy,Match Report,,13,4,,0,0,2021,Lokomotiv Moscow,,
2021-09-25,14:00,Premier League,Matchweek 9,Sat,Away,D,0,0,FC Khimki,58,1600.0,Guilherme Marinato,4-4-2,3-4-3,Aleksey Amelin,Match Report,,7,2,,0,0,2021,Lokomotiv Moscow,,
2021-10-03,19:00,Premier League,Matchweek 10,Sun,Home,L,1,2,Rostov,60,4472.0,Dmitri Barinov,4-3-3,4-3-3,Pavel Kukuyan,Match Report,,8,6,,0,0,2021,Lokomotiv Moscow,,
2021-10-16,16:30,Premier League,Matchweek 11,Sat,Away,D,2,2,Rubin Kazan,69,4511.0,Dmitri Barinov,4-3-3,4-2-3-1,Kirill Levnikov,Match Report,,23,6,,0,0,2021,Lokomotiv Moscow,,
2021-10-25,19:00,Premier League,Matchweek 12,Mon,Home,W,2,1,Sochi,42,3857.0,Guilherme Marinato,4-2-3-1,3-4-3,Vladislav Bezborodov,Match Report,,12,5,,0,0,2021,Lokomotiv Moscow,,
2021-10-30,19:00,Premier League,Matchweek 13,Sat,Away,W,2,1,Nizhny Novgorod,70,2912.0,Guilherme Marinato,4-2-3-1,5-4-1,Aleksey Sukhoy,Match Report,,12,4,,0,0,2021,Lokomotiv Moscow,,
2021-11-07,19:00,Premier League,Matchweek 14,Sun,Away,D,1,1,Spartak Moscow,60,7186.0,Guilherme Marinato,4-2-3-1,3-4-3,Ivan Sidenkov,Match Report,,12,2,,0,0,2021,Lokomotiv Moscow,,
2021-11-20,16:30,Premier League,Matchweek 15,Sat,Home,L,1,2,Akhmat Grozny,48,3912.0,Guilherme Marinato,4-2-3-1,4-2-3-1,Sergey Ivanov,Match Report,,4,2,,0,0,2021,Lokomotiv Moscow,,
2021-11-29,19:00,Premier League,Matchweek 16,Mon,Away,L,1,3,Arsenal Tula,61,3255.0,Dmitri Barinov,4-2-3-1,4-1-4-1,Vladimir Moskalev,Match Report,,7,1,,0,0,2021,Lokomotiv Moscow,,
2021-12-04,19:00,Premier League,Matchweek 17,Sat,Home,L,0,1,Ural,62,3336.0,Dmitri Barinov,4-4-2,5-4-1,Kirill Levnikov,Match Report,,16,3,,0,0,2021,Lokomotiv Moscow,,
2021-12-12,19:00,Premier League,Matchweek 18,Sun,Home,W,2,0,Ufa,58,3225.0,Dmitri Barinov,4-4-2,5-3-2,Artem Lyubimov,Match Report,,11,6,,0,0,2021,Lokomotiv Moscow,,
2022-03-06,14:00,Premier League,Matchweek 20,Sun,Home,W,3,2,FC Khimki,53,3118.0,Dmitri Barinov,4-2-3-1,5-3-2,Artem Lyubimov,Match Report,,19,9,,0,1,2021,Lokomotiv Moscow,,
2022-03-12,19:00,Premier League,Matchweek 21,Sat,Home,L,1,2,CSKA Moscow,44,11178.0,Dmitri Barinov,4-2-3-1,4-2-3-1,Sergey Ivanov,Match Report,,9,2,,0,0,2021,Lokomotiv Moscow,,
2022-03-19,16:30,Premier League,Matchweek 22,Sat,Away,W,3,2,Akhmat Grozny,46,5488.0,Dmitri Barinov,4-2-3-1,4-2-3-1,Vasiliy Kazartsev,Match Report,,10,7,,0,0,2021,Lokomotiv Moscow,,
2022-04-02,19:30,Premier League,Matchweek 23,Sat,Home,W,1,0,Spartak Moscow,50,15073.0,Tin Jedvaj,4-2-3-1,3-4-3,Sergey Karasev,Match Report,,7,1,,0,0,2021,Lokomotiv Moscow,,
2022-04-10,19:30,Premier League,Matchweek 24,Sun,Away,L,1,4,Rostov,45,15075.0,Dmitri Barinov,4-2-3-1,4-3-3,Yan Bobrovskiy,Match Report,,9,2,,1,1,2021,Lokomotiv Moscow,,
2022-04-17,17:30 (16:30),Premier League,Matchweek 25,Sun,Away,D,2,2,Sochi,44,6255.0,Guilherme Marinato,4-2-3-1,3-4-3,Vasiliy Kazartsev,Match Report,,16,7,,1,1,2021,Lokomotiv Moscow,,
2022-04-23,16:30,Premier League,Matchweek 26,Sat,Home,W,2,1,Nizhny Novgorod,56,7315.0,Guilherme Marinato,4-2-3-1,3-4-3,Evgeny Turbin,Match Report,,14,8,,0,0,2021,Lokomotiv Moscow,,
2022-04-30,19:30,Premier League,Matchweek 27,Sat,Away,L,1,3,Zenit,33,47584.0,Guilherme Marinato,4-2-3-1,4-4-2,Vladimir Moskalev,Match Report,,10,2,,0,0,2021,Lokomotiv Moscow,,
2022-05-04,19:00,Premier League,Matchweek 19,Wed,Away,L,0,1,Krasnodar,43,17122.0,Guilherme Marinato,4-2-3-1,4-3-3,Artem Chistyakov,Match Report,,12,1,,0,0,2021,Lokomotiv Moscow,,
2022-05-08,19:00,Premier League,Matchweek 28,Sun,Home,W,1,0,Rubin Kazan,66,11822.0,Dmitri Zhivoglyadov,4-2-3-1,4-2-3-1,Kirill Levnikov,Match Report,,18,2,,1,1,2021,Lokomotiv Moscow,,
2022-05-14,16:30,Premier League,Matchweek 29,Sat,Home,D,3,3,Dynamo Mosc,57,14915.0,Guilherme Marinato,4-3-3,4-3-3,Sergey Ivanov,Match Report,,11,4,,0,0,2021,Lokomotiv Moscow,,
2022-05-21,17:00,Premier League,Matchweek 30,Sat,Away,W,1,0,Samara,48,14801.0,Guilherme Marinato,4-3-3,4-3-3,Vladislav Bezborodov,Match Report,,9,5,,0,0,2021,Lokomotiv Moscow,,
2021-07-25,20:00 (19:00),Premier League,Matchweek 1,Sun,Away,W,2,1,Samara,33,500,Zoran Nižić,4-2-3-1,4-4-2,Kirill Levnikov,Match Report,,14,6,,0,0,2021,Akhmat Grozny,,
2021-08-02,20:00,Premier League,Matchweek 2,Mon,Home,L,1,2,Sochi,57,11318,Zoran Nižić,4-2-3-1,3-4-3,Ivan Sidenkov,Match Report,,19,3,,0,0,2021,Akhmat Grozny,,
2021-08-08,20:00,Premier League,Matchweek 3,Sun,Away,L,1,2,Rubin Kazan,37,8147,Bernard Berisha,5-4-1,4-3-3,Pavel Kukuyan,Match Report,,12,6,,0,0,2021,Akhmat Grozny,,
2021-08-14,20:00,Premier League,Matchweek 4,Sat,Home,W,2,1,Dynamo Mosc,37,7069,Bernard Berisha,5-4-1,4-3-3,Sergey Ivanov,Match Report,,8,4,,0,0,2021,Akhmat Grozny,,
2021-08-21,16:00,Premier League,Matchweek 5,Sat,Away,L,0,2,CSKA Moscow,26,1915,Rizvan Utsiyev,3-4-3,4-2-3-1,Sergey Karasev,Match Report,,6,0,,0,0,2021,Akhmat Grozny,,
2021-08-26,20:30,Premier League,Matchweek 6,Thu,Home,W,2,1,Arsenal Tula,54,7517,Rizvan Utsiyev,5-4-1,5-4-1,Aleksey Sukhoy,Match Report,,21,7,,0,0,2021,Akhmat Grozny,,
2021-09-11,16:30,Premier League,Matchweek 7,Sat,Away,L,1,3,Zenit,38,7516,Rizvan Utsiyev,3-4-3,4-4-2,Evgeny Kukulyak,Match Report,,19,6,,0,0,2021,Akhmat Grozny,,
2021-09-18,19:00,Premier League,Matchweek 8,Sat,Home,L,0,2,Krasnodar,50,7399,Andrei Semyonov,3-5-2,4-2-3-1,Ivan Sidenkov,Match Report,,10,2,,0,0,2021,Akhmat Grozny,,
2021-09-26,16:30,Premier League,Matchweek 9,Sun,Away,W,2,1,Rostov,41,3903,Rizvan Utsiyev,4-2-3-1,3-5-2,Vasiliy Kazartsev,Match Report,,15,7,,1,1,2021,Akhmat Grozny,,
2021-10-03,19:00,Premier League,Matchweek 10,Sun,Home,L,0,1,Spartak Moscow,46,7640,Rizvan Utsiyev,4-4-1-1,3-4-3,Kirill Levnikov,Match Report,,7,1,,0,0,2021,Akhmat Grozny,,
2021-10-17,16:30,Premier League,Matchweek 11,Sun,Away,L,0,2,FC Khimki,61,480,Rizvan Utsiyev,4-4-2,3-5-2,Pavel Shadykhanov,Match Report,,12,4,,0,0,2021,Akhmat Grozny,,
2021-10-24,16:30,Premier League,Matchweek 12,Sun,Home,W,1,0,Ural,53,6389,Andrei Semyonov,4-2-3-1,5-4-1,Sergey Karasev,Match Report,,20,6,,0,0,2021,Akhmat Grozny,,
2021-10-31,16:00 (14:00),Premier League,Matchweek 13,Sun,Away,L,0,1,Ufa,57,409,Andrei Semyonov,5-4-1,5-3-2,Aleksey Amelin,Match Report,,11,1,,0,0,2021,Akhmat Grozny,,
2021-11-07,19:00,Premier League,Matchweek 14,Sun,Home,W,3,1,Nizhny Novgorod,61,6729,Andrei Semyonov,4-2-3-1,5-4-1,Vladislav Bezborodov,Match Report,,24,10,,0,0,2021,Akhmat Grozny,,
2021-11-20,16:30,Premier League,Matchweek 15,Sat,Away,W,2,1,Loko Moscow,52,3912,Andrei Semyonov,4-2-3-1,4-2-3-1,Sergey Ivanov,Match Report,,17,5,,0,0,2021,Akhmat Grozny,,
2021-11-27,16:30,Premier League,Matchweek 16,Sat,Home,W,2,0,Rostov,48,5557,Andrei Semyonov,4-2-3-1,4-3-3,Vladislav Bezborodov,Match Report,,15,4,,1,1,2021,Akhmat Grozny,,
2021-12-04,17:00,Premier League,Matchweek 17,Sat,Away,L,1,2,Spartak Moscow,60,5850,Andrei Semyonov,4-2-3-1,4-4-2,Vitaly Meshkov,Match Report,,15,5,,0,0,2021,Akhmat Grozny,,
2021-12-12,16:30,Premier League,Matchweek 18,Sun,Home,W,4,1,FC Khimki,46,4618,Andrei Semyonov,4-2-3-1,5-3-2,Aleksey Amelin,Match Report,,28,9,,3,3,2021,Akhmat Grozny,,
2022-02-27,19:00,Premier League,Matchweek 19,Sun,Home,W,2,1,Ufa,58,6612,Andrei Semyonov,4-2-3-1,5-3-2,Aleksey Sukhoy,Match Report,,15,5,,1,1,2021,Akhmat Grozny,,
2022-03-07,19:00,Premier League,Matchweek 20,Mon,Home,L,1,2,Rubin Kazan,47,6722,Bernard Berisha,4-2-3-1,4-1-4-1,Vladimir Moskalev,Match Report,,15,8,,0,0,2021,Akhmat Grozny,,
2022-03-13,14:00 (12:00),Premier League,Matchweek 21,Sun,Away,D,0,0,Ural,43,3572,Andrei Semyonov,4-2-3-1,3-4-3,Sergey Karasev,Match Report,,11,2,,0,0,2021,Akhmat Grozny,,
2022-03-19,16:30,Premier League,Matchweek 22,Sat,Home,L,2,3,Loko Moscow,54,5488,Andrei Semyonov,4-2-3-1,4-2-3-1,Vasiliy Kazartsev,Match Report,,22,9,,0,0,2021,Akhmat Grozny,,
2022-04-02,14:00,Premier League,Matchweek 23,Sat,Away,D,0,0,Arsenal Tula,54,3244,Bernard Berisha,4-2-3-1,4-4-2,Vitaly Meshkov,Match Report,,8,3,,0,0,2021,Akhmat Grozny,,
2022-04-09,19:30,Premier League,Matchweek 24,Sat,Home,L,0,2,Zenit,44,6750,Bernard Berisha,4-2-3-1,3-4-3,Aleksey Matyunin,Match Report,,6,3,,0,0,2021,Akhmat Grozny,,
2022-04-15,19:30,Premier League,Matchweek 25,Fri,Away,L,0,2,Dynamo Mosc,38,15682,Artyom Timofeyev,4-2-3-1,4-3-3,Sergey Ivanov,Match Report,,7,3,,0,0,2021,Akhmat Grozny,,
2022-04-23,19:00,Premier League,Matchweek 26,Sat,Away,L,2,3,Sochi,38,4853,Artyom Timofeyev,5-4-1,3-5-2,Kirill Levnikov,Match Report,,8,3,,0,0,2021,Akhmat Grozny,,
2022-05-01,19:00,Premier League,Matchweek 27,Sun,Home,W,2,0,CSKA Moscow,41,5161,Rizvan Utsiyev,4-2-3-1,4-2-3-1,Vitaly Meshkov,Match Report,,15,5,,0,0,2021,Akhmat Grozny,,
2022-05-07,16:30,Premier League,Matchweek 28,Sat,Away,W,1,0,Nizhny Novgorod,39,7116,Rizvan Utsiyev,4-2-3-1,5-4-1,Yan Bobrovskiy,Match Report,,6,3,,0,0,2021,Akhmat Grozny,,
2022-05-14,19:00,Premier League,Matchweek 29,Sat,Home,W,1,0,Samara,42,6737,Bernard Berisha,4-4-2,4-1-3-2,Aleksey Amelin,Match Report,,8,3,,0,0,2021,Akhmat Grozny,,
2022-05-21,17:00,Premier League,Matchweek 30,Sat,Away,D,1,1,Krasnodar,36,22227,Zoran Nižić,4-2-3-1,4-3-3,Pavel Shadykhanov,Match Report,,11,6,,0,1,2021,Akhmat Grozny,,
2021-07-25,20:00 (19:00),Premier League,Matchweek 1,Sun,Home,L,1,2,Akhmat Grozny,67.0,500,Aleksandr Soldatenkov,4-4-2,4-2-3-1,Kirill Levnikov,Match Report,,16,3,,0,0,2021,Samara,,
2021-07-30,20:00 (19:00),Premier League,Matchweek 2,Fri,Home,L,0,1,Spartak Moscow,45.0,500,Sergei Bozhin,4-4-2,4-2-3-1,Pavel Kukuyan,Match Report,,8,0,,0,0,2021,Samara,,
2021-08-07,17:30,Premier League,Matchweek 3,Sat,Away,L,1,2,Arsenal Tula,61.0,988,Sergei Bozhin,4-4-2,5-4-1,Evgeny Kukulyak,Match Report,,20,2,,1,1,2021,Samara,,
2021-08-15,20:00,Premier League,Matchweek 4,Sun,Away,D,1,1,Rubin Kazan,43.0,10488,Aleksandr Soldatenkov,4-4-2,4-3-3,Aleksey Sukhoy,Match Report,,10,4,,0,0,2021,Samara,,
2021-08-21,21:00 (20:00),Premier League,Matchweek 5,Sat,Home,W,1,0,Sochi,38.0,1566,Aleksandr Soldatenkov,4-4-2,3-4-3,Anton Frolov,Match Report,,8,3,,0,0,2021,Samara,,
2021-08-26,18:30 (16:30),Premier League,Matchweek 6,Thu,Away,W,2,1,Ufa,41.0,594,Aleksandr Soldatenkov,4-4-2,5-3-2,Vladislav Bezborodov,Match Report,,8,2,,0,0,2021,Samara,,
2021-09-11,14:00,Premier League,Matchweek 7,Sat,Away,L,0,2,Loko Moscow,61.0,2559,Nikita Chernov,4-4-2,4-2-2-2,Vasiliy Kazartsev,Match Report,,18,6,,0,0,2021,Samara,,
2021-09-18,17:30 (16:30),Premier League,Matchweek 8,Sat,Home,W,4,2,Rostov,50.0,998,Aleksandr Soldatenkov,4-4-2,3-5-2,Igor Panin,Match Report,,19,8,,0,0,2021,Samara,,
2021-09-25,16:30,Premier League,Matchweek 9,Sat,Away,L,1,2,Zenit,42.0,13471,Aleksandr Soldatenkov,4-4-2,3-4-3,Vitaly Meshkov,Match Report,,9,5,,0,0,2021,Samara,,
2021-10-02,16:30,Premier League,Matchweek 10,Sat,Away,W,1,0,Dynamo Mosc,39.0,4137,Nikita Chernov,4-4-2,4-3-3,Evgeny Kukulyak,Match Report,,9,4,,0,0,2021,Samara,,
2021-10-17,16:30,Premier League,Matchweek 11,Sun,Home,W,2,0,Nizhny Novgorod,,997,Nikita Chernov,4-4-2,5-4-1,Aleksey Amelin,Match Report,,2,2,,0,0,2021,Samara,,
2021-10-23,19:00,Premier League,Matchweek 12,Sat,Away,L,1,3,CSKA Moscow,46.0,6375,Nikita Chernov,4-4-2,4-2-3-1,Vitaly Meshkov,Match Report,,12,5,,0,0,2021,Samara,,
2021-10-30,19:00,Premier League,Matchweek 13,Sat,Away,W,1,0,Krasnodar,37.0,10554,Aleksandr Soldatenkov,4-4-2,4-2-3-1,Evgeny Kukulyak,Match Report,,10,3,,0,0,2021,Samara,,
2021-11-06,17:30 (16:30),Premier League,Matchweek 14,Sat,Home,W,3,0,FC Khimki,49.0,498,Nikita Chernov,4-4-2,3-5-2,Artem Lyubimov,Match Report,,11,3,,1,1,2021,Samara,,
2021-11-20,15:00 (14:00),Premier League,Matchweek 15,Sat,Home,D,1,1,Ural,53.0,3441,Nikita Chernov,4-4-2,5-4-1,Kirill Levnikov,Match Report,,12,3,,0,0,2021,Samara,,
2021-11-28,14:00,Premier League,Matchweek 16,Sun,Away,D,0,0,Nizhny Novgorod,61.0,1775,Aleksandr Soldatenkov,4-4-2,5-4-1,Vitaly Meshkov,Match Report,,12,2,,0,0,2021,Samara,,
2021-12-04,15:00 (14:00),Premier League,Matchweek 17,Sat,Home,L,0,1,CSKA Moscow,49.0,5918,Nikita Chernov,4-4-2,5-3-2,Vladimir Moskalev,Match Report,,20,7,,0,0,2021,Samara,,
2021-12-11,15:00 (14:00),Premier League,Matchweek 18,Sat,Home,W,2,0,Rubin Kazan,47.0,4598,Aleksandr Soldatenkov,4-4-2,4-1-4-1,Aleksey Sukhoy,Match Report,,23,7,,0,0,2021,Samara,,
2022-03-06,14:00,Premier League,Matchweek 20,Sun,Home,D,2,2,Arsenal Tula,60.0,3756,Aleksandr Soldatenkov,4-4-2,4-1-4-1,Pavel Shadykhanov,Match Report,,22,7,,0,0,2021,Samara,,
2022-03-13,16:30,Premier League,Matchweek 21,Sun,Home,D,1,1,Zenit,38.0,8776,Aleksandr Soldatenkov,4-4-2,3-4-3,Anton Frolov,Match Report,,9,5,,0,0,2021,Samara,,
2022-03-20,17:30 (16:30),Premier League,Matchweek 22,Sun,Away,W,3,2,Sochi,48.0,3807,Aleksandr Soldatenkov,4-4-2,3-4-3,Artem Lyubimov,Match Report,,7,5,,1,1,2021,Samara,,
2022-04-02,15:00 (14:00),Premier League,Matchweek 23,Sat,Home,L,1,2,Ufa,73.0,7927,Sergei Bozhin,4-4-2,5-3-2,Artem Chistyakov,Match Report,,14,5,,0,0,2021,Samara,,
2022-04-06,19:00,Premier League,Matchweek 19,Wed,Away,L,0,1,Rostov,58.0,8604,Sergei Bozhin,4-4-2,4-3-3,Pavel Shadykhanov,Match Report,,10,3,,0,0,2021,Samara,,
2022-04-10,14:00 (12:00),Premier League,Matchweek 24,Sun,Away,W,1,0,Ural,47.0,11527,Aleksandr Soldatenkov,4-4-2,5-4-1,Kirill Levnikov,Match Report,,19,8,,0,0,2021,Samara,,
2022-04-17,16:30,Premier League,Matchweek 25,Sun,Home,W,2,0,Krasnodar,43.0,21520,Aleksandr Soldatenkov,4-4-2,4-2-3-1,Sergey Karasev,Match Report,,11,6,,0,0,2021,Samara,,
2022-04-24,14:00,Premier League,Matchweek 26,Sun,Away,L,1,4,FC Khimki,48.0,1601,Aleksandr Soldatenkov,4-3-3,3-4-3,Aleksey Matyunin,Match Report,,10,5,,0,0,2021,Samara,,
2022-05-01,14:00,Premier League,Matchweek 27,Sun,Away,L,1,2,Spartak Moscow,40.0,11844,Aleksandr Soldatenkov,4-3-3,3-4-1-2,Evgeny Turbin,Match Report,,14,4,,1,1,2021,Samara,,
2022-05-06,18:00,Premier League,Matchweek 28,Fri,Home,W,5,2,Dynamo Mosc,52.0,32314,Anton Zinkovskiy,4-3-3,4-3-3,Vasiliy Kazartsev,Match Report,,12,8,,0,0,2021,Samara,,
2022-05-14,19:00,Premier League,Matchweek 29,Sat,Away,L,0,1,Akhmat Grozny,59.0,6737,Aleksandr Soldatenkov,4-1-3-2,4-4-2,Aleksey Amelin,Match Report,,10,3,,0,1,2021,Samara,,
2022-05-21,17:00,Premier League,Matchweek 30,Sat,Home,L,0,1,Loko Moscow,52.0,14801,Aleksandr Soldatenkov,4-3-3,4-3-3,Vladislav Bezborodov,Match Report,,18,3,,0,0,2021,Samara,,
2021-07-23,20:00,Premier League,Matchweek 1,Fri,Home,L,0,2,Dynamo Mosc,56,,Maksim Osipenko,4-3-3,4-3-3,Vladimir Moskalev,Match Report,,12,3,,0,0,2021,Rostov,,
2021-08-01,20:00,Premier League,Matchweek 2,Sun,Home,L,2,4,Zenit,45,,Maksim Osipenko,4-5-1,4-3-3,Vitaly Meshkov,Match Report,,13,3,,1,1,2021,Rostov,,
2021-08-08,17:30,Premier League,Matchweek 3,Sun,Away,D,1,1,FC Khimki,49,555.0,Maksim Osipenko,4-1-4-1,3-5-2,Pavel Shadykhanov,Match Report,,10,5,,0,0,2021,Rostov,,
2021-08-14,20:00,Premier League,Matchweek 4,Sat,Home,L,1,3,CSKA Moscow,48,,Maksim Osipenko,4-3-3,4-2-3-1,Kirill Levnikov,Match Report,,15,4,,0,0,2021,Rostov,,
2021-08-22,18:00,Premier League,Matchweek 5,Sun,Away,W,2,1,Nizhny Novgorod,55,991.0,Maksim Osipenko,5-3-2,5-3-2,Evgeny Kukulyak,Match Report,,14,3,,0,0,2021,Rostov,,
2021-08-27,18:30 (16:30),Premier League,Matchweek 6,Fri,Away,D,1,1,Ural,52,496.0,Maksim Osipenko,5-3-2,4-2-3-1,Artem Lyubimov,Match Report,,14,7,,0,0,2021,Rostov,,
2021-09-13,19:30,Premier League,Matchweek 7,Mon,Home,D,1,1,Krasnodar,46,5669.0,Maksim Osipenko,5-3-2,4-2-3-1,Aleksey Matyunin,Match Report,,11,6,,0,0,2021,Rostov,,
2021-09-18,17:30 (16:30),Premier League,Matchweek 8,Sat,Away,L,2,4,Samara,50,998.0,Maksim Osipenko,3-5-2,4-4-2,Igor Panin,Match Report,,12,5,,0,0,2021,Rostov,,
2021-09-26,16:30,Premier League,Matchweek 9,Sun,Home,L,1,2,Akhmat Grozny,59,3903.0,Danil Glebov,3-5-2,4-2-3-1,Vasiliy Kazartsev,Match Report,,9,4,,0,0,2021,Rostov,,
2021-10-03,19:00,Premier League,Matchweek 10,Sun,Away,W,2,1,Loko Moscow,41,4472.0,Danil Glebov,4-3-3,4-3-3,Pavel Kukuyan,Match Report,,13,6,,0,0,2021,Rostov,,
2021-10-16,19:00,Premier League,Matchweek 11,Sat,Away,L,2,3,Sochi,54,4735.0,Danil Glebov,4-3-3,3-4-3,Evgeny Kukulyak,Match Report,,11,2,,0,0,2021,Rostov,,
2021-10-23,16:30,Premier League,Matchweek 12,Sat,Home,W,4,0,Arsenal Tula,52,2857.0,Danil Glebov,4-3-3,4-1-4-1,Kirill Levnikov,Match Report,,17,9,,1,1,2021,Rostov,,
2021-10-30,16:30,Premier League,Matchweek 13,Sat,Away,D,1,1,Spartak Moscow,52,6199.0,Danil Glebov,4-3-3,3-4-3,Artem Lyubimov,Match Report,,13,4,,0,0,2021,Rostov,,
2021-11-07,16:30,Premier League,Matchweek 14,Sun,Home,W,5,1,Rubin Kazan,47,6034.0,Danil Glebov,4-3-3,4-1-4-1,Pavel Shadykhanov,Match Report,,22,9,,0,0,2021,Rostov,,
2021-11-21,14:00,Premier League,Matchweek 15,Sun,Home,D,2,2,Ufa,55,4989.0,Danil Glebov,4-3-3,5-3-2,Evgeny Kukulyak,Match Report,,12,5,,1,1,2021,Rostov,,
2021-11-27,16:30,Premier League,Matchweek 16,Sat,Away,L,0,2,Akhmat Grozny,52,5557.0,Danil Glebov,4-3-3,4-2-3-1,Vladislav Bezborodov,Match Report,,10,1,,0,0,2021,Rostov,,
2021-12-03,19:00,Premier League,Matchweek 17,Fri,Away,D,2,2,Zenit,28,19890.0,Danil Glebov,4-3-3,4-2-3-1,Aleksey Matyunin,Match Report,,6,3,,1,1,2021,Rostov,,
2021-12-11,19:00,Premier League,Matchweek 18,Sat,Home,L,1,4,Ural,66,5255.0,Danil Glebov,4-3-3,5-4-1,Pavel Kukuyan,Match Report,,21,8,,1,1,2021,Rostov,,
2022-03-07,16:30,Premier League,Matchweek 20,Mon,Home,L,0,1,Sochi,46,14564.0,Danil Glebov,4-3-3,3-4-3,Igor Panin,Match Report,,9,3,,0,0,2021,Rostov,,
2022-03-14,19:00,Premier League,Matchweek 21,Mon,Away,W,2,1,Rubin Kazan,55,3344.0,Danil Glebov,4-3-3,4-1-4-1,Vitaly Meshkov,Match Report,,12,6,,0,0,2021,Rostov,,
2022-03-20,20:00,Premier League,Matchweek 22,Sun,Away,D,1,1,Dynamo Mosc,41,14127.0,Danil Glebov,4-3-3,4-3-3,Pavel Kukuyan,Match Report,,3,1,,0,0,2021,Rostov,,
2022-04-02,16:30,Premier League,Matchweek 23,Sat,Home,L,1,2,Nizhny Novgorod,66,10002.0,Danil Glebov,4-3-3,5-4-1,Kirill Levnikov,Match Report,,11,3,,0,0,2021,Rostov,,
2022-04-06,19:00,Premier League,Matchweek 19,Wed,Home,W,1,0,Samara,42,8604.0,Danil Glebov,4-3-3,4-4-2,Pavel Shadykhanov,Match Report,,8,4,,0,1,2021,Rostov,,
2022-04-10,19:30,Premier League,Matchweek 24,Sun,Home,W,4,1,Loko Moscow,55,15075.0,Danil Glebov,4-3-3,4-2-3-1,Yan Bobrovskiy,Match Report,,16,10,,1,1,2021,Rostov,,
2022-04-17,18:00 (14:00),Premier League,Matchweek 25,Sun,Away,W,2,1,Arsenal Tula,51,3983.0,Danil Glebov,4-3-3,4-1-4-1,Evgeny Kukulyak,Match Report,,13,5,,0,0,2021,Rostov,,
2022-04-24,16:30,Premier League,Matchweek 26,Sun,Home,W,3,2,Spartak Moscow,48,25082.0,Danil Glebov,4-3-3,5-3-2,Vitaly Meshkov,Match Report,,13,4,,2,2,2021,Rostov,,
2022-04-30,16:30,Premier League,Matchweek 27,Sat,Away,L,1,2,Krasnodar,61,17590.0,Danil Glebov,4-3-3,4-3-3,Vladislav Bezborodov,Match Report,,20,5,,0,0,2021,Rostov,,
2022-05-08,16:00 (14:00),Premier League,Matchweek 28,Sun,Away,D,0,0,Ufa,49,7277.0,Danil Glebov,4-3-3,3-4-3,Pavel Kukuyan,Match Report,,8,2,,0,1,2021,Rostov,,
2022-05-14,16:30,Premier League,Matchweek 29,Sat,Home,W,2,1,FC Khimki,45,15825.0,Danil Glebov,4-3-3,3-4-3,Vladislav Bezborodov,Match Report,,13,6,,0,0,2021,Rostov,,
2022-05-21,17:00,Premier League,Matchweek 30,Sat,Away,L,0,4,CSKA Moscow,46,12802.0,Danil Glebov,4-3-3,4-2-3-1,Yan Bobrovskiy,Match Report,,4,0,,0,0,2021,Rostov,,
2021-07-24,20:00,Premier League,Matchweek 1,Sat,Away,L,0,1,Rubin Kazan,57,14409,Georgi Dzhikiya,4-2-3-1,4-3-3,Vladislav Bezborodov,Match Report,,13,5,,0,0,2021,Spartak Moscow,,
2021-07-30,20:00 (19:00),Premier League,Matchweek 2,Fri,Away,W,1,0,Samara,55,500,Georgi Dzhikiya,4-2-3-1,4-4-2,Pavel Kukuyan,Match Report,,18,5,,1,1,2021,Spartak Moscow,,
2021-08-07,20:00,Premier League,Matchweek 3,Sat,Home,L,1,2,Nizhny Novgorod,76,2849,Samuel Gigot,4-2-3-1,5-3-2,Aleksey Sukhoy,Match Report,,22,6,,0,0,2021,Spartak Moscow,,
2021-08-14,17:30,Premier League,Matchweek 4,Sat,Home,W,1,0,Ural,46,2945,Georgi Dzhikiya,4-4-2,4-2-3-1,Evgeny Kukulyak,Match Report,,12,6,,0,0,2021,Spartak Moscow,,
2021-08-21,16:00,Premier League,Matchweek 5,Sat,Away,D,1,1,Arsenal Tula,60,998,Georgi Dzhikiya,4-4-2,4-2-3-1,Vladimir Moskalev,Match Report,,21,6,,0,0,2021,Spartak Moscow,,
2021-08-26,18:30,Premier League,Matchweek 6,Thu,Home,L,1,2,Sochi,58,2713,Georgi Dzhikiya,3-4-3,3-4-3,Vitaly Meshkov,Match Report,,15,2,,0,0,2021,Spartak Moscow,,
2021-09-11,19:00,Premier League,Matchweek 7,Sat,Home,W,3,1,FC Khimki,63,2968,Georgi Dzhikiya,3-4-3,3-5-2,Sergey Ivanov,Match Report,,17,5,,0,0,2021,Spartak Moscow,,
2021-09-20,19:30,Premier League,Matchweek 8,Mon,Away,L,0,1,CSKA Moscow,51,9023,Georgi Dzhikiya,3-4-3,3-4-3,Sergey Karasev,Match Report,,15,5,,0,0,2021,Spartak Moscow,,
2021-09-25,19:00,Premier League,Matchweek 9,Sat,Home,W,2,0,Ufa,47,6898,Georgi Dzhikiya,3-4-3,4-3-3,Artem Lyubimov,Match Report,,19,10,,0,0,2021,Spartak Moscow,,
2021-10-03,19:00,Premier League,Matchweek 10,Sun,Away,W,1,0,Akhmat Grozny,54,7640,Georgi Dzhikiya,3-4-3,4-4-1-1,Kirill Levnikov,Match Report,,11,5,,0,1,2021,Spartak Moscow,,
2021-10-16,19:00,Premier League,Matchweek 11,Sat,Home,D,2,2,Dynamo Mosc,57,10443,Georgi Dzhikiya,3-4-3,4-3-3,Sergey Karasev,Match Report,,18,4,,0,0,2021,Spartak Moscow,,
2021-10-24,19:00,Premier League,Matchweek 12,Sun,Away,L,1,7,Zenit,56,18721,Georgi Dzhikiya,3-4-3,3-4-3,Sergey Ivanov,Match Report,,16,4,,0,0,2021,Spartak Moscow,,
2021-10-30,16:30,Premier League,Matchweek 13,Sat,Home,D,1,1,Rostov,48,6199,Georgi Dzhikiya,3-4-3,4-3-3,Artem Lyubimov,Match Report,,10,5,,0,0,2021,Spartak Moscow,,
2021-11-07,19:00,Premier League,Matchweek 14,Sun,Home,D,1,1,Loko Moscow,41,7186,Georgi Dzhikiya,3-4-3,4-2-3-1,Ivan Sidenkov,Match Report,,13,2,,0,0,2021,Spartak Moscow,,
2021-11-20,19:00,Premier League,Matchweek 15,Sat,Away,L,1,2,Krasnodar,53,10554,Georgi Dzhikiya,3-4-3,4-2-3-1,Aleksey Sukhoy,Match Report,,14,4,,1,1,2021,Spartak Moscow,,
2021-11-29,19:00 (17:00),Premier League,Matchweek 16,Mon,Away,D,1,1,Ufa,61,1325,Georgi Dzhikiya,4-4-2,5-3-2,Pavel Kukuyan,Match Report,,5,1,,1,1,2021,Spartak Moscow,,
2021-12-04,17:00,Premier League,Matchweek 17,Sat,Home,W,2,1,Akhmat Grozny,40,5850,Georgi Dzhikiya,4-4-2,4-2-3-1,Vitaly Meshkov,Match Report,,10,4,,0,0,2021,Spartak Moscow,,
2021-12-13,20:00 (19:00),Premier League,Matchweek 18,Mon,Away,L,0,3,Sochi,58,9298,Georgi Dzhikiya,4-4-2,3-4-3,Sergey Ivanov,Match Report,,25,8,,0,0,2021,Spartak Moscow,,
2022-02-26,19:00,Premier League,Matchweek 19,Sat,Home,L,0,2,CSKA Moscow,57,10961,Georgi Dzhikiya,3-5-2,3-5-2,Vitaly Meshkov,Match Report,,17,3,,0,0,2021,Spartak Moscow,,
2022-03-06,19:00,Premier League,Matchweek 20,Sun,Away,W,2,0,Dynamo Mosc,58,19353,Georgi Dzhikiya,3-4-3,4-3-3,Sergey Karasev,Match Report,,10,2,,0,0,2021,Spartak Moscow,,
2022-03-13,19:00,Premier League,Matchweek 21,Sun,Home,L,1,2,Krasnodar,51,4969,Georgi Dzhikiya,3-4-3,4-2-3-1,Evgeny Kukulyak,Match Report,,18,4,,1,1,2021,Spartak Moscow,,
2022-03-19,14:00,Premier League,Matchweek 22,Sat,Away,D,1,1,Nizhny Novgorod,59,18517,Georgi Dzhikiya,3-4-3,5-3-2,Sergey Ivanov,Match Report,,11,4,,0,0,2021,Spartak Moscow,,
2022-04-02,19:30,Premier League,Matchweek 23,Sat,Away,L,0,1,Loko Moscow,50,15073,Georgi Dzhikiya,3-4-3,4-2-3-1,Sergey Karasev,Match Report,,7,5,,0,0,2021,Spartak Moscow,,
2022-04-10,16:30,Premier League,Matchweek 24,Sun,Home,W,3,0,Arsenal Tula,54,7022,Georgi Dzhikiya,3-4-1-2,4-1-4-1,Vladislav Bezborodov,Match Report,,22,10,,0,0,2021,Spartak Moscow,,
2022-04-16,19:00,Premier League,Matchweek 25,Sat,Home,D,1,1,Rubin Kazan,67,7351,Georgi Dzhikiya,3-4-1-2,4-3-3,Pavel Kukuyan,Match Report,,19,6,,0,0,2021,Spartak Moscow,,
2022-04-24,16:30,Premier League,Matchweek 26,Sun,Away,L,2,3,Rostov,52,25082,Georgi Dzhikiya,5-3-2,4-3-3,Vitaly Meshkov,Match Report,,12,3,,0,0,2021,Spartak Moscow,,
2022-05-01,14:00,Premier League,Matchweek 27,Sun,Home,W,2,1,Samara,60,11844,Georgi Dzhikiya,3-4-1-2,4-3-3,Evgeny Turbin,Match Report,,18,9,,1,1,2021,Spartak Moscow,,
2022-05-07,16:00 (14:00),Premier League,Matchweek 28,Sat,Away,W,3,1,Ural,37,26402,Roman Zobnin,3-4-1-2,4-2-3-1,Vladimir Moskalev,Match Report,,20,8,,0,0,2021,Spartak Moscow,,
2022-05-15,16:30,Premier League,Matchweek 29,Sun,Home,D,1,1,Zenit,31,16598,Georgi Dzhikiya,3-4-3,4-4-2,Pavel Kukuyan,Match Report,,10,7,,0,0,2021,Spartak Moscow,,
2022-05-21,17:00,Premier League,Matchweek 30,Sat,Away,L,1,2,FC Khimki,61,4597,Samuel Gigot,3-4-3,3-5-2,Sergey Karasev,Match Report,,13,5,,0,0,2021,Spartak Moscow,,
2021-07-26,19:00,Premier League,Matchweek 1,Mon,Home,W,1,0,Sochi,43.0,487,Aleksandr Sapeta,5-4-1,3-4-3,Pavel Shadykhanov,Match Report,,7,2,,0,0,2021,Nizhny Novgorod,,
2021-08-01,19:30 (17:30),Premier League,Matchweek 2,Sun,Away,D,1,1,Ural,49.0,482,Aleksandr Sapeta,3-4-3,4-4-2,Aleksey Amelin,Match Report,,9,1,,0,0,2021,Nizhny Novgorod,,
2021-08-07,20:00,Premier League,Matchweek 3,Sat,Away,W,2,1,Spartak Moscow,24.0,2849,Kirill Gotsuk,5-3-2,4-2-3-1,Aleksey Sukhoy,Match Report,,5,3,,0,0,2021,Nizhny Novgorod,,
2021-08-14,17:30,Premier League,Matchweek 4,Sat,Home,L,1,2,Ufa,57.0,482,Kirill Gotsuk,5-3-2,5-3-2,Vasiliy Kazartsev,Match Report,,14,4,,0,0,2021,Nizhny Novgorod,,
2021-08-22,18:00,Premier League,Matchweek 5,Sun,Home,L,1,2,Rostov,45.0,991,Kirill Gotsuk,5-3-2,5-3-2,Evgeny Kukulyak,Match Report,,7,1,,0,0,2021,Nizhny Novgorod,,
2021-08-27,18:30,Premier League,Matchweek 6,Fri,Away,D,1,1,FC Khimki,41.0,510,Kirill Gotsuk,5-4-1,3-5-2,Vladimir Moskalev,Match Report,,13,3,,0,0,2021,Nizhny Novgorod,,
2021-09-12,19:00,Premier League,Matchweek 7,Sun,Away,W,2,1,Dynamo Mosc,41.0,7146,Kirill Gotsuk,5-4-1,4-3-3,Vitaly Meshkov,Match Report,,9,4,,0,1,2021,Nizhny Novgorod,,
2021-09-19,16:30,Premier League,Matchweek 8,Sun,Home,L,2,3,Arsenal Tula,56.0,497,Kirill Gotsuk,5-3-2,4-1-4-1,Artem Lyubimov,Match Report,,15,11,,0,0,2021,Nizhny Novgorod,,
2021-09-27,19:00,Premier League,Matchweek 9,Mon,Home,L,0,2,CSKA Moscow,41.0,2996,Kirill Gotsuk,5-3-2,4-1-4-1,Kirill Levnikov,Match Report,,10,1,,0,0,2021,Nizhny Novgorod,,
2021-10-02,14:00,Premier League,Matchweek 10,Sat,Away,W,1,0,Rubin Kazan,42.0,3986,Kirill Gotsuk,5-4-1,4-2-3-1,Sergey Karasev,Match Report,,12,4,,1,1,2021,Nizhny Novgorod,,
2021-10-17,16:30,Premier League,Matchweek 11,Sun,Away,L,0,2,Samara,,997,Kirill Gotsuk,5-4-1,4-4-2,Aleksey Amelin,Match Report,,1,0,,0,1,2021,Nizhny Novgorod,,
2021-10-23,14:00,Premier League,Matchweek 12,Sat,Home,L,1,4,Krasnodar,39.0,2857,Nikolay Kalinsky,5-3-2,4-2-3-1,Aleksey Matyunin,Match Report,,4,2,,0,0,2021,Nizhny Novgorod,,
2021-10-30,19:00,Premier League,Matchweek 13,Sat,Home,L,1,2,Loko Moscow,30.0,2912,Nikolay Kalinsky,5-4-1,4-2-3-1,Aleksey Sukhoy,Match Report,,5,2,,0,0,2021,Nizhny Novgorod,,
2021-11-07,19:00,Premier League,Matchweek 14,Sun,Away,L,1,3,Akhmat Grozny,39.0,6729,Kirill Gotsuk,5-4-1,4-2-3-1,Vladislav Bezborodov,Match Report,,6,1,,0,0,2021,Nizhny Novgorod,,
2021-11-19,19:00,Premier League,Matchweek 15,Fri,Away,L,1,5,Zenit,42.0,16575,Aleksei Kozlov,4-1-4-1,4-2-3-1,Pavel Kukuyan,Match Report,,7,3,,0,0,2021,Nizhny Novgorod,,
2021-11-28,14:00,Premier League,Matchweek 16,Sun,Home,D,0,0,Samara,39.0,1775,Nikolay Kalinsky,5-4-1,4-4-2,Vitaly Meshkov,Match Report,,2,0,,0,0,2021,Nizhny Novgorod,,
2021-12-05,16:30,Premier League,Matchweek 17,Sun,Home,W,2,1,Rubin Kazan,29.0,1789,Kirill Gotsuk,5-4-1,4-2-3-1,Artem Chistyakov,Match Report,,9,5,,1,1,2021,Nizhny Novgorod,,
2021-12-12,19:00,Premier League,Matchweek 18,Sun,Away,D,0,0,Krasnodar,27.0,10554,Kirill Gotsuk,5-4-1,4-2-3-1,Evgeny Kukulyak,Match Report,,4,1,,0,0,2021,Nizhny Novgorod,,
2022-02-26,14:00,Premier League,Matchweek 19,Sat,Home,W,1,0,Ural,60.0,3115,Kirill Gotsuk,5-3-2,5-4-1,Vasiliy Kazartsev,Match Report,,20,8,,1,1,2021,Nizhny Novgorod,,
2022-03-05,19:00,Premier League,Matchweek 20,Sat,Away,L,0,1,CSKA Moscow,31.0,5609,Kirill Gotsuk,5-3-2,3-4-3,Pavel Kukuyan,Match Report,,2,1,,0,0,2021,Nizhny Novgorod,,
2022-03-12,16:00 (14:00),Premier League,Matchweek 21,Sat,Away,D,0,0,Ufa,48.0,1602,Kirill Gotsuk,5-3-2,3-5-2,Vladislav Bezborodov,Match Report,,9,1,,0,0,2021,Nizhny Novgorod,,
2022-03-19,14:00,Premier League,Matchweek 22,Sat,Home,D,1,1,Spartak Moscow,42.0,18517,Kirill Gotsuk,5-3-2,3-4-3,Sergey Ivanov,Match Report,,12,3,,0,0,2021,Nizhny Novgorod,,
2022-04-02,16:30,Premier League,Matchweek 23,Sat,Away,W,2,1,Rostov,34.0,10002,Kirill Gotsuk,5-4-1,4-3-3,Kirill Levnikov,Match Report,,3,2,,0,0,2021,Nizhny Novgorod,,
2022-04-09,14:00,Premier League,Matchweek 24,Sat,Home,L,0,1,Dynamo Mosc,33.0,14155,Kirill Gotsuk,5-4-1,4-3-3,Vitaly Meshkov,Match Report,,4,2,,0,0,2021,Nizhny Novgorod,,
2022-04-17,19:00,Premier League,Matchweek 25,Sun,Home,D,0,0,FC Khimki,54.0,5977,Kirill Gotsuk,3-5-2,3-4-3,Artem Chistyakov,Match Report,,18,6,,0,0,2021,Nizhny Novgorod,,
2022-04-23,16:30,Premier League,Matchweek 26,Sat,Away,L,1,2,Loko Moscow,44.0,7315,Kirill Gotsuk,3-4-3,4-2-3-1,Evgeny Turbin,Match Report,,11,3,,0,0,2021,Nizhny Novgorod,,
2022-05-02,19:00,Premier League,Matchweek 27,Mon,Away,D,2,2,Arsenal Tula,40.0,4980,Kirill Gotsuk,5-3-2,4-1-4-1,Sergey Karasev,Match Report,,12,8,,0,0,2021,Nizhny Novgorod,,
2022-05-07,16:30,Premier League,Matchweek 28,Sat,Home,L,0,1,Akhmat Grozny,61.0,7116,Kirill Gotsuk,5-4-1,4-2-3-1,Yan Bobrovskiy,Match Report,,15,4,,0,0,2021,Nizhny Novgorod,,
2022-05-13,19:00,Premier League,Matchweek 29,Fri,Away,D,0,0,Sochi,24.0,5837,Kirill Gotsuk,5-4-1,3-4-1-2,Nikolay Levnikov,Match Report,,11,1,,0,0,2021,Nizhny Novgorod,,
2022-05-21,17:00,Premier League,Matchweek 30,Sat,Home,W,1,0,Zenit,29.0,30235,Kirill Gotsuk,5-4-1,4-4-2,Vitaly Meshkov,Match Report,,9,2,,1,1,2021,Nizhny Novgorod,,
2021-07-25,19:30 (17:30),Premier League,Matchweek 1,Sun,Home,L,0,3,Krasnodar,53,471.0,Denys Kulakov,4-4-2,4-2-3-1,Vasiliy Kazartsev,Match Report,,8,3,,0,1,2021,Ural Yekaterinburg,,
2021-08-01,19:30 (17:30),Premier League,Matchweek 2,Sun,Home,D,1,1,Nizhny Novgorod,51,482.0,Denys Kulakov,4-4-2,3-4-3,Aleksey Amelin,Match Report,,10,4,,0,0,2021,Ural Yekaterinburg,,
2021-08-09,20:00 (19:00),Premier League,Matchweek 3,Mon,Away,L,0,2,Sochi,52,467.0,Denys Kulakov,3-5-2,3-4-3,Kirill Levnikov,Match Report,,11,2,,0,0,2021,Ural Yekaterinburg,,
2021-08-14,17:30,Premier League,Matchweek 4,Sat,Away,L,0,1,Spartak Moscow,54,2945.0,Denys Kulakov,4-2-3-1,4-4-2,Evgeny Kukulyak,Match Report,,8,1,,0,0,2021,Ural Yekaterinburg,,
2021-08-21,20:00 (18:00),Premier League,Matchweek 5,Sat,Home,L,0,1,Dynamo Mosc,36,460.0,Denys Kulakov,4-2-3-1,4-3-3,Ivan Sidenkov,Match Report,,2,0,,0,0,2021,Ural Yekaterinburg,,
2021-08-27,18:30 (16:30),Premier League,Matchweek 6,Fri,Home,D,1,1,Rostov,48,496.0,Denys Kulakov,4-2-3-1,5-3-2,Artem Lyubimov,Match Report,,10,3,,0,0,2021,Ural Yekaterinburg,,
2021-09-13,18:30,Premier League,Matchweek 7,Mon,Away,L,0,4,Rubin Kazan,44,6077.0,Denys Kulakov,3-4-3,4-2-3-1,Vladimir Moskalev,Match Report,,8,3,,0,0,2021,Ural Yekaterinburg,,
2021-09-20,18:30 (16:30),Premier League,Matchweek 8,Mon,Home,D,0,0,Loko Moscow,35,834.0,Denys Kulakov,5-4-1,4-4-2,Aleksey Sukhoy,Match Report,,7,1,,0,0,2021,Ural Yekaterinburg,,
2021-09-27,19:00 (17:00),Premier League,Matchweek 9,Mon,Home,W,2,0,Arsenal Tula,35,751.0,Denys Kulakov,5-4-1,4-1-4-1,Aleksey Matyunin,Match Report,,14,6,,0,0,2021,Ural Yekaterinburg,,
2021-10-03,16:00 (14:00),Premier League,Matchweek 10,Sun,Away,W,1,0,Ufa,49,679.0,Denys Kulakov,5-4-1,5-3-2,Vitaly Meshkov,Match Report,,11,5,,0,0,2021,Ural Yekaterinburg,,
2021-10-17,16:00 (14:00),Premier League,Matchweek 11,Sun,Home,L,0,1,CSKA Moscow,41,487.0,Denys Kulakov,5-4-1,4-2-3-1,Artem Lyubimov,Match Report,,11,2,,0,0,2021,Ural Yekaterinburg,,
2021-10-24,16:30,Premier League,Matchweek 12,Sun,Away,L,0,1,Akhmat Grozny,47,6389.0,Denys Kulakov,5-4-1,4-2-3-1,Sergey Karasev,Match Report,,6,3,,0,0,2021,Ural Yekaterinburg,,
2021-10-31,19:00,Premier League,Matchweek 13,Sun,Away,D,0,0,FC Khimki,42,,Denys Kulakov,5-4-1,3-4-3,Pavel Kukuyan,Match Report,,11,8,,0,0,2021,Ural Yekaterinburg,,
2021-11-07,16:00 (14:00),Premier League,Matchweek 14,Sun,Home,D,0,0,Zenit,36,492.0,Denys Kulakov,5-4-1,3-4-1-2,Igor Panin,Match Report,,10,2,,0,0,2021,Ural Yekaterinburg,,
2021-11-20,15:00 (14:00),Premier League,Matchweek 15,Sat,Away,D,1,1,Samara,47,3441.0,Denys Kulakov,5-4-1,4-4-2,Kirill Levnikov,Match Report,,12,4,,0,0,2021,Ural Yekaterinburg,,
2021-11-27,16:00 (14:00),Premier League,Matchweek 16,Sat,Home,D,1,1,Sochi,52,1390.0,Denys Kulakov,5-4-1,3-4-3,Artem Lyubimov,Match Report,,20,6,,0,0,2021,Ural Yekaterinburg,,
2021-12-04,19:00,Premier League,Matchweek 17,Sat,Away,W,1,0,Loko Moscow,38,3336.0,Denys Kulakov,5-4-1,4-4-2,Kirill Levnikov,Match Report,,11,4,,1,1,2021,Ural Yekaterinburg,,
2021-12-11,19:00,Premier League,Matchweek 18,Sat,Away,W,4,1,Rostov,34,5255.0,Denys Kulakov,5-4-1,4-3-3,Pavel Kukuyan,Match Report,,7,6,,0,0,2021,Ural Yekaterinburg,,
2022-02-26,14:00,Premier League,Matchweek 19,Sat,Away,L,0,1,Nizhny Novgorod,40,3115.0,Eric Bicfalvi,5-4-1,5-3-2,Vasiliy Kazartsev,Match Report,,10,3,,0,0,2021,Ural Yekaterinburg,,
2022-03-07,14:00,Premier League,Matchweek 20,Mon,Away,L,1,2,Krasnodar,54,6230.0,Eric Bicfalvi,5-4-1,4-2-3-1,Evgeny Turbin,Match Report,,16,6,,0,0,2021,Ural Yekaterinburg,,
2022-03-13,14:00 (12:00),Premier League,Matchweek 21,Sun,Home,D,0,0,Akhmat Grozny,57,3572.0,Eric Bicfalvi,3-4-3,4-2-3-1,Sergey Karasev,Match Report,,19,5,,0,0,2021,Ural Yekaterinburg,,
2022-03-19,14:00 (12:00),Premier League,Matchweek 22,Sat,Home,L,0,1,FC Khimki,49,5273.0,Eric Bicfalvi,5-4-1,4-3-3,Vladimir Moskalev,Match Report,,15,3,,0,0,2021,Ural Yekaterinburg,,
2022-04-03,16:30,Premier League,Matchweek 23,Sun,Away,D,2,2,CSKA Moscow,34,9588.0,Eric Bicfalvi,5-4-1,3-4-3,Igor Panin,Match Report,,11,6,,0,0,2021,Ural Yekaterinburg,,
2022-04-10,14:00 (12:00),Premier League,Matchweek 24,Sun,Home,L,0,1,Samara,53,11527.0,Eric Bicfalvi,5-4-1,4-4-2,Kirill Levnikov,Match Report,,11,0,,0,0,2021,Ural Yekaterinburg,,
2022-04-16,16:30,Premier League,Matchweek 25,Sat,Away,L,1,3,Zenit,43,36787.0,Eric Bicfalvi,5-4-1,4-3-3,Vitaly Meshkov,Match Report,,9,2,,0,0,2021,Ural Yekaterinburg,,
2022-04-23,16:00 (14:00),Premier League,Matchweek 26,Sat,Home,W,2,1,Ufa,64,10172.0,Eric Bicfalvi,4-2-3-1,3-5-2,Sergey Ivanov,Match Report,,13,8,,0,0,2021,Ural Yekaterinburg,,
2022-04-30,14:00,Premier League,Matchweek 27,Sat,Away,W,3,2,Dynamo Mosc,52,15381.0,Eric Bicfalvi,4-2-3-1,4-3-3,Pavel Kukuyan,Match Report,,9,4,,0,0,2021,Ural Yekaterinburg,,
2022-05-07,16:00 (14:00),Premier League,Matchweek 28,Sat,Home,L,1,3,Spartak Moscow,63,26402.0,Eric Bicfalvi,4-2-3-1,3-4-1-2,Vladimir Moskalev,Match Report,,12,3,,0,0,2021,Ural Yekaterinburg,,
2022-05-15,16:00 (14:00),Premier League,Matchweek 29,Sun,Home,W,3,0,Rubin Kazan,70,14287.0,Eric Bicfalvi,4-4-1-1,4-4-2,Sergey Karasev,Match Report,,14,4,,0,0,2021,Ural Yekaterinburg,,
2022-05-21,21:00 (17:00),Premier League,Matchweek 30,Sat,Away,W,2,1,Arsenal Tula,57,3578.0,Eric Bicfalvi,4-2-3-1,4-1-4-1,Pavel Kukuyan,Match Report,,12,6,,1,1,2021,Ural Yekaterinburg,,
2021-07-24,17:30,Premier League,Matchweek 1,Sat,Home,L,1,3,Zenit,39.0,650.0,Yegor Danilkin,4-4-2,4-4-2,Evgeny Kukulyak,Match Report,,17.0,6.0,,0,0,2021,FC Khimki,,
2021-08-01,20:00,Premier League,Matchweek 2,Sun,Away,W,1,0,Krasnodar,36.0,500.0,Dmitri Tikhiy,5-3-2,4-2-3-1,Artem Lyubimov,Match Report,,14.0,8.0,,0,0,2021,FC Khimki,,
2021-08-08,17:30,Premier League,Matchweek 3,Sun,Home,D,1,1,Rostov,51.0,555.0,Dmitri Tikhiy,3-5-2,4-1-4-1,Pavel Shadykhanov,Match Report,,11.0,3.0,,1,1,2021,FC Khimki,,
2021-08-16,19:00,Premier League,Matchweek 4,Mon,Away,L,0,3,Sochi,51.0,491.0,Dmitri Tikhiy,3-5-2,3-4-3,Vladislav Bezborodov,Match Report,,10.0,2.0,,0,0,2021,FC Khimki,,
2021-08-22,20:00,Premier League,Matchweek 5,Sun,Home,D,1,1,Rubin Kazan,51.0,620.0,Dmitri Tikhiy,3-5-2,4-3-3,Vasiliy Kazartsev,Match Report,,12.0,7.0,,0,0,2021,FC Khimki,,
2021-08-27,18:30,Premier League,Matchweek 6,Fri,Home,D,1,1,Nizhny Novgorod,59.0,510.0,Denis Glushakov,3-5-2,5-4-1,Vladimir Moskalev,Match Report,,12.0,4.0,,1,1,2021,FC Khimki,,
2021-09-11,19:00,Premier League,Matchweek 7,Sat,Away,L,1,3,Spartak Moscow,37.0,2968.0,Denis Glushakov,3-5-2,3-4-3,Sergey Ivanov,Match Report,,12.0,2.0,,0,0,2021,FC Khimki,,
2021-09-18,16:00 (14:00),Premier League,Matchweek 8,Sat,Away,L,2,3,Ufa,46.0,493.0,Denis Glushakov,3-5-2,5-3-2,Pavel Kukuyan,Match Report,,13.0,5.0,,1,1,2021,FC Khimki,,
2021-09-25,14:00,Premier League,Matchweek 9,Sat,Home,D,0,0,Loko Moscow,43.0,1600.0,Dmitri Tikhiy,3-4-3,4-4-2,Aleksey Amelin,Match Report,,21.0,3.0,,0,0,2021,FC Khimki,,
2021-10-02,19:00,Premier League,Matchweek 10,Sat,Away,D,0,0,Arsenal Tula,54.0,2868.0,Dmitri Tikhiy,3-4-3,4-1-4-1,Vladislav Bezborodov,Match Report,,8.0,2.0,,0,0,2021,FC Khimki,,
2021-10-17,16:30,Premier League,Matchweek 11,Sun,Home,W,2,0,Akhmat Grozny,40.0,480.0,Yegor Danilkin,3-5-2,4-4-2,Pavel Shadykhanov,Match Report,,10.0,3.0,,0,0,2021,FC Khimki,,
2021-10-22,19:00,Premier League,Matchweek 12,Fri,Away,L,1,4,Dynamo Mosc,50.0,6247.0,Yegor Danilkin,3-5-2,4-3-3,Ivan Sidenkov,Match Report,,5.0,2.0,,0,0,2021,FC Khimki,,
2021-10-31,19:00,Premier League,Matchweek 13,Sun,Home,D,0,0,Ural,58.0,,Denis Glushakov,3-4-3,5-4-1,Pavel Kukuyan,Match Report,,15.0,1.0,,0,0,2021,FC Khimki,,
2021-11-06,17:30 (16:30),Premier League,Matchweek 14,Sat,Away,L,0,3,Samara,51.0,498.0,Denis Glushakov,3-5-2,4-4-2,Artem Lyubimov,Match Report,,10.0,4.0,,0,0,2021,FC Khimki,,
2021-11-21,14:00,Premier League,Matchweek 15,Sun,Away,D,0,0,CSKA Moscow,55.0,4240.0,Dmitri Tikhiy,3-4-3,3-4-3,Vladislav Bezborodov,Match Report,,17.0,5.0,,0,1,2021,FC Khimki,,
2021-11-27,19:00,Premier League,Matchweek 16,Sat,Home,D,3,3,Krasnodar,43.0,704.0,Dmitri Tikhiy,3-4-3,4-2-3-1,Pavel Shadykhanov,Match Report,,9.0,6.0,,0,0,2021,FC Khimki,,
2021-12-05,14:00,Premier League,Matchweek 17,Sun,Home,L,1,2,Arsenal Tula,45.0,761.0,Ilya Lantratov,3-4-3,4-1-4-1,Evgeny Kukulyak,Match Report,,8.0,2.0,,1,1,2021,FC Khimki,,
2021-12-12,16:30,Premier League,Matchweek 18,Sun,Away,L,1,4,Akhmat Grozny,54.0,4618.0,Denis Glushakov,5-3-2,4-2-3-1,Aleksey Amelin,Match Report,,12.0,4.0,,0,0,2021,FC Khimki,,
2022-02-26,14:00,Premier League,Matchweek 19,Sat,Home,L,0,3,Dynamo Mosc,41.0,2198.0,Dmitri Tikhiy,3-5-2,4-3-3,Kirill Levnikov,Match Report,,6.0,1.0,,0,0,2021,FC Khimki,,
2022-03-06,14:00,Premier League,Matchweek 20,Sun,Away,L,2,3,Loko Moscow,47.0,3118.0,Dmitri Tikhiy,5-3-2,4-2-3-1,Artem Lyubimov,Match Report,,9.0,4.0,,0,0,2021,FC Khimki,,
2022-03-13,14:00,Premier League,Matchweek 21,Sun,Home,D,0,0,Sochi,42.0,503.0,Dmitri Tikhiy,4-3-3,3-4-3,Aleksey Matyunin,Match Report,,5.0,2.0,,0,0,2021,FC Khimki,,
2022-03-19,14:00 (12:00),Premier League,Matchweek 22,Sat,Away,W,1,0,Ural,51.0,5273.0,Dmitri Tikhiy,4-3-3,5-4-1,Vladimir Moskalev,Match Report,,21.0,6.0,,0,0,2021,FC Khimki,,
2022-04-01,19:00,Premier League,Matchweek 23,Fri,Away,W,3,2,Rubin Kazan,48.0,4284.0,Dmitri Tikhiy,4-3-3,4-3-3,Vladislav Bezborodov,Match Report,,10.0,7.0,,0,0,2021,FC Khimki,,
2022-04-09,14:00,Premier League,Matchweek 24,Sat,Home,W,4,2,CSKA Moscow,34.0,5520.0,Dmitri Tikhiy,5-4-1,3-4-3,Pavel Kukuyan,Match Report,,10.0,6.0,,0,0,2021,FC Khimki,,
2022-04-17,19:00,Premier League,Matchweek 25,Sun,Away,D,0,0,Nizhny Novgorod,46.0,5977.0,Dmitri Tikhiy,3-4-3,3-5-2,Artem Chistyakov,Match Report,,1.0,0.0,,0,0,2021,FC Khimki,,
2022-04-24,14:00,Premier League,Matchweek 26,Sun,Home,W,4,1,Samara,52.0,1601.0,Dmitri Tikhiy,3-4-3,4-3-3,Aleksey Matyunin,Match Report,,14.0,9.0,,1,1,2021,FC Khimki,,
2022-05-01,16:30,Premier League,Matchweek 27,Sun,Home,D,1,1,Ufa,29.0,2580.0,Dmitri Tikhiy,3-4-3,4-3-3,Kirill Levnikov,Match Report,,3.0,1.0,,0,0,2021,FC Khimki,,
2022-05-07,16:30,Premier League,Matchweek 28,Sat,Away,L,0,1,Zenit,32.0,40068.0,Dmitri Tikhiy,3-4-3,4-4-2,Aleksey Amelin,Match Report,,10.0,2.0,,0,0,2021,FC Khimki,,
2022-05-14,16:30,Premier League,Matchweek 29,Sat,Away,L,1,2,Rostov,55.0,15825.0,Dmitri Tikhiy,3-4-3,4-3-3,Vladislav Bezborodov,Match Report,,11.0,2.0,,0,0,2021,FC Khimki,,
2022-05-21,17:00,Premier League,Matchweek 30,Sat,Home,W,2,1,Spartak Moscow,39.0,4597.0,Dmitri Tikhiy,3-5-2,3-4-3,Sergey Karasev,Match Report,,5.0,3.0,,1,1,2021,FC Khimki,,
2021-07-25,20:00,Premier League,Matchweek 1,Sun,Away,L,0,1,CSKA Moscow,51.0,1000.0,Bojan Jokić,3-5-2,4-3-3,Sergey Ivanov,Match Report,,15.0,2.0,,0,0,2021,Ufa,,
2021-07-31,19:30 (17:30),Premier League,Matchweek 2,Sat,Home,L,2,3,Dynamo Mosc,55.0,669.0,Bojan Jokić,3-5-2,4-3-3,Aleksey Sukhoy,Match Report,,9.0,4.0,,0,0,2021,Ufa,,
2021-08-06,19:00 (17:00),Premier League,Matchweek 3,Fri,Home,D,1,1,Loko Moscow,53.0,746.0,Bojan Jokić,5-3-2,4-4-2,Ivan Sidenkov,Match Report,,12.0,4.0,,1,1,2021,Ufa,,
2021-08-14,17:30,Premier League,Matchweek 4,Sat,Away,W,2,1,Nizhny Novgorod,43.0,482.0,Bojan Jokić,5-3-2,5-3-2,Vasiliy Kazartsev,Match Report,,11.0,7.0,,1,1,2021,Ufa,,
2021-08-21,20:00 (18:00),Premier League,Matchweek 5,Sat,Home,D,1,1,Zenit,38.0,761.0,Bojan Jokić,5-3-2,4-2-2-2,Pavel Shadykhanov,Match Report,,12.0,5.0,,0,0,2021,Ufa,,
2021-08-26,18:30 (16:30),Premier League,Matchweek 6,Thu,Home,L,1,2,Samara,59.0,594.0,Bojan Jokić,5-3-2,4-4-2,Vladislav Bezborodov,Match Report,,21.0,3.0,,1,1,2021,Ufa,,
2021-09-12,17:30 (16:30),Premier League,Matchweek 7,Sun,Away,L,1,3,Sochi,36.0,498.0,Bojan Jokić,5-3-2,3-4-3,Aleksey Sukhoy,Match Report,,10.0,3.0,,0,0,2021,Ufa,,
2021-09-18,16:00 (14:00),Premier League,Matchweek 8,Sat,Home,W,3,2,FC Khimki,55.0,493.0,Bojan Jokić,5-3-2,3-5-2,Pavel Kukuyan,Match Report,,13.0,8.0,,0,0,2021,Ufa,,
2021-09-25,19:00,Premier League,Matchweek 9,Sat,Away,L,0,2,Spartak Moscow,53.0,6898.0,Bojan Jokić,4-3-3,3-4-3,Artem Lyubimov,Match Report,,11.0,2.0,,0,0,2021,Ufa,,
2021-10-03,16:00 (14:00),Premier League,Matchweek 10,Sun,Home,L,0,1,Ural,51.0,679.0,Bojan Jokić,5-3-2,5-4-1,Vitaly Meshkov,Match Report,,16.0,4.0,,0,0,2021,Ufa,,
2021-10-17,19:00,Premier League,Matchweek 11,Sun,Away,D,1,1,Krasnodar,32.0,10554.0,Bojan Jokić,5-3-2,4-2-3-1,Aleksey Sukhoy,Match Report,,9.0,1.0,,0,0,2021,Ufa,,
2021-10-24,16:00 (14:00),Premier League,Matchweek 12,Sun,Home,D,1,1,Rubin Kazan,36.0,454.0,Bojan Jokić,5-3-2,4-2-3-1,Igor Panin,Match Report,,13.0,5.0,,1,1,2021,Ufa,,
2021-10-31,16:00 (14:00),Premier League,Matchweek 13,Sun,Home,W,1,0,Akhmat Grozny,43.0,409.0,Bojan Jokić,5-3-2,5-4-1,Aleksey Amelin,Match Report,,8.0,4.0,,0,0,2021,Ufa,,
2021-11-06,14:00,Premier League,Matchweek 14,Sat,Away,D,0,0,Arsenal Tula,36.0,1652.0,Bojan Jokić,5-3-2,4-1-4-1,Kirill Levnikov,Match Report,,8.0,2.0,,0,0,2021,Ufa,,
2021-11-21,14:00,Premier League,Matchweek 15,Sun,Away,D,2,2,Rostov,45.0,4989.0,Aleksandr Belenov,5-3-2,4-3-3,Evgeny Kukulyak,Match Report,,13.0,4.0,,1,1,2021,Ufa,,
2021-11-29,19:00 (17:00),Premier League,Matchweek 16,Mon,Home,D,1,1,Spartak Moscow,39.0,1325.0,Bojan Jokić,5-3-2,4-4-2,Pavel Kukuyan,Match Report,,8.0,4.0,,0,0,2021,Ufa,,
2021-12-05,16:30,Premier League,Matchweek 17,Sun,Away,L,0,2,Dynamo Mosc,26.0,7437.0,Bojan Jokić,5-3-2,4-3-3,Vladislav Bezborodov,Match Report,,1.0,0.0,,0,0,2021,Ufa,,
2021-12-12,19:00,Premier League,Matchweek 18,Sun,Away,L,0,2,Loko Moscow,42.0,3225.0,Aleksandr Belenov,5-3-2,4-4-2,Artem Lyubimov,Match Report,,12.0,5.0,,0,0,2021,Ufa,,
2022-02-27,19:00,Premier League,Matchweek 19,Sun,Away,L,1,2,Akhmat Grozny,42.0,6612.0,Bojan Jokić,5-3-2,4-2-3-1,Aleksey Sukhoy,Match Report,,7.0,3.0,,0,0,2021,Ufa,,
2022-03-07,16:30,Premier League,Matchweek 20,Mon,Away,L,0,2,Zenit,34.0,24377.0,Bojan Jokić,5-3-2,3-4-3,Sergey Ivanov,Match Report,,6.0,1.0,,0,0,2021,Ufa,,
2022-03-12,16:00 (14:00),Premier League,Matchweek 21,Sat,Home,D,0,0,Nizhny Novgorod,52.0,1602.0,Bojan Jokić,3-5-2,5-3-2,Vladislav Bezborodov,Match Report,,12.0,4.0,,0,0,2021,Ufa,,
2022-03-20,16:00 (14:00),Premier League,Matchweek 22,Sun,Home,D,1,1,Krasnodar,32.0,4570.0,Bojan Jokić,5-3-2,4-2-3-1,Pavel Shadykhanov,Match Report,,16.0,5.0,,1,1,2021,Ufa,,
2022-04-02,15:00 (14:00),Premier League,Matchweek 23,Sat,Away,W,2,1,Samara,28.0,7927.0,Bojan Jokić,5-3-2,4-4-2,Artem Chistyakov,Match Report,,11.0,4.0,,0,0,2021,Ufa,,
2022-04-10,16:00 (14:00),Premier League,Matchweek 24,Sun,Home,L,1,2,Sochi,41.0,6866.0,Bojan Jokić,3-4-3,3-4-3,Aleksey Amelin,Match Report,,10.0,2.0,,1,1,2021,Ufa,,
2022-04-16,16:00 (14:00),Premier League,Matchweek 25,Sat,Home,D,1,1,CSKA Moscow,31.0,8877.0,Bojan Jokić,5-4-1,3-4-3,Evgeny Turbin,Match Report,,8.0,1.0,,0,0,2021,Ufa,,
2022-04-23,16:00 (14:00),Premier League,Matchweek 26,Sat,Away,L,1,2,Ural,36.0,10172.0,Bojan Jokić,3-5-2,4-2-3-1,Sergey Ivanov,Match Report,,11.0,3.0,,0,0,2021,Ufa,,
2022-05-01,16:30,Premier League,Matchweek 27,Sun,Away,D,1,1,FC Khimki,71.0,2580.0,Aleksandr Belenov,4-3-3,3-4-3,Kirill Levnikov,Match Report,,16.0,7.0,,1,1,2021,Ufa,,
2022-05-08,16:00 (14:00),Premier League,Matchweek 28,Sun,Home,D,0,0,Rostov,51.0,7277.0,Bojan Jokić,3-4-3,4-3-3,Pavel Kukuyan,Match Report,,11.0,0.0,,0,0,2021,Ufa,,
2022-05-14,16:00 (14:00),Premier League,Matchweek 29,Sat,Home,W,2,1,Arsenal Tula,51.0,6077.0,Aleksei Nikitin,3-4-3,4-1-4-1,Vitaly Meshkov,Match Report,,17.0,6.0,,0,0,2021,Ufa,,
2022-05-21,17:00,Premier League,Matchweek 30,Sat,Away,W,2,1,Rubin Kazan,59.0,25142.0,Bojan Jokić,3-4-3,4-3-3,Sergey Ivanov,Match Report,,13.0,5.0,,0,0,2021,Ufa,,
2021-07-24,20:00,Premier League,Matchweek 1,Sat,Home,W,1,0,Spartak Moscow,43.0,14409,Filip Uremović,4-3-3,4-2-3-1,Vladislav Bezborodov,Match Report,,8.0,5.0,,0,0,2021,Rubin Kazan,,
2021-07-30,19:00,Premier League,Matchweek 2,Fri,Away,W,3,0,Arsenal Tula,53.0,996,Filip Uremović,4-3-3,4-4-2,Sergey Ivanov,Match Report,,20.0,6.0,,1,1,2021,Rubin Kazan,,
2021-08-08,20:00,Premier League,Matchweek 3,Sun,Home,W,2,1,Akhmat Grozny,63.0,8147,Filip Uremović,4-3-3,5-4-1,Pavel Kukuyan,Match Report,,10.0,4.0,,0,0,2021,Rubin Kazan,,
2021-08-15,20:00,Premier League,Matchweek 4,Sun,Home,D,1,1,Samara,58.0,10488,Filip Uremović,4-3-3,4-4-2,Aleksey Sukhoy,Match Report,,12.0,2.0,,0,0,2021,Rubin Kazan,,
2021-08-22,20:00,Premier League,Matchweek 5,Sun,Away,D,1,1,FC Khimki,49.0,620,Filip Uremović,4-3-3,3-5-2,Vasiliy Kazartsev,Match Report,,14.0,6.0,,0,0,2021,Rubin Kazan,,
2021-08-27,20:30,Premier League,Matchweek 6,Fri,Away,L,0,2,Krasnodar,37.0,491,Filip Uremović,4-3-3,4-2-3-1,Evgeny Kukulyak,Match Report,,15.0,7.0,,0,0,2021,Rubin Kazan,,
2021-09-13,18:30,Premier League,Matchweek 7,Mon,Home,W,4,0,Ural,56.0,6077,Filip Uremović,4-2-3-1,3-4-3,Vladimir Moskalev,Match Report,,15.0,6.0,,0,0,2021,Rubin Kazan,,
2021-09-20,18:30,Premier League,Matchweek 8,Mon,Home,L,1,3,Zenit,38.0,7480,Filip Uremović,4-2-3-1,3-4-3,Sergey Ivanov,Match Report,,8.0,1.0,,0,0,2021,Rubin Kazan,,
2021-09-26,14:00,Premier League,Matchweek 9,Sun,Away,L,0,2,Dynamo Mosc,53.0,7101,Filip Uremović,4-3-3,4-3-3,Aleksey Sukhoy,Match Report,,12.0,5.0,,0,0,2021,Rubin Kazan,,
2021-10-02,14:00,Premier League,Matchweek 10,Sat,Home,L,0,1,Nizhny Novgorod,58.0,3986,Hwang In-beom,4-2-3-1,5-4-1,Sergey Karasev,Match Report,,14.0,5.0,,0,1,2021,Rubin Kazan,,
2021-10-16,16:30,Premier League,Matchweek 11,Sat,Home,D,2,2,Loko Moscow,31.0,4511,Filip Uremović,4-2-3-1,4-3-3,Kirill Levnikov,Match Report,,17.0,7.0,,0,0,2021,Rubin Kazan,,
2021-10-24,16:00 (14:00),Premier League,Matchweek 12,Sun,Away,D,1,1,Ufa,64.0,454,Filip Uremović,4-2-3-1,5-3-2,Igor Panin,Match Report,,10.0,3.0,,0,0,2021,Rubin Kazan,,
2021-10-30,14:00,Premier League,Matchweek 13,Sat,Home,W,1,0,CSKA Moscow,49.0,5203,Oliver Abildgaard,4-1-4-1,4-4-2,Vladislav Bezborodov,Match Report,,17.0,6.0,,0,0,2021,Rubin Kazan,,
2021-11-07,16:30,Premier League,Matchweek 14,Sun,Away,L,1,5,Rostov,54.0,6034,Filip Uremović,4-1-4-1,4-3-3,Pavel Shadykhanov,Match Report,,18.0,7.0,,0,0,2021,Rubin Kazan,,
2021-11-21,20:30 (19:30),Premier League,Matchweek 15,Sun,Away,W,2,1,Sochi,39.0,3731,Filip Uremović,4-2-3-1,3-4-3,Aleksey Matyunin,Match Report,,6.0,2.0,,0,0,2021,Rubin Kazan,,
2021-11-28,16:30,Premier League,Matchweek 16,Sun,Home,L,2,3,Dynamo Mosc,54.0,3526,Filip Uremović,4-1-4-1,4-3-3,Kirill Levnikov,Match Report,,9.0,4.0,,1,1,2021,Rubin Kazan,,
2021-12-05,16:30,Premier League,Matchweek 17,Sun,Away,L,1,2,Nizhny Novgorod,71.0,1789,Filip Uremović,4-2-3-1,5-4-1,Artem Chistyakov,Match Report,,25.0,8.0,,0,0,2021,Rubin Kazan,,
2021-12-11,15:00 (14:00),Premier League,Matchweek 18,Sat,Away,L,0,2,Samara,54.0,4598,Filip Uremović,4-1-4-1,4-4-2,Aleksey Sukhoy,Match Report,,8.0,3.0,,0,0,2021,Rubin Kazan,,
2022-02-28,19:00,Premier League,Matchweek 19,Mon,Away,L,2,3,Zenit,39.0,16668,Ilya Samoshnikov,4-1-4-1,3-4-3,Evgeny Kukulyak,Match Report,,8.0,3.0,,0,0,2021,Rubin Kazan,,
2022-03-07,19:00,Premier League,Matchweek 20,Mon,Away,W,2,1,Akhmat Grozny,53.0,6722,Ilya Samoshnikov,4-1-4-1,4-2-3-1,Vladimir Moskalev,Match Report,,8.0,3.0,,0,0,2021,Rubin Kazan,,
2022-03-14,19:00,Premier League,Matchweek 21,Mon,Home,L,1,2,Rostov,45.0,3344,Georgi Zotov,4-1-4-1,4-3-3,Vitaly Meshkov,Match Report,,14.0,5.0,,0,0,2021,Rubin Kazan,,
2022-03-20,14:00,Premier League,Matchweek 22,Sun,Away,L,1,6,CSKA Moscow,31.0,12042,Khvicha Kvaratskhelia,4-1-4-1,3-4-3,Kirill Levnikov,Match Report,,5.0,2.0,,0,0,2021,Rubin Kazan,,
2022-04-01,19:00,Premier League,Matchweek 23,Fri,Home,L,2,3,FC Khimki,52.0,4284,Ilya Samoshnikov,4-3-3,4-3-3,Vladislav Bezborodov,Match Report,,14.0,6.0,,0,0,2021,Rubin Kazan,,
2022-04-09,16:30,Premier League,Matchweek 24,Sat,Home,L,0,1,Krasnodar,37.0,6488,Vitaly Lisakovich,4-3-3,4-2-3-1,Vladimir Moskalev,Match Report,,15.0,5.0,,0,0,2021,Rubin Kazan,,
2022-04-16,19:00,Premier League,Matchweek 25,Sat,Away,D,1,1,Spartak Moscow,34.0,7351,Vitaly Lisakovich,4-3-3,3-4-1-2,Pavel Kukuyan,Match Report,,13.0,4.0,,0,0,2021,Rubin Kazan,,
2022-04-24,14:00,Premier League,Matchweek 26,Sun,Home,W,1,0,Arsenal Tula,35.0,4773,Vladislav Ignatyev,4-3-3,4-1-4-1,Artem Chistyakov,Match Report,,12.0,4.0,,0,0,2021,Rubin Kazan,,
2022-04-30,14:00,Premier League,Matchweek 27,Sat,Home,L,0,6,Sochi,37.0,5180,Vladislav Ignatyev,4-3-3,3-4-3,Yan Bobrovskiy,Match Report,,11.0,3.0,,0,0,2021,Rubin Kazan,,
2022-05-08,19:00,Premier League,Matchweek 28,Sun,Away,L,0,1,Loko Moscow,34.0,11822,Oliver Abildgaard,4-2-3-1,4-2-3-1,Kirill Levnikov,Match Report,,7.0,1.0,,0,0,2021,Rubin Kazan,,
2022-05-15,16:00 (14:00),Premier League,Matchweek 29,Sun,Away,L,0,3,Ural,30.0,14287,Oliver Abildgaard,4-4-2,4-4-1-1,Sergey Karasev,Match Report,,10.0,2.0,,0,0,2021,Rubin Kazan,,
2022-05-21,17:00,Premier League,Matchweek 30,Sat,Home,L,1,2,Ufa,41.0,25142,Oliver Abildgaard,4-3-3,3-4-3,Sergey Ivanov,Match Report,,12.0,3.0,,1,2,2021,Rubin Kazan,,
2021-07-24,20:00,Premier League,Matchweek 1,Sat,Away,L,1,3,Loko Moscow,23,,Georgi Kostadinov,4-3-3,4-4-2,Igor Panin,Match Report,,5,1,,0,0,2021,Arsenal Tula,,
2021-07-30,19:00,Premier League,Matchweek 2,Fri,Home,L,0,3,Rubin Kazan,47,996.0,Georgi Kostadinov,4-4-2,4-3-3,Sergey Ivanov,Match Report,,18,8,,0,0,2021,Arsenal Tula,,
2021-08-07,17:30,Premier League,Matchweek 3,Sat,Home,W,2,1,Samara,39,988.0,Yevgeni Lutsenko,5-4-1,4-4-2,Evgeny Kukulyak,Match Report,,13,5,,0,0,2021,Arsenal Tula,,
2021-08-15,20:00,Premier League,Matchweek 4,Sun,Away,L,2,3,Krasnodar,37,500.0,Yevgeni Lutsenko,5-4-1,4-2-3-1,Pavel Shadykhanov,Match Report,,9,4,,0,0,2021,Arsenal Tula,,
2021-08-21,16:00,Premier League,Matchweek 5,Sat,Home,D,1,1,Spartak Moscow,40,998.0,Georgi Kostadinov,4-2-3-1,4-4-2,Vladimir Moskalev,Match Report,,11,4,,0,0,2021,Arsenal Tula,,
2021-08-26,20:30,Premier League,Matchweek 6,Thu,Away,L,1,2,Akhmat Grozny,46,7517.0,Yevgeni Lutsenko,5-4-1,5-4-1,Aleksey Sukhoy,Match Report,,8,4,,0,0,2021,Arsenal Tula,,
2021-09-12,14:00,Premier League,Matchweek 7,Sun,Home,D,2,2,CSKA Moscow,24,4650.0,Georgi Kostadinov,4-1-4-1,3-4-3,Ivan Sidenkov,Match Report,,9,5,,0,0,2021,Arsenal Tula,,
2021-09-19,16:30,Premier League,Matchweek 8,Sun,Away,W,3,2,Nizhny Novgorod,44,497.0,Georgi Kostadinov,4-1-4-1,5-3-2,Artem Lyubimov,Match Report,,16,7,,0,0,2021,Arsenal Tula,,
2021-09-27,19:00 (17:00),Premier League,Matchweek 9,Mon,Away,L,0,2,Ural,65,751.0,Georgi Kostadinov,4-1-4-1,5-4-1,Aleksey Matyunin,Match Report,,10,1,,0,0,2021,Arsenal Tula,,
2021-10-02,19:00,Premier League,Matchweek 10,Sat,Home,D,0,0,FC Khimki,46,2868.0,Georgi Kostadinov,4-1-4-1,3-4-3,Vladislav Bezborodov,Match Report,,16,3,,0,0,2021,Arsenal Tula,,
2021-10-16,18:00 (14:00),Premier League,Matchweek 11,Sat,Home,W,2,1,Zenit,28,4867.0,Goran Čaušić,4-1-4-1,3-4-3,Pavel Kukuyan,Match Report,,6,3,,0,0,2021,Arsenal Tula,,
2021-10-23,16:30,Premier League,Matchweek 12,Sat,Away,L,0,4,Rostov,48,2857.0,Yevgeni Lutsenko,4-1-4-1,4-3-3,Kirill Levnikov,Match Report,,5,1,,0,0,2021,Arsenal Tula,,
2021-10-31,16:30,Premier League,Matchweek 13,Sun,Home,L,1,2,Sochi,55,,Georgi Kostadinov,4-1-4-1,3-4-3,Pavel Shadykhanov,Match Report,,13,4,,0,0,2021,Arsenal Tula,,
2021-11-06,14:00,Premier League,Matchweek 14,Sat,Home,D,0,0,Ufa,64,1652.0,Yevgeni Lutsenko,4-1-4-1,5-3-2,Kirill Levnikov,Match Report,,9,3,,0,0,2021,Arsenal Tula,,
2021-11-21,16:30,Premier League,Matchweek 15,Sun,Away,L,1,5,Dynamo Mosc,43,6579.0,Georgi Kostadinov,4-1-4-1,4-3-3,Vitaly Meshkov,Match Report,,11,4,,0,0,2021,Arsenal Tula,,
2021-11-29,19:00,Premier League,Matchweek 16,Mon,Home,W,3,1,Loko Moscow,39,3255.0,Georgi Kostadinov,4-1-4-1,4-2-3-1,Vladimir Moskalev,Match Report,,11,7,,0,0,2021,Arsenal Tula,,
2021-12-05,14:00,Premier League,Matchweek 17,Sun,Away,W,2,1,FC Khimki,55,761.0,Goran Čaušić,4-1-4-1,3-4-3,Evgeny Kukulyak,Match Report,,21,10,,0,0,2021,Arsenal Tula,,
2021-12-11,16:30,Premier League,Matchweek 18,Sat,Away,L,0,2,CSKA Moscow,43,,Georgi Kostadinov,4-1-4-1,4-2-3-1,Igor Panin,Match Report,,6,3,,0,0,2021,Arsenal Tula,,
2022-02-26,16:30,Premier League,Matchweek 19,Sat,Away,L,0,2,Sochi,46,3234.0,Georgi Kostadinov,4-1-4-1,3-4-3,Vladislav Bezborodov,Match Report,,7,1,,0,0,2021,Arsenal Tula,,
2022-03-06,14:00,Premier League,Matchweek 20,Sun,Away,D,2,2,Samara,40,3756.0,Goran Čaušić,4-1-4-1,4-4-2,Pavel Shadykhanov,Match Report,,7,4,,1,1,2021,Arsenal Tula,,
2022-03-12,20:30 (16:30),Premier League,Matchweek 21,Sat,Home,L,1,4,Dynamo Mosc,43,5246.0,Georgi Kostadinov,4-1-4-1,4-3-3,Yan Bobrovskiy,Match Report,,5,2,,0,0,2021,Arsenal Tula,,
2022-03-19,19:30,Premier League,Matchweek 22,Sat,Away,L,0,3,Zenit,30,31426.0,Goran Čaušić,4-1-4-1,3-4-3,Sergey Karasev,Match Report,,6,0,,0,0,2021,Arsenal Tula,,
2022-04-02,14:00,Premier League,Matchweek 23,Sat,Home,D,0,0,Akhmat Grozny,46,3244.0,Georgi Kostadinov,4-4-2,4-2-3-1,Vitaly Meshkov,Match Report,,7,2,,0,0,2021,Arsenal Tula,,
2022-04-10,16:30,Premier League,Matchweek 24,Sun,Away,L,0,3,Spartak Moscow,46,7022.0,Georgi Kostadinov,4-1-4-1,3-4-1-2,Vladislav Bezborodov,Match Report,,13,3,,0,0,2021,Arsenal Tula,,
2022-04-17,18:00 (14:00),Premier League,Matchweek 25,Sun,Home,L,1,2,Rostov,49,3983.0,Georgi Kostadinov,4-1-4-1,4-3-3,Evgeny Kukulyak,Match Report,,13,4,,0,0,2021,Arsenal Tula,,
2022-04-24,14:00,Premier League,Matchweek 26,Sun,Away,L,0,1,Rubin Kazan,65,4773.0,Georgi Kostadinov,4-1-4-1,4-3-3,Artem Chistyakov,Match Report,,9,1,,0,0,2021,Arsenal Tula,,
2022-05-02,19:00,Premier League,Matchweek 27,Mon,Home,D,2,2,Nizhny Novgorod,60,4980.0,Igor Smolnikov,4-1-4-1,5-3-2,Sergey Karasev,Match Report,,9,5,,0,1,2021,Arsenal Tula,,
2022-05-08,20:30 (16:30),Premier League,Matchweek 28,Sun,Home,D,1,1,Krasnodar,37,7254.0,Georgi Kostadinov,4-1-4-1,4-3-3,Sergey Ivanov,Match Report,,13,3,,0,0,2021,Arsenal Tula,,
2022-05-14,16:00 (14:00),Premier League,Matchweek 29,Sat,Away,L,1,2,Ufa,49,6077.0,Igor Smolnikov,4-1-4-1,3-4-3,Vitaly Meshkov,Match Report,,6,1,,0,0,2021,Arsenal Tula,,
2022-05-21,21:00 (17:00),Premier League,Matchweek 30,Sat,Home,L,1,2,Ural,43,3578.0,Igor Smolnikov,4-1-4-1,4-2-3-1,Pavel Kukuyan,Match Report,,12,6,,0,0,2021,Arsenal Tula,,
2020-08-11,19:00 (18:00),Premier League,Matchweek 1,Tue,Away,W,2,0,Rotor Volgograd,63,,Artem Dzyuba,4-4-2◆,4-4-2,Aleksey Matyunin,Match Report,,16,4,,0,0,2020,Zenit,,
2020-08-15,20:00,Premier League,Matchweek 2,Sat,Away,W,2,0,Rostov,57,,Magomed Ozdoyev,4-4-2,4-2-3-1,Pavel Kukuyan,Match Report,,14,6,,0,1,2020,Zenit,,
2020-08-19,20:00,Premier League,Matchweek 3,Wed,Home,W,2,1,CSKA Moscow,62,,Artem Dzyuba,4-3-1-2,3-4-3,Vitaly Meshkov,Match Report,,16,7,,0,0,2020,Zenit,,
2020-08-22,18:00,Premier League,Matchweek 4,Sat,Home,W,4,1,Tambov,65,20728.0,Artem Dzyuba,4-4-2,5-3-2,Igor Panin,Match Report,,25,10,,0,0,2020,Zenit,,
2020-08-26,20:45,Premier League,Matchweek 5,Wed,Away,L,0,1,Dynamo Mosc,64,5885.0,Artem Dzyuba,4-4-2,5-4-1,Stanislav Vasilyev,Match Report,,18,4,,0,0,2020,Zenit,,
2020-08-30,16:00,Premier League,Matchweek 6,Sun,Away,D,0,0,Loko Moscow,56,7739.0,Artem Dzyuba,4-2-2-2,4-2-3-1,Vladimir Moskalev,Match Report,,9,0,,0,0,2020,Zenit,,
2020-09-14,18:30,Premier League,Matchweek 7,Mon,Home,W,3,1,Arsenal Tula,53,21559.0,Artem Dzyuba,4-4-2,3-4-3,Pavel Kukuyan,Match Report,,22,5,,0,0,2020,Zenit,,
2020-09-19,18:30 (16:30),Premier League,Matchweek 8,Sat,Away,D,1,1,Ural,50,13488.0,Artem Dzyuba,4-4-2,4-2-3-1,Sergey Karasev,Match Report,,19,6,,0,0,2020,Zenit,,
2020-09-26,16:30,Premier League,Matchweek 9,Sat,Home,W,6,0,Ufa,61,22697.0,Artem Dzyuba,4-4-2,5-4-1,Aleksey Sukhoy,Match Report,,23,8,,1,1,2020,Zenit,,
2020-10-03,19:00,Premier League,Matchweek 10,Sat,Away,D,1,1,Spartak Moscow,43,17150.0,Artem Dzyuba,4-3-3,3-4-1-2,Pavel Kukuyan,Match Report,,22,11,,0,0,2020,Zenit,,
2020-10-17,14:00,Premier League,Matchweek 11,Sat,Home,W,3,1,Sochi,55,21231.0,Mikhail Kerzhakov,4-4-2,5-4-1,Sergey Ivanov,Match Report,,10,6,,0,0,2020,Zenit,,
2020-10-24,16:30,Premier League,Matchweek 12,Sat,Home,L,1,2,Rubin Kazan,65,20847.0,Artem Dzyuba,4-2-3-1,4-2-3-1,Nikolay Voloshin,Match Report,,8,2,,0,0,2020,Zenit,,
2020-11-01,14:00,Premier League,Matchweek 13,Sun,Away,W,2,0,FC Khimki,55,,Magomed Ozdoyev,4-3-3,3-4-3,Aleksey Matyunin,Match Report,,9,2,,0,0,2020,Zenit,,
2020-11-08,19:00,Premier League,Matchweek 14,Sun,Home,W,3,1,Krasnodar,56,24068.0,Dejan Lovren,4-3-3,4-2-3-1,Vladimir Moskalev,Match Report,,23,11,,0,1,2020,Zenit,,
2020-11-21,16:30,Premier League,Matchweek 15,Sat,Away,D,2,2,Akhmat Grozny,54,6241.0,Dejan Lovren,4-2-3-1,4-4-2,Sergey Karasev,Match Report,,9,3,,0,0,2020,Zenit,,
2020-11-28,14:00,Premier League,Matchweek 16,Sat,Away,D,0,0,Arsenal Tula,58,1916.0,Artem Dzyuba,4-3-3,4-2-3-1,Evgeny Kukulyak,Match Report,,17,2,,0,0,2020,Zenit,,
2020-12-05,19:00,Premier League,Matchweek 17,Sat,Home,W,5,1,Ural,53,,Artem Dzyuba,4-4-2,4-2-3-1,Igor Panin,Match Report,,26,13,,2,2,2020,Zenit,,
2020-12-12,19:00,Premier League,Matchweek 18,Sat,Home,W,3,1,Dynamo Mosc,55,1909.0,Dejan Lovren,4-2-3-1,4-2-3-1,Sergey Ivanov,Match Report,,11,6,,1,1,2020,Zenit,,
2020-12-16,20:00,Premier League,Matchweek 19,Wed,Home,W,3,1,Spartak Moscow,59,1993.0,Dejan Lovren,4-4-2,3-4-1-2,Sergey Karasev,Match Report,,27,9,,0,0,2020,Zenit,,
2021-02-27,16:30,Premier League,Matchweek 20,Sat,Home,D,2,2,Rostov,53,23165.0,Dejan Lovren,4-4-2,4-3-3,Aleksey Matyunin,Match Report,,24,8,,0,0,2020,Zenit,,
2021-03-08,16:30,Premier League,Matchweek 21,Mon,Away,L,1,2,Rubin Kazan,69,9211.0,Dejan Lovren,4-1-3-2,4-1-4-1,Sergey Karasev,Match Report,,20,7,,0,1,2020,Zenit,,
2021-03-13,16:30,Premier League,Matchweek 22,Sat,Home,W,4,0,Akhmat Grozny,58,22551.0,Magomed Ozdoyev,4-4-2◆,5-4-1,Vitaly Meshkov,Match Report,,15,8,,1,1,2020,Zenit,,
2021-03-17,20:00,Premier League,Matchweek 23,Wed,Away,W,3,2,CSKA Moscow,56,11275.0,Dejan Lovren,4-4-2,4-2-3-1,Evgeny Kukulyak,Match Report,,17,10,,0,1,2020,Zenit,,
2021-04-05,19:00,Premier League,Matchweek 24,Mon,Home,W,2,0,FC Khimki,60,20708.0,Dejan Lovren,4-4-2◆,3-4-3,Pavel Shadykhanov,Match Report,,21,4,,0,0,2020,Zenit,,
2021-04-11,17:30 (16:30),Premier League,Matchweek 25,Sun,Away,W,2,1,Sochi,54,9328.0,Artem Dzyuba,4-3-1-2,3-4-3,Vladimir Moskalev,Match Report,,17,7,,0,0,2020,Zenit,,
2021-04-17,19:00,Premier League,Matchweek 26,Sat,Away,D,2,2,Krasnodar,57,17590.0,Artem Dzyuba,4-4-2,4-2-3-1,Sergey Ivanov,Match Report,,18,6,,0,0,2020,Zenit,,
2021-04-24,16:30,Premier League,Matchweek 27,Sat,Home,W,6,0,Rotor Volgograd,73,24807.0,Artem Dzyuba,4-4-2,4-4-2,Vitaly Meshkov,Match Report,,32,17,,0,0,2020,Zenit,,
2021-05-02,19:00,Premier League,Matchweek 28,Sun,Home,W,6,1,Loko Moscow,44,39793.0,Artem Dzyuba,4-4-2,4-4-2,Sergey Karasev,Match Report,,19,12,,1,1,2020,Zenit,,
2021-05-08,16:00 (14:00),Premier League,Matchweek 29,Sat,Away,D,0,0,Ufa,64,9660.0,Mikhail Kerzhakov,4-2-3-1,5-3-2,Vladimir Moskalev,Match Report,,16,5,,0,1,2020,Zenit,,
2021-05-16,14:00,Premier League,Matchweek 30,Sun,Away,W,5,1,Tambov,70,7119.0,Artem Dzyuba,4-2-3-1,5-4-1,Anton Frolov,Match Report,,26,12,,0,0,2020,Zenit,,
2020-08-09,20:00,Premier League,Matchweek 1,Sun,Home,D,2,2,Sochi,54,,Georgi Dzhikiya,3-1-4-2,3-4-3,Vasiliy Kazartsev,Match Report,,13,4,,0,0,2020,Spartak Moscow,,
2020-08-14,20:00,Premier League,Matchweek 2,Fri,Home,W,2,0,Akhmat Grozny,71,8946.0,Georgi Dzhikiya,3-4-3,4-2-3-1,Evgeny Turbin,Match Report,,19,5,,1,1,2020,Spartak Moscow,,
2020-08-19,18:00 (16:00),Premier League,Matchweek 3,Wed,Away,D,1,1,Ufa,71,3407.0,Georgi Dzhikiya,3-4-3,5-4-1,Stanislav Vasilyev,Match Report,,21,5,,0,1,2020,Spartak Moscow,,
2020-08-23,19:00,Premier League,Matchweek 4,Sun,Home,W,2,1,Loko Moscow,58,12393.0,Georgi Dzhikiya,3-4-1-2,4-4-2,Sergey Karasev,Match Report,,17,8,,0,0,2020,Spartak Moscow,,
2020-08-26,19:30 (18:30),Premier League,Matchweek 5,Wed,Away,W,1,0,Rotor Volgograd,73,18139.0,Georgi Dzhikiya,3-4-1-2,5-4-1,Aleksey Sukhoy,Match Report,,22,6,,1,1,2020,Spartak Moscow,,
2020-08-29,18:00,Premier League,Matchweek 6,Sat,Home,W,2,1,Arsenal Tula,71,9186.0,Georgi Dzhikiya,3-4-1-2,4-2-3-1,Aleksey Matyunin,Match Report,,7,3,,0,0,2020,Spartak Moscow,,
2020-09-13,19:00,Premier League,Matchweek 7,Sun,Away,L,1,3,CSKA Moscow,57,13330.0,Georgi Dzhikiya,3-4-1-2,4-2-3-1,Sergey Karasev,Match Report,,14,4,,0,0,2020,Spartak Moscow,,
2020-09-20,16:30,Premier League,Matchweek 8,Sun,Away,W,2,0,Rubin Kazan,46,18465.0,Georgi Dzhikiya,3-4-1-2,4-3-3,Kirill Levnikov,Match Report,,6,1,,0,0,2020,Spartak Moscow,,
2020-09-26,14:00,Premier League,Matchweek 9,Sat,Away,W,2,0,Tambov,65,14977.0,Georgi Dzhikiya,3-4-1-2,5-3-2,Igor Panin,Match Report,,15,4,,0,0,2020,Spartak Moscow,,
2020-10-03,19:00,Premier League,Matchweek 10,Sat,Home,D,1,1,Zenit,58,17150.0,Georgi Dzhikiya,3-4-1-2,4-3-3,Pavel Kukuyan,Match Report,,13,4,,0,0,2020,Spartak Moscow,,
2020-10-17,19:00,Premier League,Matchweek 11,Sat,Away,W,3,2,FC Khimki,65,3881.0,Roman Zobnin,3-4-3,3-4-3,Kirill Levnikov,Match Report,,10,7,,1,1,2020,Spartak Moscow,,
2020-10-24,19:00,Premier League,Matchweek 12,Sat,Away,W,3,1,Krasnodar,49,10554.0,Georgi Dzhikiya,3-4-1-2,4-3-3,Vladislav Bezborodov,Match Report,,14,5,,0,0,2020,Spartak Moscow,,
2020-10-31,16:30,Premier League,Matchweek 13,Sat,Home,L,0,1,Rostov,63,2363.0,Georgi Dzhikiya,3-4-1-2,4-1-4-1,Vitaly Meshkov,Match Report,,12,2,,0,0,2020,Spartak Moscow,,
2020-11-07,16:00 (14:00),Premier League,Matchweek 14,Sat,Away,D,2,2,Ural,54,9669.0,Georgi Dzhikiya,3-4-1-2,4-2-3-1,Pavel Kukuyan,Match Report,,17,6,,1,1,2020,Spartak Moscow,,
2020-11-21,19:00,Premier League,Matchweek 15,Sat,Home,D,1,1,Dynamo Mosc,57,4953.0,Georgi Dzhikiya,3-4-1-2,4-2-3-1,Sergey Ivanov,Match Report,,11,5,,0,0,2020,Spartak Moscow,,
2020-11-29,19:00,Premier League,Matchweek 16,Sun,Home,W,2,0,Rotor Volgograd,51,6429.0,Georgi Dzhikiya,3-4-1-2,4-4-2,Nikolay Voloshin,Match Report,,22,8,,1,1,2020,Spartak Moscow,,
2020-12-05,16:30,Premier League,Matchweek 17,Sat,Home,W,5,1,Tambov,66,5964.0,Georgi Dzhikiya,3-4-1-2,3-5-2,Stanislav Vasilyev,Match Report,,25,10,,0,0,2020,Spartak Moscow,,
2020-12-12,17:30 (16:30),Premier League,Matchweek 18,Sat,Away,L,0,1,Sochi,59,10747.0,Georgi Dzhikiya,3-4-1-2,3-5-2,Igor Panin,Match Report,,16,1,,0,0,2020,Spartak Moscow,,
2020-12-16,20:00,Premier League,Matchweek 19,Wed,Away,L,1,3,Zenit,41,1993.0,Georgi Dzhikiya,3-4-1-2,4-4-2,Sergey Karasev,Match Report,,5,2,,0,0,2020,Spartak Moscow,,
2021-02-28,14:00,Premier League,Matchweek 20,Sun,Home,L,0,2,Rubin Kazan,59,9834.0,Georgi Dzhikiya,4-4-2,4-3-3,Sergey Lapochkin,Match Report,,13,5,,0,0,2020,Spartak Moscow,,
2021-03-07,19:00,Premier League,Matchweek 21,Sun,Home,W,6,1,Krasnodar,39,10261.0,Georgi Dzhikiya,4-4-2,4-2-3-1,Vitaly Meshkov,Match Report,,22,13,,0,0,2020,Spartak Moscow,,
2021-03-13,19:00,Premier League,Matchweek 22,Sat,Away,W,2,1,Dynamo Mosc,53,12567.0,Georgi Dzhikiya,3-4-1-2,4-1-4-1,Sergey Ivanov,Match Report,,13,5,,1,1,2020,Spartak Moscow,,
2021-03-18,19:00,Premier League,Matchweek 23,Thu,Home,W,5,1,Ural,58,10170.0,Georgi Dzhikiya,3-4-1-2,4-2-3-1,Vladimir Moskalev,Match Report,,16,9,,2,2,2020,Spartak Moscow,,
2021-04-04,19:00,Premier League,Matchweek 24,Sun,Away,W,3,2,Rostov,49,32888.0,Georgi Dzhikiya,3-4-1-2,4-3-3,Pavel Kukuyan,Match Report,,18,7,,0,0,2020,Spartak Moscow,,
2021-04-11,19:00,Premier League,Matchweek 25,Sun,Away,L,0,2,Loko Moscow,55,11902.0,Georgi Dzhikiya,3-4-1-2,4-4-2,Kirill Levnikov,Match Report,,21,10,,0,0,2020,Spartak Moscow,,
2021-04-18,19:00,Premier League,Matchweek 26,Sun,Home,L,0,3,Ufa,66,10980.0,Roman Zobnin,3-4-1-2,5-4-1,Vitaly Meshkov,Match Report,,15,4,,0,0,2020,Spartak Moscow,,
2021-04-25,16:30,Premier League,Matchweek 27,Sun,Home,W,1,0,CSKA Moscow,58,11974.0,Georgi Dzhikiya,3-4-1-2,4-2-3-1,Pavel Kukuyan,Match Report,,22,6,,0,0,2020,Spartak Moscow,,
2021-05-03,16:30,Premier League,Matchweek 28,Mon,Away,W,2,1,Arsenal Tula,60,9432.0,Roman Zobnin,3-4-1-2,3-4-3,Sergey Ivanov,Match Report,,16,4,,0,0,2020,Spartak Moscow,,
2021-05-10,19:00,Premier League,Matchweek 29,Mon,Home,W,2,1,FC Khimki,65,9649.0,Georgi Dzhikiya,3-4-1-2,3-4-3,Vladislav Bezborodov,Match Report,,24,8,,1,1,2020,Spartak Moscow,,
2021-05-16,14:00,Premier League,Matchweek 30,Sun,Away,D,2,2,Akhmat Grozny,62,11086.0,Georgi Dzhikiya,3-4-1-2,3-4-3,Pavel Kukuyan,Match Report,,20,8,,0,0,2020,Spartak Moscow,,
2020-08-11,20:00,Premier League,Matchweek 1,Tue,Away,W,2,0,Rubin Kazan,62,,Vedran Ćorluka,4-2-3-1,4-2-3-1,Sergey Ivanov,Match Report,,12,5,,0,0,2020,Lokomotiv Moscow,,
2020-08-15,19:00,Premier League,Matchweek 2,Sat,Home,W,1,0,Krasnodar,41,,Vedran Ćorluka,4-2-3-1,4-2-3-1,Kirill Levnikov,Match Report,,16,9,,0,0,2020,Lokomotiv Moscow,,
2020-08-19,18:00 (16:00),Premier League,Matchweek 3,Wed,Away,D,1,1,Ural,68,5072.0,Vedran Ćorluka,4-2-3-1,4-2-3-1,Aleksey Matyunin,Match Report,,21,8,,0,0,2020,Lokomotiv Moscow,,
2020-08-23,19:00,Premier League,Matchweek 4,Sun,Away,L,1,2,Spartak Moscow,42,12393.0,Vedran Ćorluka,4-4-2,3-4-1-2,Sergey Karasev,Match Report,,9,3,,0,0,2020,Lokomotiv Moscow,,
2020-08-26,18:30,Premier League,Matchweek 5,Wed,Home,L,2,3,Akhmat Grozny,62,4859.0,Vedran Ćorluka,4-2-3-1,4-2-3-1,Igor Panin,Match Report,,17,5,,1,1,2020,Lokomotiv Moscow,,
2020-08-30,16:00,Premier League,Matchweek 6,Sun,Home,D,0,0,Zenit,44,7739.0,Vedran Ćorluka,4-2-3-1,4-2-2-2,Vladimir Moskalev,Match Report,,7,1,,0,0,2020,Lokomotiv Moscow,,
2020-09-14,20:30,Premier League,Matchweek 7,Mon,Away,D,0,0,Rostov,45,15011.0,Vedran Ćorluka,4-2-3-1,4-2-3-1,Vladislav Bezborodov,Match Report,,7,1,,0,0,2020,Lokomotiv Moscow,,
2020-09-20,19:00,Premier League,Matchweek 8,Sun,Home,W,1,0,Tambov,57,6508.0,Vedran Ćorluka,4-4-2,5-3-2,Evgeny Turbin,Match Report,,11,7,,0,0,2020,Lokomotiv Moscow,,
2020-09-27,19:00,Premier League,Matchweek 9,Sun,Away,W,1,0,CSKA Moscow,44,12400.0,Vedran Ćorluka,4-4-2,4-2-3-1,Mikhail Vilkov,Match Report,,15,6,,0,0,2020,Lokomotiv Moscow,,
2020-10-04,14:00,Premier League,Matchweek 10,Sun,Home,W,2,1,FC Khimki,57,7920.0,Vedran Ćorluka,4-4-2,5-4-1,Evgeny Kukulyak,Match Report,,18,7,,0,0,2020,Lokomotiv Moscow,,
2020-10-17,16:30,Premier League,Matchweek 11,Sat,Home,W,1,0,Ufa,61,4471.0,Guilherme Marinato,4-4-2,3-5-2,Pavel Kukuyan,Match Report,,13,6,,0,0,2020,Lokomotiv Moscow,,
2020-10-24,19:00,Premier League,Matchweek 12,Sat,Home,L,1,2,Rotor Volgograd,76,4300.0,Vedran Ćorluka,4-4-2,4-2-3-1,Sergey Ivanov,Match Report,,20,4,,0,1,2020,Lokomotiv Moscow,,
2020-10-31,20:00 (19:00),Premier League,Matchweek 13,Sat,Away,L,1,2,Sochi,68,,Guilherme Marinato,4-4-2◆,3-4-3,Stanislav Vasilyev,Match Report,,9,2,,0,0,2020,Lokomotiv Moscow,,
2020-11-08,19:00,Premier League,Matchweek 14,Sun,Away,L,1,5,Dynamo Mosc,48,6158.0,Guilherme Marinato,4-4-2,4-2-3-1,Igor Panin,Match Report,,10,7,,0,0,2020,Lokomotiv Moscow,,
2020-11-21,19:00,Premier League,Matchweek 15,Sat,Home,W,1,0,Arsenal Tula,48,3976.0,Vedran Ćorluka,4-4-2,4-2-3-1,Aleksey Sukhoy,Match Report,,9,5,,1,1,2020,Lokomotiv Moscow,,
2020-11-28,19:00,Premier League,Matchweek 16,Sat,Away,D,0,0,Akhmat Grozny,50,5093.0,Anton Kochenkov,4-5-1,4-4-2,Kirill Levnikov,Match Report,,16,8,,0,0,2020,Lokomotiv Moscow,,
2020-12-05,14:00,Premier League,Matchweek 17,Sat,Home,W,3,1,Rubin Kazan,57,3768.0,Vedran Ćorluka,4-4-2,4-2-3-1,Sergey Karasev,Match Report,,17,6,,1,1,2020,Lokomotiv Moscow,,
2020-12-13,16:30,Premier League,Matchweek 18,Sun,Away,L,0,5,Krasnodar,45,9033.0,Vedran Ćorluka,4-4-2,4-2-3-1,Vladimir Moskalev,Match Report,,15,5,,0,1,2020,Lokomotiv Moscow,,
2020-12-17,18:00,Premier League,Matchweek 19,Thu,Away,L,2,3,FC Khimki,42,831.0,Anton Kochenkov,4-4-2,3-4-3,Aleksey Matyunin,Match Report,,10,5,,0,0,2020,Lokomotiv Moscow,,
2021-02-27,19:00,Premier League,Matchweek 20,Sat,Home,W,2,0,CSKA Moscow,42,8932.0,Vedran Ćorluka,4-4-2◆,4-2-3-1,Pavel Kukuyan,Match Report,,5,2,,0,0,2020,Lokomotiv Moscow,,
2021-03-08,14:00,Premier League,Matchweek 21,Mon,Away,W,3,0,Arsenal Tula,60,7951.0,Guilherme Marinato,4-4-2◆,4-2-3-1,Kirill Levnikov,Match Report,,15,4,,0,0,2020,Lokomotiv Moscow,,
2021-03-14,19:00,Premier League,Matchweek 22,Sun,Home,W,3,1,Sochi,53,6839.0,Vedran Ćorluka,4-4-2◆,5-3-2,Aleksey Matyunin,Match Report,,13,5,,0,0,2020,Lokomotiv Moscow,,
2021-03-18,19:00 (17:00),Premier League,Matchweek 23,Thu,Away,W,1,0,Ufa,63,5180.0,Vedran Ćorluka,4-4-2◆,5-3-2,Stanislav Vasilyev,Match Report,,13,2,,0,0,2020,Lokomotiv Moscow,,
2021-04-03,15:00 (14:00),Premier League,Matchweek 24,Sat,Away,W,2,0,Rotor Volgograd,62,14115.0,Vedran Ćorluka,4-3-1-2,4-2-3-1,Igor Panin,Match Report,,12,3,,0,0,2020,Lokomotiv Moscow,,
2021-04-11,19:00,Premier League,Matchweek 25,Sun,Home,W,2,0,Spartak Moscow,45,11902.0,Vedran Ćorluka,4-4-2◆,3-4-1-2,Kirill Levnikov,Match Report,,11,5,,0,0,2020,Lokomotiv Moscow,,
2021-04-17,16:30,Premier League,Matchweek 26,Sat,Home,W,4,1,Rostov,55,10317.0,Vedran Ćorluka,4-4-2◆,4-3-3,Mikhail Vilkov,Match Report,,10,5,,1,1,2020,Lokomotiv Moscow,,
2021-04-24,19:00,Premier League,Matchweek 27,Sat,Away,W,5,2,Tambov,68,4921.0,Anton Kochenkov,4-3-1-2,3-5-2,Pavel Shadykhanov,Match Report,,26,12,,0,0,2020,Lokomotiv Moscow,,
2021-05-02,19:00,Premier League,Matchweek 28,Sun,Away,L,1,6,Zenit,56,39793.0,Vedran Ćorluka,4-4-2◆,4-4-2,Sergey Karasev,Match Report,,18,5,,0,0,2020,Lokomotiv Moscow,,
2021-05-08,16:30,Premier League,Matchweek 29,Sat,Home,D,0,0,Dynamo Mosc,53,5100.0,Guilherme Marinato,4-3-1-2,4-3-3,Pavel Kukuyan,Match Report,,10,3,,0,0,2020,Lokomotiv Moscow,,
2021-05-16,14:00,Premier League,Matchweek 30,Sun,Home,W,1,0,Ural,69,11774.0,Vedran Ćorluka,4-4-2◆,4-2-3-1,Vladislav Bezborodov,Match Report,,23,3,,0,0,2020,Lokomotiv Moscow,,
2020-08-11,20:00,Premier League,Matchweek 1,Tue,Home,L,0,2,Loko Moscow,38,,Filip Uremović,4-2-3-1,4-2-3-1,Sergey Ivanov,Match Report,,14,3,,0,0,2020,Rubin Kazan,,
2020-08-15,15:30,Premier League,Matchweek 2,Sat,Home,D,1,1,Ural,46,,Filip Uremović,4-2-3-1,4-2-3-1,Aleksey Sukhoy,Match Report,,21,6,,1,1,2020,Rubin Kazan,,
2020-08-18,19:00 (18:00),Premier League,Matchweek 3,Tue,Away,L,2,3,Sochi,55,,Filip Uremović,4-2-3-1,3-4-3,Vladislav Bezborodov,Match Report,,18,7,,1,1,2020,Rubin Kazan,,
2020-08-22,20:00,Premier League,Matchweek 4,Sat,Away,W,2,1,CSKA Moscow,45,7731.0,Filip Uremović,4-2-3-1,3-4-3,Kirill Levnikov,Match Report,,14,6,,0,0,2020,Rubin Kazan,,
2020-08-26,18:30,Premier League,Matchweek 5,Wed,Home,W,3,0,Ufa,50,6276.0,Filip Uremović,4-2-3-1,5-3-2,Pavel Kukuyan,Match Report,,20,11,,0,0,2020,Rubin Kazan,,
2020-08-30,18:00,Premier League,Matchweek 6,Sun,Home,D,2,2,Tambov,60,4515.0,Filip Uremović,4-2-3-1,5-3-2,Vitaly Meshkov,Match Report,,15,8,,0,0,2020,Rubin Kazan,,
2020-09-13,16:30,Premier League,Matchweek 7,Sun,Away,W,1,0,Dynamo Mosc,57,5723.0,Oleg Shatov,4-2-3-1,4-2-3-1,Sergey Lapochkin,Match Report,,16,6,,1,1,2020,Rubin Kazan,,
2020-09-20,16:30,Premier League,Matchweek 8,Sun,Home,L,0,2,Spartak Moscow,54,18465.0,Oleg Shatov,4-3-3,3-4-1-2,Kirill Levnikov,Match Report,,23,7,,0,0,2020,Rubin Kazan,,
2020-09-27,20:00 (19:00),Premier League,Matchweek 9,Sun,Away,W,3,1,Rotor Volgograd,74,8950.0,Filip Uremović,4-3-3,5-4-1,Vladislav Bezborodov,Match Report,,27,7,,1,1,2020,Rubin Kazan,,
2020-10-04,16:30,Premier League,Matchweek 10,Sun,Home,D,1,1,Akhmat Grozny,51,6387.0,Filip Uremović,4-3-3,4-2-3-1,Vladimir Moskalev,Match Report,,10,5,,0,0,2020,Rubin Kazan,,
2020-10-17,16:30,Premier League,Matchweek 11,Sat,Away,L,1,3,Krasnodar,48,10554.0,Filip Uremović,4-4-2,4-3-3,Mikhail Vilkov,Match Report,,8,3,,0,0,2020,Rubin Kazan,,
2020-10-24,16:30,Premier League,Matchweek 12,Sat,Away,W,2,1,Zenit,35,20847.0,Filip Uremović,4-2-3-1,4-2-3-1,Nikolay Voloshin,Match Report,,9,2,,0,0,2020,Rubin Kazan,,
2020-10-31,14:00,Premier League,Matchweek 13,Sat,Home,W,3,1,Arsenal Tula,43,3899.0,Filip Uremović,4-2-3-1,4-2-3-1,Vasiliy Kazartsev,Match Report,,18,3,,0,0,2020,Rubin Kazan,,
2020-11-08,14:00,Premier League,Matchweek 14,Sun,Away,L,0,2,FC Khimki,61,,Filip Uremović,4-2-3-1,3-4-3,Sergey Lapochkin,Match Report,,15,2,,0,0,2020,Rubin Kazan,,
2020-11-22,19:00,Premier League,Matchweek 15,Sun,Home,L,0,2,Rostov,44,3011.0,Oleg Shatov,4-1-4-1,4-1-4-1,Pavel Kukuyan,Match Report,,5,2,,0,0,2020,Rubin Kazan,,
2020-11-29,16:30,Premier League,Matchweek 16,Sun,Home,W,1,0,CSKA Moscow,42,7671.0,Oleg Shatov,4-2-3-1,4-2-3-1,Vitaly Meshkov,Match Report,,14,6,,0,0,2020,Rubin Kazan,,
2020-12-05,14:00,Premier League,Matchweek 17,Sat,Away,L,1,3,Loko Moscow,43,3768.0,Oleg Shatov,4-2-3-1,4-4-2,Sergey Karasev,Match Report,,11,4,,0,0,2020,Rubin Kazan,,
2020-12-13,14:00,Premier League,Matchweek 18,Sun,Away,W,1,0,Tambov,59,,Filip Uremović,4-3-3,3-5-1-1,Kirill Levnikov,Match Report,,19,5,,0,0,2020,Rubin Kazan,,
2020-12-17,20:00,Premier League,Matchweek 19,Thu,Away,D,0,0,Akhmat Grozny,44,,Filip Uremović,4-3-3,4-2-3-1,Stanislav Vasilyev,Match Report,,13,4,,0,0,2020,Rubin Kazan,,
2021-02-28,14:00,Premier League,Matchweek 20,Sun,Away,W,2,0,Spartak Moscow,41,9834.0,Filip Uremović,4-3-3,4-4-2,Sergey Lapochkin,Match Report,,13,5,,0,0,2020,Rubin Kazan,,
2021-03-08,16:30,Premier League,Matchweek 21,Mon,Home,W,2,1,Zenit,31,9211.0,Filip Uremović,4-1-4-1,4-1-3-2,Sergey Karasev,Match Report,,11,4,,1,1,2020,Rubin Kazan,,
2021-03-14,16:00 (14:00),Premier League,Matchweek 22,Sun,Away,W,3,0,Ufa,53,3196.0,Filip Uremović,4-1-4-1,5-3-2,Igor Panin,Match Report,,13,9,,0,0,2020,Rubin Kazan,,
2021-03-19,19:00,Premier League,Matchweek 23,Fri,Home,L,1,3,FC Khimki,62,5937.0,Filip Uremović,4-1-4-1,5-3-2,Aleksey Matyunin,Match Report,,16,6,,0,0,2020,Rubin Kazan,,
2021-04-03,16:30,Premier League,Matchweek 24,Sat,Home,W,1,0,Sochi,43,6511.0,Filip Uremović,4-1-4-1,3-4-3,Vladislav Bezborodov,Match Report,,7,3,,0,0,2020,Rubin Kazan,,
2021-04-10,19:00,Premier League,Matchweek 25,Sat,Away,W,1,0,Rostov,40,15011.0,Filip Uremović,4-1-4-1,4-3-3,Stanislav Vasilyev,Match Report,,11,7,,0,0,2020,Rubin Kazan,,
2021-04-18,14:00 (12:00),Premier League,Matchweek 26,Sun,Away,W,1,0,Ural,42,10739.0,Filip Uremović,4-3-3,4-2-3-1,Artem Lyubimov,Match Report,,7,4,,0,0,2020,Rubin Kazan,,
2021-04-25,19:00,Premier League,Matchweek 27,Sun,Home,L,0,1,Krasnodar,39,9108.0,Filip Uremović,4-1-4-1,4-2-3-1,Vasiliy Kazartsev,Match Report,,5,2,,0,0,2020,Rubin Kazan,,
2021-05-01,14:00,Premier League,Matchweek 28,Sat,Home,W,2,0,Dynamo Mosc,41,9063.0,Đorđe Despotović,4-3-3,4-3-3,Vitaly Meshkov,Match Report,,6,2,,0,0,2020,Rubin Kazan,,
2021-05-08,16:30,Premier League,Matchweek 29,Sat,Away,W,4,2,Arsenal Tula,67,6103.0,Đorđe Despotović,4-3-3,3-4-3,Kirill Levnikov,Match Report,,19,6,,1,1,2020,Rubin Kazan,,
2021-05-16,14:00,Premier League,Matchweek 30,Sun,Home,D,1,1,Rotor Volgograd,47,12433.0,Đorđe Despotović,4-3-3,4-2-3-1,Vitaly Meshkov,Match Report,,22,6,,1,1,2020,Rubin Kazan,,
2020-08-09,20:00,Premier League,Matchweek 1,Sun,Away,D,2,2,Spartak Moscow,46,,Soslan Dzhanayev,3-4-3,3-1-4-2,Vasiliy Kazartsev,Match Report,,16,4,,2,2,2020,Sochi,,
2020-08-14,20:00 (19:00),Premier League,Matchweek 2,Fri,Home,D,1,1,FC Khimki,54,3613.0,Soslan Dzhanayev,3-5-2,4-4-2,Sergey Karasev,Match Report,,15,5,,0,0,2020,Sochi,,
2020-08-18,19:00 (18:00),Premier League,Matchweek 3,Tue,Home,W,3,2,Rubin Kazan,45,,Soslan Dzhanayev,3-4-3,4-2-3-1,Vladislav Bezborodov,Match Report,,11,6,,0,0,2020,Sochi,,
2020-08-22,21:00 (20:00),Premier League,Matchweek 4,Sat,Away,W,2,1,Rotor Volgograd,55,14077.0,Soslan Dzhanayev,3-4-3,4-4-1-1,Sergey Ivanov,Match Report,,17,8,,0,0,2020,Sochi,,
2020-08-25,18:30,Premier League,Matchweek 5,Tue,Away,W,1,0,Tambov,55,2100.0,Soslan Dzhanayev,3-4-3,5-3-2,Aleksey Matyunin,Match Report,,16,6,,0,0,2020,Sochi,,
2020-08-30,21:00 (20:00),Premier League,Matchweek 6,Sun,Home,D,0,0,Ural,47,3942.0,Soslan Dzhanayev,5-4-1,4-4-2,Mikhail Vilkov,Match Report,,13,1,,0,0,2020,Sochi,,
2020-09-12,19:00,Premier League,Matchweek 7,Sat,Away,W,1,0,Akhmat Grozny,37,6084.0,Soslan Dzhanayev,5-4-1,4-2-3-1,Vitaly Meshkov,Match Report,,8,1,,0,0,2020,Sochi,,
2020-09-20,14:00,Premier League,Matchweek 8,Sun,Away,L,2,3,Arsenal Tula,57,5028.0,Soslan Dzhanayev,5-4-1,3-4-3,Evgeny Kukulyak,Match Report,,13,4,,1,1,2020,Sochi,,
2020-09-26,21:00 (20:00),Premier League,Matchweek 9,Sat,Home,D,1,1,Krasnodar,27,7641.0,Soslan Dzhanayev,5-4-1,4-2-3-1,Sergey Karasev,Match Report,,7,2,,1,1,2020,Sochi,,
2020-10-04,17:30 (16:30),Premier League,Matchweek 10,Sun,Home,W,4,2,Rostov,59,6199.0,Soslan Dzhanayev,5-4-1,4-2-3-1,Evgeny Turbin,Match Report,,14,8,,0,0,2020,Sochi,,
2020-10-17,14:00,Premier League,Matchweek 11,Sat,Away,L,1,3,Zenit,45,21231.0,Soslan Dzhanayev,5-4-1,4-4-2,Sergey Ivanov,Match Report,,10,3,,0,0,2020,Sochi,,
2020-10-24,14:00,Premier League,Matchweek 12,Sat,Away,L,1,3,Dynamo Mosc,52,4535.0,Ibragim Tsallagov,3-4-3,4-2-3-1,Aleksey Sukhoy,Match Report,,11,6,,0,0,2020,Sochi,,
2020-10-31,20:00 (19:00),Premier League,Matchweek 13,Sat,Home,W,2,1,Loko Moscow,32,,Soslan Dzhanayev,3-4-3,4-4-2,Stanislav Vasilyev,Match Report,,14,4,,0,0,2020,Sochi,,
2020-11-06,20:00 (19:00),Premier League,Matchweek 14,Fri,Home,D,1,1,Ufa,56,3963.0,Soslan Dzhanayev,3-4-3,3-4-1-2,Nikolay Voloshin,Match Report,,11,4,,0,0,2020,Sochi,,
2020-11-22,14:00,Premier League,Matchweek 15,Sun,Away,D,1,1,CSKA Moscow,40,5012.0,Soslan Dzhanayev,3-4-3,4-2-3-1,Evgeny Kukulyak,Match Report,,12,4,,0,0,2020,Sochi,,
2020-11-29,14:00 (12:00),Premier League,Matchweek 16,Sun,Away,L,0,1,Ural,38,2058.0,Soslan Dzhanayev,3-4-3,4-2-3-1,Stanislav Vasilyev,Match Report,,9,2,,0,0,2020,Sochi,,
2020-12-07,20:00 (19:00),Premier League,Matchweek 17,Mon,Home,W,2,0,Akhmat Grozny,47,2663.0,Soslan Dzhanayev,3-4-3,4-2-3-1,Sergey Lapochkin,Match Report,,10,5,,0,0,2020,Sochi,,
2020-12-12,17:30 (16:30),Premier League,Matchweek 18,Sat,Home,W,1,0,Spartak Moscow,41,10747.0,Soslan Dzhanayev,3-5-2,3-4-1-2,Igor Panin,Match Report,,10,5,,0,0,2020,Sochi,,
2020-12-16,19:00 (18:00),Premier League,Matchweek 19,Wed,Home,W,2,0,Dynamo Mosc,46,2685.0,Soslan Dzhanayev,3-5-2,4-3-3,Vitaly Meshkov,Match Report,,19,11,,0,0,2020,Sochi,,
2021-02-27,20:00 (19:00),Premier League,Matchweek 20,Sat,Home,W,4,0,Arsenal Tula,50,3311.0,Soslan Dzhanayev,3-4-3,4-2-3-1,Mikhail Vilkov,Match Report,,11,7,,0,0,2020,Sochi,,
2021-03-06,19:00,Premier League,Matchweek 21,Sat,Away,D,0,0,Rostov,47,12580.0,Soslan Dzhanayev,3-5-2,4-3-3,Vasiliy Kazartsev,Match Report,,8,2,,0,0,2020,Sochi,,
2021-03-14,19:00,Premier League,Matchweek 22,Sun,Away,L,1,3,Loko Moscow,47,6839.0,Soslan Dzhanayev,5-3-2,4-4-2,Aleksey Matyunin,Match Report,,14,4,,0,0,2020,Sochi,,
2021-03-19,20:00 (19:00),Premier League,Matchweek 23,Fri,Home,W,5,0,Tambov,62,3147.0,Ibragim Tsallagov,3-5-2,3-4-3,Artem Lyubimov,Match Report,,24,10,,0,0,2020,Sochi,,
2021-04-03,16:30,Premier League,Matchweek 24,Sat,Away,L,0,1,Rubin Kazan,57,6511.0,Ibragim Tsallagov,3-4-3,4-1-4-1,Vladislav Bezborodov,Match Report,,12,3,,0,0,2020,Sochi,,
2021-04-11,17:30 (16:30),Premier League,Matchweek 25,Sun,Home,L,1,2,Zenit,46,9328.0,Ibragim Tsallagov,3-4-3,4-3-1-2,Vladimir Moskalev,Match Report,,14,3,,0,0,2020,Sochi,,
2021-04-18,17:30 (16:30),Premier League,Matchweek 26,Sun,Home,W,2,1,CSKA Moscow,42,10767.0,Ibragim Tsallagov,3-4-3,4-2-3-1,Stanislav Vasilyev,Match Report,,18,13,,1,1,2020,Sochi,,
2021-04-25,16:00 (14:00),Premier League,Matchweek 27,Sun,Away,W,3,2,Ufa,33,7232.0,Ibragim Tsallagov,3-4-3,5-3-2,Igor Panin,Match Report,,14,5,,1,1,2020,Sochi,,
2021-05-01,19:00,Premier League,Matchweek 28,Sat,Away,W,3,1,Krasnodar,32,17590.0,Nikolai Zabolotny,3-4-3,4-2-3-1,Ivan Sidenkov,Match Report,,11,8,,1,1,2020,Sochi,,
2021-05-07,21:00 (20:00),Premier League,Matchweek 29,Fri,Home,W,2,1,Rotor Volgograd,53,7340.0,Ibragim Tsallagov,3-4-3,4-2-3-1,Sergey Karasev,Match Report,,22,10,,0,0,2020,Sochi,,
2021-05-16,14:00,Premier League,Matchweek 30,Sun,Away,D,0,0,FC Khimki,48,5450.0,Ibragim Tsallagov,3-4-3,3-4-3,Sergey Ivanov,Match Report,,12,1,,0,0,2020,Sochi,,
2020-08-08,16:00,Premier League,Matchweek 1,Sat,Away,W,2,0,FC Khimki,55,4948.0,Igor Akinfeev,3-4-3,3-4-3,Vladislav Bezborodov,Match Report,,14,3,,0,0,2020,CSKA Moscow,,
2020-08-15,18:00,Premier League,Matchweek 2,Sat,Home,W,2,1,Tambov,51,7939.0,Igor Akinfeev,3-4-3,5-4-1,Vladimir Moskalev,Match Report,,12,4,,0,0,2020,CSKA Moscow,,
2020-08-19,20:00,Premier League,Matchweek 3,Wed,Away,L,1,2,Zenit,39,,Igor Akinfeev,3-4-3,4-3-1-2,Vitaly Meshkov,Match Report,,13,4,,0,0,2020,CSKA Moscow,,
2020-08-22,20:00,Premier League,Matchweek 4,Sat,Home,L,1,2,Rubin Kazan,55,7731.0,Igor Akinfeev,3-4-3,4-2-3-1,Kirill Levnikov,Match Report,,20,7,,0,0,2020,CSKA Moscow,,
2020-08-26,20:30,Premier League,Matchweek 5,Wed,Away,D,1,1,Krasnodar,46,6077.0,Igor Akinfeev,4-2-3-1,4-2-3-1,Vladislav Bezborodov,Match Report,,17,10,,0,0,2020,CSKA Moscow,,
2020-08-30,18:00,Premier League,Matchweek 6,Sun,Away,W,3,0,Akhmat Grozny,45,6413.0,Igor Akinfeev,4-2-3-1,4-2-3-1,Sergey Ivanov,Match Report,,12,8,,0,0,2020,CSKA Moscow,,
2020-09-13,19:00,Premier League,Matchweek 7,Sun,Home,W,3,1,Spartak Moscow,43,13330.0,Igor Akinfeev,4-2-3-1,3-4-1-2,Sergey Karasev,Match Report,,11,5,,0,0,2020,CSKA Moscow,,
2020-09-20,16:00 (14:00),Premier League,Matchweek 8,Sun,Away,W,1,0,Ufa,63,3839.0,Igor Akinfeev,4-2-3-1,5-4-1,Nikolay Voloshin,Match Report,,23,10,,0,0,2020,CSKA Moscow,,
2020-09-27,19:00,Premier League,Matchweek 9,Sun,Home,L,0,1,Loko Moscow,57,12400.0,Igor Akinfeev,4-2-3-1,4-4-2,Mikhail Vilkov,Match Report,,21,4,,0,0,2020,CSKA Moscow,,
2020-10-03,18:30 (16:30),Premier League,Matchweek 10,Sat,Away,W,2,0,Ural,46,15102.0,Igor Akinfeev,4-2-3-1,4-3-3,Stanislav Vasilyev,Match Report,,12,3,,0,0,2020,CSKA Moscow,,
2020-10-18,16:30,Premier League,Matchweek 11,Sun,Home,W,3,1,Dynamo Mosc,59,6999.0,Igor Akinfeev,4-2-3-1,4-2-3-1,Vladislav Bezborodov,Match Report,,18,11,,0,0,2020,CSKA Moscow,,
2020-10-26,19:00,Premier League,Matchweek 12,Mon,Home,W,5,1,Arsenal Tula,59,5092.0,Igor Akinfeev,4-2-3-1,4-2-3-1,Igor Panin,Match Report,,23,8,,1,1,2020,CSKA Moscow,,
2020-11-01,17:30 (16:30),Premier League,Matchweek 13,Sun,Away,W,1,0,Rotor Volgograd,65,14250.0,Igor Akinfeev,4-2-3-1,4-2-2-2,Pavel Kukuyan,Match Report,,22,6,,0,0,2020,CSKA Moscow,,
2020-11-08,16:30,Premier League,Matchweek 14,Sun,Home,W,2,0,Rostov,53,6886.0,Igor Akinfeev,4-2-3-1,4-1-4-1,Aleksey Matyunin,Match Report,,23,9,,0,0,2020,CSKA Moscow,,
2020-11-22,14:00,Premier League,Matchweek 15,Sun,Home,D,1,1,Sochi,60,5012.0,Igor Akinfeev,4-2-3-1,3-4-3,Evgeny Kukulyak,Match Report,,5,3,,0,0,2020,CSKA Moscow,,
2020-11-29,16:30,Premier League,Matchweek 16,Sun,Away,L,0,1,Rubin Kazan,58,7671.0,Igor Akinfeev,4-2-3-1,4-2-3-1,Vitaly Meshkov,Match Report,,20,2,,0,0,2020,CSKA Moscow,,
2020-12-06,19:00,Premier League,Matchweek 17,Sun,Home,D,2,2,FC Khimki,59,4612.0,Igor Akinfeev,4-2-3-1,5-3-2,Kirill Levnikov,Match Report,,31,11,,0,0,2020,CSKA Moscow,,
2020-12-13,19:00,Premier League,Matchweek 18,Sun,Home,D,2,2,Ural,60,4315.0,Igor Akinfeev,4-2-3-1,4-2-3-1,Aleksey Sukhoy,Match Report,,14,7,,1,1,2020,CSKA Moscow,,
2020-12-17,20:00,Premier League,Matchweek 19,Thu,Away,W,3,1,Rostov,48,10743.0,Igor Akinfeev,4-2-3-1,4-1-4-1,Vladimir Moskalev,Match Report,,17,8,,0,0,2020,CSKA Moscow,,
2021-02-27,19:00,Premier League,Matchweek 20,Sat,Away,L,0,2,Loko Moscow,58,8932.0,Mário Fernandes,4-2-3-1,4-4-2,Pavel Kukuyan,Match Report,,19,6,,0,1,2020,CSKA Moscow,,
2021-03-06,14:00,Premier League,Matchweek 21,Sat,Home,W,2,0,Akhmat Grozny,53,6085.0,Mário Fernandes,4-2-3-1,4-4-2,Ivan Sidenkov,Match Report,,19,6,,1,1,2020,CSKA Moscow,,
2021-03-13,14:00,Premier League,Matchweek 22,Sat,Away,L,1,2,Arsenal Tula,58,9890.0,Igor Akinfeev,4-2-3-1,5-4-1,Vladislav Bezborodov,Match Report,,12,4,,0,0,2020,CSKA Moscow,,
2021-03-17,20:00,Premier League,Matchweek 23,Wed,Home,L,2,3,Zenit,44,11275.0,Igor Akinfeev,4-2-3-1,4-4-2,Evgeny Kukulyak,Match Report,,11,3,,1,1,2020,CSKA Moscow,,
2021-04-04,16:30,Premier League,Matchweek 24,Sun,Away,W,2,1,Tambov,70,7540.0,Igor Akinfeev,4-2-3-1,3-5-2,Vitaly Meshkov,Match Report,,26,11,,2,3,2020,CSKA Moscow,,
2021-04-12,19:00,Premier League,Matchweek 25,Mon,Home,W,2,0,Rotor Volgograd,61,10240.0,Igor Akinfeev,4-2-3-1,4-2-3-1,Sergey Karasev,Match Report,,25,8,,0,0,2020,CSKA Moscow,,
2021-04-18,17:30 (16:30),Premier League,Matchweek 26,Sun,Away,L,1,2,Sochi,58,10767.0,Igor Akinfeev,4-2-3-1,3-4-3,Stanislav Vasilyev,Match Report,,10,3,,0,0,2020,CSKA Moscow,,
2021-04-25,16:30,Premier League,Matchweek 27,Sun,Away,L,0,1,Spartak Moscow,42,11974.0,Igor Akinfeev,4-2-3-1,3-4-1-2,Pavel Kukuyan,Match Report,,5,0,,0,0,2020,CSKA Moscow,,
2021-05-01,16:30,Premier League,Matchweek 28,Sat,Home,D,1,1,Ufa,55,10155.0,Igor Akinfeev,4-2-3-1,5-3-2,Vasiliy Kazartsev,Match Report,,23,8,,0,0,2020,CSKA Moscow,,
2021-05-08,19:30,Premier League,Matchweek 29,Sat,Home,W,3,1,Krasnodar,51,10704.0,Igor Akinfeev,4-2-3-1,4-2-2-2,Vitaly Meshkov,Match Report,,10,6,,0,0,2020,CSKA Moscow,,
2021-05-16,14:00,Premier League,Matchweek 30,Sun,Away,L,2,3,Dynamo Mosc,49,12533.0,Igor Akinfeev,4-3-3,4-3-3,Kirill Levnikov,Match Report,,13,4,,0,0,2020,CSKA Moscow,,
2020-08-10,19:00 (17:00),Premier League,Matchweek 1,Mon,Away,W,2,0,Ural,43.0,,Anton Shunin,4-2-3-1,4-2-3-1,Vitaly Meshkov,Match Report,,15.0,7.0,,0,0,2020,Dynamo Moscow,,
2020-08-15,15:30,Premier League,Matchweek 2,Sat,Home,D,0,0,Rotor Volgograd,51.0,5981.0,Anton Shunin,4-3-3,4-2-3-1,Igor Panin,Match Report,,21.0,3.0,,0,0,2020,Dynamo Moscow,,
2020-08-19,19:00,Premier League,Matchweek 3,Wed,Home,W,2,0,Rostov,33.0,,Anton Shunin,4-3-3,4-2-3-1,Nikolay Voloshin,Match Report,,6.0,3.0,,1,1,2020,Dynamo Moscow,,
2020-08-22,17:30,Premier League,Matchweek 4,Sat,Away,L,0,2,Arsenal Tula,51.0,1897.0,Anton Shunin,4-2-3-1,4-4-2,Vladimir Moskalev,Match Report,,7.0,3.0,,0,0,2020,Dynamo Moscow,,
2020-08-26,20:45,Premier League,Matchweek 5,Wed,Home,W,1,0,Zenit,36.0,5885.0,Anton Shunin,5-4-1,4-4-2,Stanislav Vasilyev,Match Report,,6.0,2.0,,0,0,2020,Dynamo Moscow,,
2020-08-30,16:00 (14:00),Premier League,Matchweek 6,Sun,Away,D,1,1,Ufa,60.0,2936.0,Anton Shunin,3-4-3,5-4-1,Evgeny Turbin,Match Report,,11.0,6.0,,0,0,2020,Dynamo Moscow,,
2020-09-13,16:30,Premier League,Matchweek 7,Sun,Home,L,0,1,Rubin Kazan,43.0,5723.0,Anton Shunin,4-2-3-1,4-2-3-1,Sergey Lapochkin,Match Report,,16.0,3.0,,0,0,2020,Dynamo Moscow,,
2020-09-21,19:00,Premier League,Matchweek 8,Mon,Home,W,1,0,Akhmat Grozny,61.0,4512.0,Anton Shunin,4-2-3-1,4-1-4-1,Mikhail Vilkov,Match Report,,22.0,3.0,,0,0,2020,Dynamo Moscow,,
2020-09-28,19:00,Premier League,Matchweek 9,Mon,Away,L,0,1,FC Khimki,61.0,2732.0,Anton Shunin,4-2-3-1,5-4-1,Sergey Ivanov,Match Report,,26.0,9.0,,0,0,2020,Dynamo Moscow,,
2020-10-04,20:00,Premier League,Matchweek 10,Sun,Home,W,2,0,Krasnodar,39.0,6076.0,Anton Shunin,4-2-3-1,4-3-3,Kirill Levnikov,Match Report,,15.0,10.0,,0,0,2020,Dynamo Moscow,,
2020-10-18,16:30,Premier League,Matchweek 11,Sun,Away,L,1,3,CSKA Moscow,41.0,6999.0,Anton Shunin,4-2-3-1,4-2-3-1,Vladislav Bezborodov,Match Report,,10.0,3.0,,0,0,2020,Dynamo Moscow,,
2020-10-24,14:00,Premier League,Matchweek 12,Sat,Home,W,3,1,Sochi,48.0,4535.0,Anton Shunin,4-2-3-1,3-4-3,Aleksey Sukhoy,Match Report,,19.0,10.0,,0,0,2020,Dynamo Moscow,,
2020-11-01,19:00,Premier League,Matchweek 13,Sun,Away,W,2,1,Tambov,73.0,2091.0,Anton Shunin,4-2-3-1,5-3-2,Sergey Karasev,Match Report,,26.0,11.0,,1,1,2020,Dynamo Moscow,,
2020-11-08,19:00,Premier League,Matchweek 14,Sun,Home,W,5,1,Loko Moscow,52.0,6158.0,Roman Yevgenyev,4-2-3-1,4-4-2,Igor Panin,Match Report,,17.0,6.0,,1,1,2020,Dynamo Moscow,,
2020-11-21,19:00,Premier League,Matchweek 15,Sat,Away,D,1,1,Spartak Moscow,43.0,4953.0,Anton Shunin,4-2-3-1,3-4-1-2,Sergey Ivanov,Match Report,,17.0,10.0,,0,0,2020,Dynamo Moscow,,
2020-11-28,19:00,Premier League,Matchweek 16,Sat,Away,L,1,4,Rostov,59.0,12128.0,Anton Shunin,4-2-3-1,4-1-4-1,Sergey Lapochkin,Match Report,,10.0,4.0,,1,1,2020,Dynamo Moscow,,
2020-12-06,16:30,Premier League,Matchweek 17,Sun,Home,W,1,0,Arsenal Tula,46.0,4768.0,Anton Shunin,4-1-4-1,4-3-3,Vasiliy Kazartsev,Match Report,,21.0,4.0,,0,0,2020,Dynamo Moscow,,
2020-12-12,19:00,Premier League,Matchweek 18,Sat,Away,L,1,3,Zenit,45.0,1909.0,Anton Shunin,4-2-3-1,4-2-3-1,Sergey Ivanov,Match Report,,10.0,5.0,,1,1,2020,Dynamo Moscow,,
2020-12-16,19:00 (18:00),Premier League,Matchweek 19,Wed,Away,L,0,2,Sochi,54.0,2685.0,Anton Shunin,4-3-3,3-5-2,Vitaly Meshkov,Match Report,,9.0,4.0,,0,0,2020,Dynamo Moscow,,
2021-02-28,16:30,Premier League,Matchweek 20,Sun,Away,W,2,1,Akhmat Grozny,50.0,25317.0,Anton Shunin,4-3-3,4-4-1-1,Vladislav Bezborodov,Match Report,,9.0,2.0,,1,1,2020,Dynamo Moscow,,
2021-03-07,16:30,Premier League,Matchweek 21,Sun,Home,W,2,0,Tambov,72.0,7502.0,Anton Shunin,4-3-3,5-3-2,Evgeny Kukulyak,Match Report,,29.0,9.0,,1,1,2020,Dynamo Moscow,,
2021-03-13,19:00,Premier League,Matchweek 22,Sat,Home,L,1,2,Spartak Moscow,48.0,12567.0,Anton Shunin,4-1-4-1,3-4-1-2,Sergey Ivanov,Match Report,,11.0,2.0,,0,0,2020,Dynamo Moscow,,
2021-03-18,19:00,Premier League,Matchweek 23,Thu,Away,W,3,2,Krasnodar,52.0,10554.0,Anton Shunin,4-3-3,4-2-3-1,Vasiliy Kazartsev,Match Report,,25.0,8.0,,0,0,2020,Dynamo Moscow,,
2021-04-03,19:00,Premier League,Matchweek 24,Sat,Home,W,4,0,Ufa,66.0,10016.0,Anton Shunin,4-3-3,5-3-2,Ivan Sidenkov,Match Report,,18.0,6.0,,1,1,2020,Dynamo Moscow,,
2021-04-11,16:30,Premier League,Matchweek 25,Sun,Home,D,2,2,Ural,58.0,10058.0,Anton Shunin,4-3-3,4-2-3-1,Igor Panin,Match Report,,19.0,7.0,,0,0,2020,Dynamo Moscow,,
2021-04-17,17:30 (16:30),Premier League,Matchweek 26,Sat,Away,W,3,0,Rotor Volgograd,58.0,9101.0,Anton Shunin,4-3-3,4-2-3-1,Pavel Kukuyan,Match Report,,21.0,9.0,,1,1,2020,Dynamo Moscow,,
2021-04-24,19:00,Premier League,Matchweek 27,Sat,Home,L,0,1,FC Khimki,60.0,11327.0,Anton Shunin,4-3-3,3-4-3,Evgeny Kukulyak,Match Report,,21.0,7.0,,0,0,2020,Dynamo Moscow,,
2021-05-01,14:00,Premier League,Matchweek 28,Sat,Away,L,0,2,Rubin Kazan,59.0,9063.0,Anton Shunin,4-3-3,4-3-3,Vitaly Meshkov,Match Report,,24.0,8.0,,0,0,2020,Dynamo Moscow,,
2021-05-08,16:30,Premier League,Matchweek 29,Sat,Away,D,0,0,Loko Moscow,47.0,5100.0,Roman Yevgenyev,4-3-3,4-3-1-2,Pavel Kukuyan,Match Report,,11.0,0.0,,0,0,2020,Dynamo Moscow,,
2021-05-16,14:00,Premier League,Matchweek 30,Sun,Home,W,3,2,CSKA Moscow,51.0,12533.0,Roman Yevgenyev,4-3-3,4-3-3,Kirill Levnikov,Match Report,,16.0,8.0,,0,0,2020,Dynamo Moscow,,
2020-08-08,16:00,Premier League,Matchweek 1,Sat,Home,L,0,2,CSKA Moscow,46,4948.0,Yegor Danilkin,3-4-3,3-4-3,Vladislav Bezborodov,Match Report,,18,4,,0,0,2020,FC Khimki,,
2020-08-14,20:00 (19:00),Premier League,Matchweek 2,Fri,Away,D,1,1,Sochi,46,3613.0,Dmitri Tikhiy,4-4-2,3-5-2,Sergey Karasev,Match Report,,14,6,,0,0,2020,FC Khimki,,
2020-08-18,19:00,Premier League,Matchweek 3,Tue,Away,L,0,1,Tambov,62,,Dmitri Tikhiy,4-4-2,5-3-2,Mikhail Vilkov,Match Report,,21,4,,0,0,2020,FC Khimki,,
2020-08-22,16:00,Premier League,Matchweek 4,Sat,Home,L,1,2,Akhmat Grozny,40,1630.0,Dmitri Tikhiy,3-4-3,4-2-3-1,Pavel Kukuyan,Match Report,,13,4,,0,1,2020,FC Khimki,,
2020-08-25,20:30,Premier League,Matchweek 5,Tue,Away,D,1,1,Arsenal Tula,31,3244.0,Dmitri Tikhiy,3-5-2,4-4-2,Nikolay Voloshin,Match Report,,3,2,,0,0,2020,FC Khimki,,
2020-08-29,20:00,Premier League,Matchweek 6,Sat,Home,D,1,1,Rotor Volgograd,62,2541.0,Dmitri Tikhiy,3-4-3,5-4-1,Kirill Levnikov,Match Report,,17,3,,0,0,2020,FC Khimki,,
2020-09-12,18:30 (16:30),Premier League,Matchweek 7,Sat,Away,L,1,3,Ural,41,6037.0,Dmitri Tikhiy,4-2-3-1,4-2-3-1,Vladimir Moskalev,Match Report,,14,5,,0,0,2020,FC Khimki,,
2020-09-18,20:00,Premier League,Matchweek 8,Fri,Away,L,2,7,Krasnodar,32,10544.0,Dmitri Tikhiy,5-4-1,4-2-3-1,Sergey Lapochkin,Match Report,,6,2,,1,1,2020,FC Khimki,,
2020-09-28,19:00,Premier League,Matchweek 9,Mon,Home,W,1,0,Dynamo Mosc,39,2732.0,Dmitri Tikhiy,5-4-1,4-2-3-1,Sergey Ivanov,Match Report,,12,4,,0,0,2020,FC Khimki,,
2020-10-04,14:00,Premier League,Matchweek 10,Sun,Away,L,1,2,Loko Moscow,44,7920.0,Dmitri Tikhiy,5-4-1,4-4-2,Evgeny Kukulyak,Match Report,,11,3,,0,0,2020,FC Khimki,,
2020-10-17,19:00,Premier League,Matchweek 11,Sat,Home,L,2,3,Spartak Moscow,35,3881.0,Denis Glushakov,3-4-3,3-4-3,Kirill Levnikov,Match Report,,22,10,,0,0,2020,FC Khimki,,
2020-10-25,16:30,Premier League,Matchweek 12,Sun,Away,W,2,0,Rostov,42,10879.0,Dmitri Tikhiy,3-4-3,4-1-4-1,Vasiliy Kazartsev,Match Report,,14,9,,0,0,2020,FC Khimki,,
2020-11-01,14:00,Premier League,Matchweek 13,Sun,Home,L,0,2,Zenit,46,,Dmitri Tikhiy,3-4-3,4-3-3,Aleksey Matyunin,Match Report,,12,6,,0,0,2020,FC Khimki,,
2020-11-08,14:00,Premier League,Matchweek 14,Sun,Home,W,2,0,Rubin Kazan,39,,Denis Glushakov,3-4-3,4-2-3-1,Sergey Lapochkin,Match Report,,17,8,,0,0,2020,FC Khimki,,
2020-11-23,19:00 (17:00),Premier League,Matchweek 15,Mon,Away,W,2,1,Ufa,39,1424.0,Dmitri Tikhiy,3-4-3,5-3-2,Stanislav Vasilyev,Match Report,,7,4,,0,0,2020,FC Khimki,,
2020-11-28,16:30,Premier League,Matchweek 16,Sat,Home,W,1,0,Krasnodar,26,,Dmitri Tikhiy,3-4-3,4-2-3-1,Sergey Ivanov,Match Report,,12,4,,0,0,2020,FC Khimki,,
2020-12-06,19:00,Premier League,Matchweek 17,Sun,Away,D,2,2,CSKA Moscow,41,4612.0,Dmitri Tikhiy,5-3-2,4-2-3-1,Kirill Levnikov,Match Report,,10,7,,0,0,2020,FC Khimki,,
2020-12-11,19:00,Premier League,Matchweek 18,Fri,Home,W,1,0,Arsenal Tula,35,,Dmitri Tikhiy,3-4-3,4-2-3-1,Ivan Sidenkov,Match Report,,7,2,,0,0,2020,FC Khimki,,
2020-12-17,18:00,Premier League,Matchweek 19,Thu,Home,W,3,2,Loko Moscow,58,831.0,Dmitri Tikhiy,3-4-3,4-4-2,Aleksey Matyunin,Match Report,,20,8,,1,1,2020,FC Khimki,,
2021-02-27,14:00,Premier League,Matchweek 20,Sat,Home,W,2,1,Ufa,43,539.0,Dmitri Tikhiy,3-4-3,5-3-2,Artem Lyubimov,Match Report,,9,4,,0,0,2020,FC Khimki,,
2021-03-06,17:30 (16:30),Premier League,Matchweek 21,Sat,Away,D,0,0,Rotor Volgograd,55,5369.0,Dmitri Tikhiy,5-3-2,4-2-3-1,Sergey Ivanov,Match Report,,6,0,,0,0,2020,FC Khimki,,
2021-03-12,19:00,Premier League,Matchweek 22,Fri,Home,W,1,0,Rostov,49,1092.0,Dmitri Tikhiy,3-5-2,4-3-3,Sergey Lapochkin,Match Report,,12,3,,1,1,2020,FC Khimki,,
2021-03-19,19:00,Premier League,Matchweek 23,Fri,Away,W,3,1,Rubin Kazan,38,5937.0,Dmitri Tikhiy,5-3-2,4-1-4-1,Aleksey Matyunin,Match Report,,8,3,,1,1,2020,FC Khimki,,
2021-04-05,19:00,Premier League,Matchweek 24,Mon,Away,L,0,2,Zenit,40,20708.0,Dmitri Tikhiy,3-4-3,4-4-2,Pavel Shadykhanov,Match Report,,8,2,,0,0,2020,FC Khimki,,
2021-04-10,14:00,Premier League,Matchweek 25,Sat,Home,W,1,0,Tambov,63,1230.0,Dmitri Tikhiy,3-4-3,3-5-2,Vladislav Bezborodov,Match Report,,22,3,,0,0,2020,FC Khimki,,
2021-04-17,14:00,Premier League,Matchweek 26,Sat,Away,L,1,3,Akhmat Grozny,61,3574.0,Dmitri Tikhiy,3-5-2,3-4-3,Vasiliy Kazartsev,Match Report,,12,6,,0,0,2020,FC Khimki,,
2021-04-24,19:00,Premier League,Matchweek 27,Sat,Away,W,1,0,Dynamo Mosc,40,11327.0,Dmitri Tikhiy,3-4-3,4-3-3,Evgeny Kukulyak,Match Report,,8,2,,0,0,2020,FC Khimki,,
2021-05-02,14:00,Premier League,Matchweek 28,Sun,Home,W,1,0,Ural,33,1505.0,Yegor Danilkin,3-4-3,4-2-3-1,Vladimir Moskalev,Match Report,,9,4,,0,0,2020,FC Khimki,,
2021-05-10,19:00,Premier League,Matchweek 29,Mon,Away,L,1,2,Spartak Moscow,35,9649.0,Dmitri Tikhiy,3-4-3,3-4-1-2,Vladislav Bezborodov,Match Report,,5,2,,0,0,2020,FC Khimki,,
2021-05-16,14:00,Premier League,Matchweek 30,Sun,Home,D,0,0,Sochi,52,5450.0,Dmitri Tikhiy,3-4-3,3-4-3,Sergey Ivanov,Match Report,,12,3,,0,0,2020,FC Khimki,,
2020-08-08,18:30,Premier League,Matchweek 1,Sat,Away,W,1,0,Tambov,56.0,,Ivelin Popov,4-5-1,3-4-3,Stanislav Vasilyev,Match Report,,7.0,5.0,,0,0,2020,Rostov,,
2020-08-15,20:00,Premier League,Matchweek 2,Sat,Home,L,0,2,Zenit,44.0,,Ivelin Popov,4-2-3-1,4-4-2,Pavel Kukuyan,Match Report,,19.0,4.0,,0,0,2020,Rostov,,
2020-08-19,19:00,Premier League,Matchweek 3,Wed,Away,L,0,2,Dynamo Mosc,67.0,,Roman Eremenko,4-2-3-1,4-3-3,Nikolay Voloshin,Match Report,,11.0,1.0,,0,0,2020,Rostov,,
2020-08-23,18:30 (16:30),Premier League,Matchweek 4,Sun,Away,W,1,0,Ufa,59.0,3286.0,Aleksei Ionov,4-2-3-1,5-4-1,Mikhail Vilkov,Match Report,,18.0,7.0,,0,0,2020,Rostov,,
2020-08-26,20:30,Premier League,Matchweek 5,Wed,Home,W,1,0,Ural,52.0,11353.0,Aleksei Ionov,4-2-3-1,4-2-3-1,Sergey Lapochkin,Match Report,,12.0,2.0,,0,0,2020,Rostov,,
2020-08-30,20:00,Premier League,Matchweek 6,Sun,Away,D,1,1,Krasnodar,37.0,9136.0,Aleksei Ionov,4-2-3-1,4-2-3-1,Sergey Karasev,Match Report,,15.0,4.0,,0,0,2020,Rostov,,
2020-09-14,20:30,Premier League,Matchweek 7,Mon,Home,D,0,0,Loko Moscow,55.0,15011.0,Aleksei Ionov,4-2-3-1,4-2-3-1,Vladislav Bezborodov,Match Report,,11.0,3.0,,0,0,2020,Rostov,,
2020-09-27,14:00,Premier League,Matchweek 9,Sun,Away,W,3,2,Arsenal Tula,39.0,5945.0,Aleksei Ionov,4-2-3-1,4-4-2,Vitaly Meshkov,Match Report,,8.0,5.0,,0,0,2020,Rostov,,
2020-10-04,17:30 (16:30),Premier League,Matchweek 10,Sun,Away,L,2,4,Sochi,42.0,6199.0,Aleksei Ionov,4-2-3-1,5-4-1,Evgeny Turbin,Match Report,,8.0,4.0,,0,0,2020,Rostov,,
2020-10-18,19:00,Premier League,Matchweek 11,Sun,Home,W,3,0,Akhmat Grozny,45.0,10312.0,Roman Eremenko,4-1-4-1,4-4-2,Aleksey Matyunin,Match Report,,21.0,9.0,,0,0,2020,Rostov,,
2020-10-25,16:30,Premier League,Matchweek 12,Sun,Home,L,0,2,FC Khimki,58.0,10879.0,Roman Eremenko,4-1-4-1,3-4-3,Vasiliy Kazartsev,Match Report,,15.0,8.0,,0,0,2020,Rostov,,
2020-10-31,16:30,Premier League,Matchweek 13,Sat,Away,W,1,0,Spartak Moscow,37.0,2363.0,Roman Eremenko,4-1-4-1,3-4-1-2,Vitaly Meshkov,Match Report,,8.0,1.0,,0,0,2020,Rostov,,
2020-11-08,16:30,Premier League,Matchweek 14,Sun,Away,L,0,2,CSKA Moscow,47.0,6886.0,Roman Eremenko,4-1-4-1,4-2-3-1,Aleksey Matyunin,Match Report,,7.0,2.0,,0,1,2020,Rostov,,
2020-11-22,19:00,Premier League,Matchweek 15,Sun,Away,W,2,0,Rubin Kazan,56.0,3011.0,Roman Eremenko,4-1-4-1,4-1-4-1,Pavel Kukuyan,Match Report,,13.0,4.0,,0,0,2020,Rostov,,
2020-11-28,19:00,Premier League,Matchweek 16,Sat,Home,W,4,1,Dynamo Mosc,41.0,12128.0,Roman Eremenko,4-1-4-1,4-2-3-1,Sergey Lapochkin,Match Report,,12.0,7.0,,2,2,2020,Rostov,,
2020-12-06,14:00,Premier League,Matchweek 17,Sun,Home,L,0,1,Ufa,59.0,7192.0,Roman Eremenko,4-2-3-1,5-3-2,Evgeny Kukulyak,Match Report,,10.0,2.0,,0,0,2020,Rostov,,
2020-12-13,19:00,Premier League,Matchweek 18,Sun,Away,W,1,0,Akhmat Grozny,48.0,6308.0,Roman Eremenko,4-3-3,4-2-3-1,Nikolay Voloshin,Match Report,,8.0,3.0,,0,0,2020,Rostov,,
2020-12-17,20:00,Premier League,Matchweek 19,Thu,Home,L,1,3,CSKA Moscow,52.0,10743.0,Roman Eremenko,4-1-4-1,4-2-3-1,Vladimir Moskalev,Match Report,,11.0,5.0,,0,0,2020,Rostov,,
2021-02-27,16:30,Premier League,Matchweek 20,Sat,Away,D,2,2,Zenit,47.0,23165.0,Maksim Osipenko,4-3-3,4-4-2,Aleksey Matyunin,Match Report,,9.0,4.0,,0,0,2020,Rostov,,
2021-03-06,19:00,Premier League,Matchweek 21,Sat,Home,D,0,0,Sochi,54.0,12580.0,Danil Glebov,4-3-3,3-5-2,Vasiliy Kazartsev,Match Report,,6.0,2.0,,0,0,2020,Rostov,,
2021-03-12,19:00,Premier League,Matchweek 22,Fri,Away,L,0,1,FC Khimki,51.0,1092.0,Danil Glebov,4-3-3,3-5-2,Sergey Lapochkin,Match Report,,10.0,0.0,,0,0,2020,Rostov,,
2021-03-17,19:00 (18:00),Premier League,Matchweek 23,Wed,Away,W,4,0,Rotor Volgograd,42.0,5085.0,Maksim Osipenko,4-3-3,4-2-3-1,Kirill Levnikov,Match Report,,13.0,9.0,,0,1,2020,Rostov,,
2021-04-04,19:00,Premier League,Matchweek 24,Sun,Home,L,2,3,Spartak Moscow,51.0,32888.0,Maksim Osipenko,4-3-3,3-4-1-2,Pavel Kukuyan,Match Report,,10.0,4.0,,0,0,2020,Rostov,,
2021-04-10,19:00,Premier League,Matchweek 25,Sat,Home,L,0,1,Rubin Kazan,60.0,15011.0,Maksim Osipenko,4-3-3,4-1-4-1,Stanislav Vasilyev,Match Report,,16.0,3.0,,0,0,2020,Rostov,,
2021-04-17,16:30,Premier League,Matchweek 26,Sat,Away,L,1,4,Loko Moscow,45.0,10317.0,Maksim Osipenko,4-3-3,4-4-2,Mikhail Vilkov,Match Report,,11.0,2.0,,0,0,2020,Rostov,,
2021-04-25,16:30,Premier League,Matchweek 27,Sun,Home,W,1,0,Arsenal Tula,66.0,15021.0,Maksim Osipenko,4-3-3,3-4-1-2,Vladislav Bezborodov,Match Report,,12.0,3.0,,1,1,2020,Rostov,,
2021-05-02,16:30,Premier League,Matchweek 28,Sun,Home,W,2,0,Tambov,72.0,13251.0,Maksim Osipenko,4-3-3,5-3-2,Igor Panin,Match Report,,31.0,7.0,,0,0,2020,Rostov,,
2021-05-10,18:30 (16:30),Premier League,Matchweek 29,Mon,Away,L,0,1,Ural,51.0,12948.0,Maksim Osipenko,4-3-3,4-2-3-1,Pavel Shadykhanov,Match Report,,14.0,5.0,,0,0,2020,Rostov,,
2021-05-16,14:00,Premier League,Matchweek 30,Sun,Home,L,1,3,Krasnodar,41.0,25123.0,Maksim Osipenko,4-3-3,4-2-3-1,Aleksey Matyunin,Match Report,,17.0,2.0,,0,0,2020,Rostov,,
2020-08-09,19:00 (17:00),Premier League,Matchweek 1,Sun,Away,W,3,0,Ufa,73,,Alyaksandr Martynovich,4-2-3-1,5-3-2,Sergey Karasev,Match Report,,24,11,,0,0,2020,Krasnodar,,
2020-08-15,19:00,Premier League,Matchweek 2,Sat,Away,L,0,1,Loko Moscow,59,,Alyaksandr Martynovich,4-2-3-1,4-2-3-1,Kirill Levnikov,Match Report,,16,3,,0,0,2020,Krasnodar,,
2020-08-18,20:00,Premier League,Matchweek 3,Tue,Home,W,2,0,Arsenal Tula,64,3518,Alyaksandr Martynovich,4-2-3-1,4-2-3-1,Sergey Ivanov,Match Report,,15,7,,0,0,2020,Krasnodar,,
2020-08-22,16:00 (14:00),Premier League,Matchweek 4,Sat,Away,L,0,1,Ural,67,3286,Alyaksandr Martynovich,4-2-3-1,4-2-3-1,Evgeny Turbin,Match Report,,15,6,,0,0,2020,Krasnodar,,
2020-08-26,20:30,Premier League,Matchweek 5,Wed,Home,D,1,1,CSKA Moscow,54,6077,Alyaksandr Martynovich,4-2-3-1,4-2-3-1,Vladislav Bezborodov,Match Report,,18,7,,0,0,2020,Krasnodar,,
2020-08-30,20:00,Premier League,Matchweek 6,Sun,Home,D,1,1,Rostov,63,9136,Alyaksandr Martynovich,4-2-3-1,4-2-3-1,Sergey Karasev,Match Report,,23,7,,0,0,2020,Krasnodar,,
2020-09-18,20:00,Premier League,Matchweek 8,Fri,Home,W,7,2,FC Khimki,68,10544,Alyaksandr Martynovich,4-2-3-1,5-4-1,Sergey Lapochkin,Match Report,,29,16,,0,1,2020,Krasnodar,,
2020-09-26,21:00 (20:00),Premier League,Matchweek 9,Sat,Away,D,1,1,Sochi,73,7641,Alyaksandr Martynovich,4-2-3-1,5-4-1,Sergey Karasev,Match Report,,26,10,,0,0,2020,Krasnodar,,
2020-10-04,20:00,Premier League,Matchweek 10,Sun,Away,L,0,2,Dynamo Mosc,61,6076,Alyaksandr Martynovich,4-3-3,4-2-3-1,Kirill Levnikov,Match Report,,14,4,,0,0,2020,Krasnodar,,
2020-10-17,16:30,Premier League,Matchweek 11,Sat,Home,W,3,1,Rubin Kazan,52,10554,Matvei Safonov,4-3-3,4-4-2,Mikhail Vilkov,Match Report,,12,4,,1,1,2020,Krasnodar,,
2020-10-24,19:00,Premier League,Matchweek 12,Sat,Home,L,1,3,Spartak Moscow,51,10554,Alyaksandr Martynovich,4-3-3,3-4-1-2,Vladislav Bezborodov,Match Report,,18,6,,0,0,2020,Krasnodar,,
2020-10-31,16:30,Premier League,Matchweek 13,Sat,Away,L,0,2,Akhmat Grozny,60,5751,Matvei Safonov,4-3-3,4-1-3-2,Evgeny Kukulyak,Match Report,,9,2,,0,0,2020,Krasnodar,,
2020-11-08,19:00,Premier League,Matchweek 14,Sun,Away,L,1,3,Zenit,44,24068,Alyaksandr Martynovich,4-2-3-1,4-3-3,Vladimir Moskalev,Match Report,,7,1,,1,1,2020,Krasnodar,,
2020-11-21,14:00,Premier League,Matchweek 15,Sat,Home,W,1,0,Tambov,67,9287,Alyaksandr Martynovich,4-2-3-1,3-5-2,Sergey Lapochkin,Match Report,,19,8,,0,0,2020,Krasnodar,,
2020-11-28,16:30,Premier League,Matchweek 16,Sat,Away,L,0,1,FC Khimki,74,,Alyaksandr Martynovich,4-2-3-1,3-4-3,Sergey Ivanov,Match Report,,10,1,,0,0,2020,Krasnodar,,
2020-12-05,19:00,Premier League,Matchweek 17,Sat,Home,W,5,0,Rotor Volgograd,64,7780,Alyaksandr Martynovich,4-4-2,4-3-3,Aleksey Matyunin,Match Report,,21,12,,2,2,2020,Krasnodar,,
2020-12-13,16:30,Premier League,Matchweek 18,Sun,Home,W,5,0,Loko Moscow,55,9033,Alyaksandr Martynovich,4-2-3-1,4-4-2,Vladimir Moskalev,Match Report,,15,11,,0,0,2020,Krasnodar,,
2020-12-17,18:00,Premier League,Matchweek 19,Thu,Home,W,1,0,Ufa,68,10554,Alyaksandr Martynovich,4-2-3-1,3-5-2,Kirill Levnikov,Match Report,,15,6,,0,0,2020,Krasnodar,,
2021-02-28,19:00,Premier League,Matchweek 20,Sun,Home,D,2,2,Ural,55,7034,Yuri Gazinskiy,4-4-2,4-2-3-1,Sergey Karasev,Match Report,,16,6,,0,0,2020,Krasnodar,,
2021-03-07,19:00,Premier League,Matchweek 21,Sun,Away,L,1,6,Spartak Moscow,61,10261,Yuri Gazinskiy,4-2-3-1,4-4-2,Vitaly Meshkov,Match Report,,17,5,,0,0,2020,Krasnodar,,
2021-03-14,16:30,Premier League,Matchweek 22,Sun,Away,W,4,0,Tambov,78,,Yuri Gazinskiy,4-2-3-1,5-3-2,Pavel Shadykhanov,Match Report,,17,8,,1,1,2020,Krasnodar,,
2021-03-18,19:00,Premier League,Matchweek 23,Thu,Home,L,2,3,Dynamo Mosc,48,10554,Yuri Gazinskiy,4-2-3-1,4-3-3,Vasiliy Kazartsev,Match Report,,11,2,,0,0,2020,Krasnodar,,
2021-04-03,16:30,Premier League,Matchweek 24,Sat,Home,L,0,5,Akhmat Grozny,68,10554,Matvei Safonov,4-2-3-1,4-2-3-1,Kirill Levnikov,Match Report,,11,5,,0,0,2020,Krasnodar,,
2021-04-11,14:00,Premier League,Matchweek 25,Sun,Away,L,0,1,Arsenal Tula,55,8974,Matvei Safonov,4-2-3-1,3-4-3,Ivan Sidenkov,Match Report,,9,5,,0,0,2020,Krasnodar,,
2021-04-17,19:00,Premier League,Matchweek 26,Sat,Home,D,2,2,Zenit,43,17590,Matvei Safonov,4-2-3-1,4-4-2,Sergey Ivanov,Match Report,,11,5,,0,0,2020,Krasnodar,,
2021-04-25,19:00,Premier League,Matchweek 27,Sun,Away,W,1,0,Rubin Kazan,62,9108,Matvei Safonov,4-2-3-1,4-1-4-1,Vasiliy Kazartsev,Match Report,,16,7,,0,0,2020,Krasnodar,,
2021-05-01,19:00,Premier League,Matchweek 28,Sat,Home,L,1,3,Sochi,68,17590,Matvei Safonov,4-2-3-1,3-4-3,Ivan Sidenkov,Match Report,,13,3,,0,0,2020,Krasnodar,,
2021-05-08,19:30,Premier League,Matchweek 29,Sat,Away,L,1,3,CSKA Moscow,49,10704,Matvei Safonov,4-2-2-2,4-2-3-1,Vitaly Meshkov,Match Report,,8,2,,0,0,2020,Krasnodar,,
2021-05-16,14:00,Premier League,Matchweek 30,Sun,Away,W,3,1,Rostov,59,25123,Matvei Safonov,4-2-3-1,4-3-3,Aleksey Matyunin,Match Report,,7,3,,0,0,2020,Krasnodar,,
2020-08-09,19:00,Premier League,Matchweek 1,Sun,Away,D,0,0,Arsenal Tula,46,1892.0,Oleg Ivanov,4-2-3-1,5-4-1,Kirill Levnikov,Match Report,,10,2,,0,0,2020,Akhmat Grozny,,
2020-08-14,20:00,Premier League,Matchweek 2,Fri,Away,L,0,2,Spartak Moscow,29,8946.0,Oleg Ivanov,4-2-3-1,3-4-3,Evgeny Turbin,Match Report,,7,4,,0,0,2020,Akhmat Grozny,,
2020-08-19,18:00,Premier League,Matchweek 3,Wed,Home,W,3,1,Rotor Volgograd,55,,Andrei Semyonov,4-2-3-1,4-4-2,Sergey Lapochkin,Match Report,,25,10,,0,1,2020,Akhmat Grozny,,
2020-08-22,16:00,Premier League,Matchweek 4,Sat,Away,W,2,1,FC Khimki,61,1630.0,Andrei Semyonov,4-2-3-1,3-4-3,Pavel Kukuyan,Match Report,,17,6,,1,1,2020,Akhmat Grozny,,
2020-08-26,18:30,Premier League,Matchweek 5,Wed,Away,W,3,2,Loko Moscow,38,4859.0,Andrei Semyonov,4-2-3-1,4-2-3-1,Igor Panin,Match Report,,11,6,,0,0,2020,Akhmat Grozny,,
2020-08-30,18:00,Premier League,Matchweek 6,Sun,Home,L,0,3,CSKA Moscow,55,6413.0,Andrei Semyonov,4-2-3-1,4-2-3-1,Sergey Ivanov,Match Report,,20,6,,0,0,2020,Akhmat Grozny,,
2020-09-12,19:00,Premier League,Matchweek 7,Sat,Home,L,0,1,Sochi,63,6084.0,Zoran Nižić,4-2-3-1,5-4-1,Vitaly Meshkov,Match Report,,21,6,,0,0,2020,Akhmat Grozny,,
2020-09-21,19:00,Premier League,Matchweek 8,Mon,Away,L,0,1,Dynamo Mosc,40,4512.0,Zoran Nižić,4-1-4-1,4-2-3-1,Mikhail Vilkov,Match Report,,10,4,,0,0,2020,Akhmat Grozny,,
2020-09-27,16:30,Premier League,Matchweek 9,Sun,Home,W,2,0,Ural,53,4961.0,Bernard Berisha,4-2-3-1,4-2-3-1,Pavel Kukuyan,Match Report,,19,6,,1,2,2020,Akhmat Grozny,,
2020-10-04,16:30,Premier League,Matchweek 10,Sun,Away,D,1,1,Rubin Kazan,49,6387.0,Zoran Nižić,4-2-3-1,4-3-3,Vladimir Moskalev,Match Report,,9,2,,1,1,2020,Akhmat Grozny,,
2020-10-18,19:00,Premier League,Matchweek 11,Sun,Away,L,0,3,Rostov,55,10312.0,Oleg Ivanov,4-4-2,4-1-4-1,Aleksey Matyunin,Match Report,,15,4,,0,1,2020,Akhmat Grozny,,
2020-10-25,19:00,Premier League,Matchweek 12,Sun,Home,W,3,1,Ufa,41,4881.0,Andrei Semyonov,4-2-3-1,3-4-3,Sergey Lapochkin,Match Report,,8,3,,1,1,2020,Akhmat Grozny,,
2020-10-31,16:30,Premier League,Matchweek 13,Sat,Home,W,2,0,Krasnodar,40,5751.0,Zoran Nižić,4-1-3-2,4-3-3,Evgeny Kukulyak,Match Report,,11,6,,0,0,2020,Akhmat Grozny,,
2020-11-07,19:00,Premier League,Matchweek 14,Sat,Away,W,1,0,Tambov,58,,Bernard Berisha,4-4-2,3-5-2,Sergey Ivanov,Match Report,,19,7,,0,0,2020,Akhmat Grozny,,
2020-11-21,16:30,Premier League,Matchweek 15,Sat,Home,D,2,2,Zenit,46,6241.0,Bernard Berisha,4-4-2,4-2-3-1,Sergey Karasev,Match Report,,13,5,,1,1,2020,Akhmat Grozny,,
2020-11-28,19:00,Premier League,Matchweek 16,Sat,Home,D,0,0,Loko Moscow,50,5093.0,Bernard Berisha,4-4-2,4-5-1,Kirill Levnikov,Match Report,,20,7,,0,0,2020,Akhmat Grozny,,
2020-12-07,20:00 (19:00),Premier League,Matchweek 17,Mon,Away,L,0,2,Sochi,53,2663.0,Bernard Berisha,4-2-3-1,3-4-3,Sergey Lapochkin,Match Report,,7,3,,0,1,2020,Akhmat Grozny,,
2020-12-13,19:00,Premier League,Matchweek 18,Sun,Home,L,0,1,Rostov,52,6308.0,Bernard Berisha,4-2-3-1,4-3-3,Nikolay Voloshin,Match Report,,13,4,,0,0,2020,Akhmat Grozny,,
2020-12-17,20:00,Premier League,Matchweek 19,Thu,Home,D,0,0,Rubin Kazan,57,,Bernard Berisha,4-2-3-1,4-3-3,Stanislav Vasilyev,Match Report,,14,3,,0,0,2020,Akhmat Grozny,,
2021-02-28,16:30,Premier League,Matchweek 20,Sun,Home,L,1,2,Dynamo Mosc,50,25317.0,Bernard Berisha,4-4-1-1,4-3-3,Vladislav Bezborodov,Match Report,,14,3,,0,0,2020,Akhmat Grozny,,
2021-03-06,14:00,Premier League,Matchweek 21,Sat,Away,L,0,2,CSKA Moscow,48,6085.0,Bernard Berisha,4-4-2,4-2-3-1,Ivan Sidenkov,Match Report,,6,0,,0,0,2020,Akhmat Grozny,,
2021-03-13,16:30,Premier League,Matchweek 22,Sat,Away,L,0,4,Zenit,42,22551.0,Bernard Berisha,5-4-1,4-4-2,Vitaly Meshkov,Match Report,,14,9,,0,0,2020,Akhmat Grozny,,
2021-03-17,20:00,Premier League,Matchweek 23,Wed,Home,W,2,0,Arsenal Tula,46,2589.0,Andrei Semyonov,4-3-3,4-2-3-1,Sergey Lapochkin,Match Report,,16,5,,0,0,2020,Akhmat Grozny,,
2021-04-03,16:30,Premier League,Matchweek 24,Sat,Away,W,5,0,Krasnodar,32,10554.0,Andrei Semyonov,4-2-3-1,4-2-3-1,Kirill Levnikov,Match Report,,19,8,,0,0,2020,Akhmat Grozny,,
2021-04-10,18:30 (16:30),Premier League,Matchweek 25,Sat,Away,L,0,3,Ufa,52,5621.0,Bernard Berisha,4-3-3,5-3-2,Pavel Kukuyan,Match Report,,6,2,,0,0,2020,Akhmat Grozny,,
2021-04-17,14:00,Premier League,Matchweek 26,Sat,Home,W,3,1,FC Khimki,39,3574.0,Andrei Semyonov,3-4-3,3-5-2,Vasiliy Kazartsev,Match Report,,11,5,,0,1,2020,Akhmat Grozny,,
2021-04-24,16:00 (14:00),Premier League,Matchweek 27,Sat,Away,D,1,1,Ural,41,8697.0,Zoran Nižić,3-4-3◆,4-2-3-1,Ivan Sidenkov,Match Report,,9,2,,0,0,2020,Akhmat Grozny,,
2021-05-01,15:00 (14:00),Premier League,Matchweek 28,Sat,Away,L,0,1,Rotor Volgograd,55,7132.0,Andrei Semyonov,3-4-3,4-2-3-1,Stanislav Vasilyev,Match Report,,20,6,,0,0,2020,Akhmat Grozny,,
2021-05-07,18:00,Premier League,Matchweek 29,Fri,Home,W,3,1,Tambov,65,7475.0,Andrei Semyonov,4-2-3-1,5-3-2,Aleksey Matyunin,Match Report,,23,6,,0,0,2020,Akhmat Grozny,,
2021-05-16,14:00,Premier League,Matchweek 30,Sun,Home,D,2,2,Spartak Moscow,38,11086.0,Andrei Semyonov,3-4-3,3-4-1-2,Pavel Kukuyan,Match Report,,4,3,,0,0,2020,Akhmat Grozny,,
2020-08-10,19:00 (17:00),Premier League,Matchweek 1,Mon,Home,L,0,2,Dynamo Mosc,57,,Denys Kulakov,4-2-3-1,4-2-3-1,Vitaly Meshkov,Match Report,,14,2,,0,0,2020,Ural Yekaterinburg,,
2020-08-15,15:30,Premier League,Matchweek 2,Sat,Away,D,1,1,Rubin Kazan,54,,Denys Kulakov,4-2-3-1,4-2-3-1,Aleksey Sukhoy,Match Report,,14,7,,1,1,2020,Ural Yekaterinburg,,
2020-08-19,18:00 (16:00),Premier League,Matchweek 3,Wed,Home,D,1,1,Loko Moscow,32,5072.0,Denys Kulakov,4-2-3-1,4-2-3-1,Aleksey Matyunin,Match Report,,5,1,,0,0,2020,Ural Yekaterinburg,,
2020-08-22,16:00 (14:00),Premier League,Matchweek 4,Sat,Home,W,1,0,Krasnodar,33,3286.0,Denys Kulakov,4-2-3-1,4-2-3-1,Evgeny Turbin,Match Report,,12,4,,0,0,2020,Ural Yekaterinburg,,
2020-08-26,20:30,Premier League,Matchweek 5,Wed,Away,L,0,1,Rostov,48,11353.0,Denys Kulakov,4-2-3-1,4-2-3-1,Sergey Lapochkin,Match Report,,7,1,,0,0,2020,Ural Yekaterinburg,,
2020-08-30,21:00 (20:00),Premier League,Matchweek 6,Sun,Away,D,0,0,Sochi,53,3942.0,Denys Kulakov,4-4-2,5-4-1,Mikhail Vilkov,Match Report,,10,2,,0,0,2020,Ural Yekaterinburg,,
2020-09-12,18:30 (16:30),Premier League,Matchweek 7,Sat,Home,W,3,1,FC Khimki,59,6037.0,Denys Kulakov,4-2-3-1,4-2-3-1,Vladimir Moskalev,Match Report,,11,6,,1,1,2020,Ural Yekaterinburg,,
2020-09-19,18:30 (16:30),Premier League,Matchweek 8,Sat,Home,D,1,1,Zenit,50,13488.0,Denys Kulakov,4-2-3-1,4-4-2,Sergey Karasev,Match Report,,8,2,,0,0,2020,Ural Yekaterinburg,,
2020-09-27,16:30,Premier League,Matchweek 9,Sun,Away,L,0,2,Akhmat Grozny,47,4961.0,Denys Kulakov,4-2-3-1,4-2-3-1,Pavel Kukuyan,Match Report,,4,2,,0,0,2020,Ural Yekaterinburg,,
2020-10-03,18:30 (16:30),Premier League,Matchweek 10,Sat,Home,L,0,2,CSKA Moscow,54,15102.0,Denys Kulakov,4-3-3,4-2-3-1,Stanislav Vasilyev,Match Report,,8,2,,0,0,2020,Ural Yekaterinburg,,
2020-10-18,14:00,Premier League,Matchweek 11,Sun,Away,L,0,1,Arsenal Tula,58,4230.0,Denys Kulakov,4-2-3-1,4-2-3-1,Sergey Lapochkin,Match Report,,11,4,,0,0,2020,Ural Yekaterinburg,,
2020-10-25,16:00 (14:00),Premier League,Matchweek 12,Sun,Home,D,0,0,Tambov,66,3427.0,Denys Kulakov,4-2-3-1,5-3-2,Evgeny Kukulyak,Match Report,,12,1,,0,0,2020,Ural Yekaterinburg,,
2020-11-01,14:00 (12:00),Premier League,Matchweek 13,Sun,Away,W,2,1,Ufa,56,2569.0,Denys Kulakov,4-2-3-1,3-4-3,Vladimir Moskalev,Match Report,,11,5,,1,1,2020,Ural Yekaterinburg,,
2020-11-07,16:00 (14:00),Premier League,Matchweek 14,Sat,Home,D,2,2,Spartak Moscow,46,9669.0,Denys Kulakov,4-2-3-1,3-4-1-2,Pavel Kukuyan,Match Report,,10,4,,0,0,2020,Ural Yekaterinburg,,
2020-11-22,17:30 (16:30),Premier League,Matchweek 15,Sun,Away,D,0,0,Rotor Volgograd,51,4050.0,Denys Kulakov,4-2-3-1,4-4-2,Vitaly Meshkov,Match Report,,8,1,,0,0,2020,Ural Yekaterinburg,,
2020-11-29,14:00 (12:00),Premier League,Matchweek 16,Sun,Home,W,1,0,Sochi,62,2058.0,Denys Kulakov,4-2-3-1,3-4-3,Stanislav Vasilyev,Match Report,,10,2,,0,0,2020,Ural Yekaterinburg,,
2020-12-05,19:00,Premier League,Matchweek 17,Sat,Away,L,1,5,Zenit,47,,Denys Kulakov,4-2-3-1,4-4-2,Igor Panin,Match Report,,14,4,,0,0,2020,Ural Yekaterinburg,,
2020-12-13,19:00,Premier League,Matchweek 18,Sun,Away,D,2,2,CSKA Moscow,40,4315.0,Denys Kulakov,4-2-3-1,4-2-3-1,Aleksey Sukhoy,Match Report,,10,3,,0,0,2020,Ural Yekaterinburg,,
2020-12-18,18:00,Premier League,Matchweek 19,Fri,Away,D,1,1,Tambov,51,,Denys Kulakov,4-2-3-1,5-3-2,Sergey Ivanov,Match Report,,12,5,,0,1,2020,Ural Yekaterinburg,,
2021-02-28,19:00,Premier League,Matchweek 20,Sun,Away,D,2,2,Krasnodar,46,7034.0,Denys Kulakov,4-2-3-1,4-4-2,Sergey Karasev,Match Report,,16,7,,0,0,2020,Ural Yekaterinburg,,
2021-03-07,16:00 (14:00),Premier League,Matchweek 21,Sun,Home,D,0,0,Ufa,68,4575.0,Denys Kulakov,4-2-3-1,5-3-2,Sergey Lapochkin,Match Report,,17,3,,0,0,2020,Ural Yekaterinburg,,
2021-03-13,14:00 (12:00),Premier League,Matchweek 22,Sat,Home,W,1,0,Rotor Volgograd,60,3717.0,Denys Kulakov,4-2-3-1,3-4-3,Mikhail Vilkov,Match Report,,18,7,,0,0,2020,Ural Yekaterinburg,,
2021-03-18,19:00,Premier League,Matchweek 23,Thu,Away,L,1,5,Spartak Moscow,42,10170.0,Denys Kulakov,4-2-3-1,3-4-1-2,Vladimir Moskalev,Match Report,,7,5,,1,1,2020,Ural Yekaterinburg,,
2021-04-04,16:00 (14:00),Premier League,Matchweek 24,Sun,Home,W,2,0,Arsenal Tula,44,7526.0,Eric Bicfalvi,4-2-3-1,4-2-3-1,Sergey Ivanov,Match Report,,11,6,,0,0,2020,Ural Yekaterinburg,,
2021-04-11,16:30,Premier League,Matchweek 25,Sun,Away,D,2,2,Dynamo Mosc,42,10058.0,Stefan Strandberg,4-2-3-1,4-3-3,Igor Panin,Match Report,,15,6,,0,0,2020,Ural Yekaterinburg,,
2021-04-18,14:00 (12:00),Premier League,Matchweek 26,Sun,Home,L,0,1,Rubin Kazan,58,10739.0,Stefan Strandberg,4-2-3-1,4-3-3,Artem Lyubimov,Match Report,,7,2,,0,1,2020,Ural Yekaterinburg,,
2021-04-24,16:00 (14:00),Premier League,Matchweek 27,Sat,Home,D,1,1,Akhmat Grozny,59,8697.0,Eric Bicfalvi,4-2-3-1,3-4-3,Ivan Sidenkov,Match Report,,22,5,,0,0,2020,Ural Yekaterinburg,,
2021-05-02,14:00,Premier League,Matchweek 28,Sun,Away,L,0,1,FC Khimki,67,1505.0,Denys Kulakov,4-2-3-1,3-4-3,Vladimir Moskalev,Match Report,,22,9,,0,0,2020,Ural Yekaterinburg,,
2021-05-10,18:30 (16:30),Premier League,Matchweek 29,Mon,Home,W,1,0,Rostov,49,12948.0,Stefan Strandberg,4-2-3-1,4-3-3,Pavel Shadykhanov,Match Report,,9,4,,0,0,2020,Ural Yekaterinburg,,
2021-05-16,14:00,Premier League,Matchweek 30,Sun,Away,L,0,1,Loko Moscow,31,11774.0,Eric Bicfalvi,4-2-3-1,4-4-2,Vladislav Bezborodov,Match Report,,1,0,,0,0,2020,Ural Yekaterinburg,,
2020-08-09,19:00 (17:00),Premier League,Matchweek 1,Sun,Home,L,0,3,Krasnodar,28,,Bojan Jokić,5-3-2,4-2-3-1,Sergey Karasev,Match Report,,5,2,,0,0,2020,Ufa,,
2020-08-14,18:00,Premier League,Matchweek 2,Fri,Away,W,3,2,Arsenal Tula,35,1896.0,Bojan Jokić,5-3-2,5-4-1,Sergey Lapochkin,Match Report,,6,4,,1,1,2020,Ufa,,
2020-08-19,18:00 (16:00),Premier League,Matchweek 3,Wed,Home,D,1,1,Spartak Moscow,29,3407.0,Pavel Alikin,5-4-1,3-4-3,Stanislav Vasilyev,Match Report,,7,3,,0,0,2020,Ufa,,
2020-08-23,18:30 (16:30),Premier League,Matchweek 4,Sun,Home,L,0,1,Rostov,41,3286.0,Pavel Alikin,5-4-1,4-2-3-1,Mikhail Vilkov,Match Report,,6,2,,0,0,2020,Ufa,,
2020-08-26,18:30,Premier League,Matchweek 5,Wed,Away,L,0,3,Rubin Kazan,50,6276.0,Pavel Alikin,5-3-2,4-2-3-1,Pavel Kukuyan,Match Report,,12,4,,0,0,2020,Ufa,,
2020-08-30,16:00 (14:00),Premier League,Matchweek 6,Sun,Home,D,1,1,Dynamo Mosc,41,2936.0,Pavel Alikin,5-4-1,3-4-3,Evgeny Turbin,Match Report,,7,2,,0,0,2020,Ufa,,
2020-09-12,13:45,Premier League,Matchweek 7,Sat,Away,L,0,2,Tambov,51,2567.0,Pavel Alikin,5-4-1,5-3-2,Kirill Levnikov,Match Report,,9,3,,0,0,2020,Ufa,,
2020-09-20,16:00 (14:00),Premier League,Matchweek 8,Sun,Home,L,0,1,CSKA Moscow,37,3839.0,Bojan Jokić,5-4-1,4-2-3-1,Nikolay Voloshin,Match Report,,12,3,,0,0,2020,Ufa,,
2020-09-26,16:30,Premier League,Matchweek 9,Sat,Away,L,0,6,Zenit,39,22697.0,Bojan Jokić,5-4-1,4-4-2,Aleksey Sukhoy,Match Report,,6,4,,0,0,2020,Ufa,,
2020-10-03,16:00 (14:00),Premier League,Matchweek 10,Sat,Home,D,0,0,Rotor Volgograd,56,5247.0,Bojan Jokić,3-4-3,3-4-3,Vitaly Meshkov,Match Report,,13,4,,0,0,2020,Ufa,,
2020-10-17,16:30,Premier League,Matchweek 11,Sat,Away,L,0,1,Loko Moscow,39,4471.0,Bojan Jokić,3-5-2,4-4-2,Pavel Kukuyan,Match Report,,2,0,,0,0,2020,Ufa,,
2020-10-25,19:00,Premier League,Matchweek 12,Sun,Away,L,1,3,Akhmat Grozny,59,4881.0,Bojan Jokić,3-4-3,4-2-3-1,Sergey Lapochkin,Match Report,,6,1,,0,0,2020,Ufa,,
2020-11-01,14:00 (12:00),Premier League,Matchweek 13,Sun,Home,L,1,2,Ural,44,2569.0,Bojan Jokić,3-4-3,4-2-3-1,Vladimir Moskalev,Match Report,,13,3,,0,0,2020,Ufa,,
2020-11-06,20:00 (19:00),Premier League,Matchweek 14,Fri,Away,D,1,1,Sochi,44,3963.0,Bojan Jokić,3-4-1-2,3-4-3,Nikolay Voloshin,Match Report,,7,2,,1,1,2020,Ufa,,
2020-11-23,19:00 (17:00),Premier League,Matchweek 15,Mon,Home,L,1,2,FC Khimki,61,1424.0,Bojan Jokić,5-3-2,3-4-3,Stanislav Vasilyev,Match Report,,18,6,,0,0,2020,Ufa,,
2020-11-29,16:00 (14:00),Premier League,Matchweek 16,Sun,Home,W,4,0,Tambov,59,1465.0,Aleksandr Belenov,3-5-2,3-5-2,Aleksey Matyunin,Match Report,,17,9,,0,1,2020,Ufa,,
2020-12-06,14:00,Premier League,Matchweek 17,Sun,Away,W,1,0,Rostov,41,7192.0,Aleksandr Belenov,5-3-2,4-2-3-1,Evgeny Kukulyak,Match Report,,12,5,,0,0,2020,Ufa,,
2020-12-12,15:00 (14:00),Premier League,Matchweek 18,Sat,Away,L,0,1,Rotor Volgograd,48,2139.0,Aleksandr Belenov,5-3-2,4-2-3-1,Vasiliy Kazartsev,Match Report,,12,3,,0,0,2020,Ufa,,
2020-12-17,18:00,Premier League,Matchweek 19,Thu,Away,L,0,1,Krasnodar,32,10554.0,Pavel Alikin,3-5-2,4-2-3-1,Kirill Levnikov,Match Report,,9,2,,0,0,2020,Ufa,,
2021-02-27,14:00,Premier League,Matchweek 20,Sat,Away,L,1,2,FC Khimki,57,539.0,Bojan Jokić,5-3-2,3-4-3,Artem Lyubimov,Match Report,,14,5,,0,0,2020,Ufa,,
2021-03-07,16:00 (14:00),Premier League,Matchweek 21,Sun,Away,D,0,0,Ural,32,4575.0,Bojan Jokić,5-3-2,4-2-3-1,Sergey Lapochkin,Match Report,,7,2,,0,0,2020,Ufa,,
2021-03-14,16:00 (14:00),Premier League,Matchweek 22,Sun,Home,L,0,3,Rubin Kazan,47,3196.0,Bojan Jokić,5-3-2,4-1-4-1,Igor Panin,Match Report,,12,5,,0,0,2020,Ufa,,
2021-03-18,19:00 (17:00),Premier League,Matchweek 23,Thu,Home,L,0,1,Loko Moscow,37,5180.0,Bojan Jokić,5-3-2,4-4-2,Stanislav Vasilyev,Match Report,,9,2,,0,0,2020,Ufa,,
2021-04-03,19:00,Premier League,Matchweek 24,Sat,Away,L,0,4,Dynamo Mosc,35,10016.0,Pavel Alikin,5-3-2,4-3-3,Ivan Sidenkov,Match Report,,6,1,,0,0,2020,Ufa,,
2021-04-10,18:30 (16:30),Premier League,Matchweek 25,Sat,Home,W,3,0,Akhmat Grozny,48,5621.0,Bojan Jokić,5-3-2,4-3-3,Pavel Kukuyan,Match Report,,8,5,,0,0,2020,Ufa,,
2021-04-18,19:00,Premier League,Matchweek 26,Sun,Away,W,3,0,Spartak Moscow,34,10980.0,Bojan Jokić,5-4-1,3-4-1-2,Vitaly Meshkov,Match Report,,13,4,,0,1,2020,Ufa,,
2021-04-25,16:00 (14:00),Premier League,Matchweek 27,Sun,Home,L,2,3,Sochi,67,7232.0,Bojan Jokić,5-3-2,3-4-3,Igor Panin,Match Report,,23,8,,0,0,2020,Ufa,,
2021-05-01,16:30,Premier League,Matchweek 28,Sat,Away,D,1,1,CSKA Moscow,45,10155.0,Aleksandr Belenov,5-3-2,4-2-3-1,Vasiliy Kazartsev,Match Report,,7,3,,0,0,2020,Ufa,,
2021-05-08,16:00 (14:00),Premier League,Matchweek 29,Sat,Home,D,0,0,Zenit,36,9660.0,Bojan Jokić,5-3-2,4-2-3-1,Vladimir Moskalev,Match Report,,10,3,,0,0,2020,Ufa,,
2021-05-16,18:00 (16:00),Premier League,Matchweek 30,Sun,Home,W,2,1,Arsenal Tula,42,8345.0,Bojan Jokić,4-4-2,4-3-3,Sergey Karasev,Match Report,,9,3,,0,0,2020,Ufa,,
2020-08-09,19:00,Premier League,Matchweek 1,Sun,Home,D,0,0,Akhmat Grozny,54,1892.0,Yevgeni Lutsenko,5-4-1,4-2-3-1,Kirill Levnikov,Match Report,,6,1,,0,0,2020,Arsenal Tula,,
2020-08-14,18:00,Premier League,Matchweek 2,Fri,Home,L,2,3,Ufa,65,1896.0,Yevgeni Lutsenko,5-4-1,5-3-2,Sergey Lapochkin,Match Report,,18,7,,0,0,2020,Arsenal Tula,,
2020-08-18,20:00,Premier League,Matchweek 3,Tue,Away,L,0,2,Krasnodar,36,3518.0,Kirill Kombarov,4-2-3-1,4-2-3-1,Sergey Ivanov,Match Report,,11,4,,0,0,2020,Arsenal Tula,,
2020-08-22,17:30,Premier League,Matchweek 4,Sat,Home,W,2,0,Dynamo Mosc,49,1897.0,Kirill Kombarov,4-4-2,4-2-3-1,Vladimir Moskalev,Match Report,,12,4,,1,1,2020,Arsenal Tula,,
2020-08-25,20:30,Premier League,Matchweek 5,Tue,Home,D,1,1,FC Khimki,69,3244.0,Kirill Kombarov,4-4-2,3-5-2,Nikolay Voloshin,Match Report,,27,4,,0,0,2020,Arsenal Tula,,
2020-08-29,18:00,Premier League,Matchweek 6,Sat,Away,L,1,2,Spartak Moscow,29,9186.0,Artur Nigmatullin,4-2-3-1,3-4-1-2,Aleksey Matyunin,Match Report,,5,2,,0,0,2020,Arsenal Tula,,
2020-09-14,18:30,Premier League,Matchweek 7,Mon,Away,L,1,3,Zenit,47,21559.0,Artur Nigmatullin,3-4-3,4-4-2,Pavel Kukuyan,Match Report,,14,4,,0,0,2020,Arsenal Tula,,
2020-09-20,14:00,Premier League,Matchweek 8,Sun,Home,W,3,2,Sochi,43,5028.0,Yevgeni Lutsenko,3-4-3,5-4-1,Evgeny Kukulyak,Match Report,,12,5,,0,0,2020,Arsenal Tula,,
2020-09-27,14:00,Premier League,Matchweek 9,Sun,Home,L,2,3,Rostov,61,5945.0,Mikhail Levashov,4-4-2,4-2-3-1,Vitaly Meshkov,Match Report,,15,4,,0,0,2020,Arsenal Tula,,
2020-10-03,16:30,Premier League,Matchweek 10,Sat,Away,D,1,1,Tambov,40,1983.0,Mikhail Levashov,5-4-1,3-5-2,Vladislav Bezborodov,Match Report,,11,5,,0,0,2020,Arsenal Tula,,
2020-10-18,14:00,Premier League,Matchweek 11,Sun,Home,W,1,0,Ural,43,4230.0,Maksim Belyayev,4-2-3-1,4-2-3-1,Sergey Lapochkin,Match Report,,9,1,,0,0,2020,Arsenal Tula,,
2020-10-26,19:00,Premier League,Matchweek 12,Mon,Away,L,1,5,CSKA Moscow,41,5092.0,Maksim Belyayev,4-2-3-1,4-2-3-1,Igor Panin,Match Report,,6,2,,0,0,2020,Arsenal Tula,,
2020-10-31,14:00,Premier League,Matchweek 13,Sat,Away,L,1,3,Rubin Kazan,57,3899.0,Maksim Belyayev,4-2-3-1,4-2-3-1,Vasiliy Kazartsev,Match Report,,17,4,,0,0,2020,Arsenal Tula,,
2020-11-07,16:30,Premier League,Matchweek 14,Sat,Home,D,1,1,Rotor Volgograd,53,1743.0,Gia Grigalava,4-2-3-1,3-4-3,Stanislav Vasilyev,Match Report,,22,4,,0,0,2020,Arsenal Tula,,
2020-11-21,19:00,Premier League,Matchweek 15,Sat,Away,L,0,1,Loko Moscow,52,3976.0,Gia Grigalava,4-2-3-1,4-4-2,Aleksey Sukhoy,Match Report,,12,3,,0,0,2020,Arsenal Tula,,
2020-11-28,14:00,Premier League,Matchweek 16,Sat,Home,D,0,0,Zenit,42,1916.0,Georgi Kostadinov,4-2-3-1,4-3-3,Evgeny Kukulyak,Match Report,,8,1,,0,0,2020,Arsenal Tula,,
2020-12-06,16:30,Premier League,Matchweek 17,Sun,Away,L,0,1,Dynamo Mosc,54,4768.0,Georgi Kostadinov,4-3-3,4-1-4-1,Vasiliy Kazartsev,Match Report,,11,2,,0,0,2020,Arsenal Tula,,
2020-12-11,19:00,Premier League,Matchweek 18,Fri,Away,L,0,1,FC Khimki,65,,Georgi Kostadinov,4-2-3-1,3-4-3,Ivan Sidenkov,Match Report,,17,5,,0,0,2020,Arsenal Tula,,
2020-12-16,19:00 (18:00),Premier League,Matchweek 19,Wed,Away,L,0,1,Rotor Volgograd,60,2118.0,Anri Khagush,4-2-3-1,4-3-3,Igor Panin,Match Report,,20,5,,0,0,2020,Arsenal Tula,,
2021-02-27,20:00 (19:00),Premier League,Matchweek 20,Sat,Away,L,0,4,Sochi,50,3311.0,Yevgeni Lutsenko,4-2-3-1,3-4-3,Mikhail Vilkov,Match Report,,6,1,,0,0,2020,Arsenal Tula,,
2021-03-08,14:00,Premier League,Matchweek 21,Mon,Home,L,0,3,Loko Moscow,40,7951.0,Yevgeni Lutsenko,4-2-3-1,4-4-2,Kirill Levnikov,Match Report,,10,2,,0,0,2020,Arsenal Tula,,
2021-03-13,14:00,Premier League,Matchweek 22,Sat,Home,W,2,1,CSKA Moscow,42,9890.0,Yevgeni Lutsenko,5-4-1,4-2-3-1,Vladislav Bezborodov,Match Report,,7,3,,1,1,2020,Arsenal Tula,,
2021-03-17,20:00,Premier League,Matchweek 23,Wed,Away,L,0,2,Akhmat Grozny,54,2589.0,Georgi Kostadinov,4-2-3-1,4-3-3,Sergey Lapochkin,Match Report,,5,3,,0,0,2020,Arsenal Tula,,
2021-04-04,16:00 (14:00),Premier League,Matchweek 24,Sun,Away,L,0,2,Ural,56,7526.0,Yevgeni Lutsenko,4-2-3-1,4-2-3-1,Sergey Ivanov,Match Report,,8,3,,0,1,2020,Arsenal Tula,,
2021-04-11,14:00,Premier League,Matchweek 25,Sun,Home,W,1,0,Krasnodar,45,8974.0,Yevgeni Lutsenko,3-4-3,4-2-3-1,Ivan Sidenkov,Match Report,,13,5,,0,0,2020,Arsenal Tula,,
2021-04-18,14:00,Premier League,Matchweek 26,Sun,Home,W,4,0,Tambov,66,6420.0,Yevgeni Lutsenko,3-4-3,3-5-2,Evgeny Kukulyak,Match Report,,20,10,,1,1,2020,Arsenal Tula,,
2021-04-25,16:30,Premier League,Matchweek 27,Sun,Away,L,0,1,Rostov,35,15021.0,Georgi Kostadinov,3-4-1-2,4-3-3,Vladislav Bezborodov,Match Report,,9,1,,0,1,2020,Arsenal Tula,,
2021-05-03,16:30,Premier League,Matchweek 28,Mon,Home,L,1,2,Spartak Moscow,40,9432.0,Yevgeni Lutsenko,3-4-3,3-4-1-2,Sergey Ivanov,Match Report,,10,3,,0,0,2020,Arsenal Tula,,
2021-05-08,16:30,Premier League,Matchweek 29,Sat,Home,L,2,4,Rubin Kazan,34,6103.0,Gia Grigalava,3-4-3,4-3-3,Kirill Levnikov,Match Report,,6,4,,0,0,2020,Arsenal Tula,,
2021-05-16,18:00 (16:00),Premier League,Matchweek 30,Sun,Away,L,1,2,Ufa,58,8345.0,Yevgeni Lutsenko,4-3-3,4-4-2,Sergey Karasev,Match Report,,4,1,,0,0,2020,Arsenal Tula,,
2020-08-11,19:00 (18:00),Premier League,Matchweek 1,Tue,Home,L,0,2,Zenit,38.0,,Azat Bairyyev,4-4-2,4-4-2,Aleksey Matyunin,Match Report,,10,5,,0,0,2020,Rotor Volgograd,,
2020-08-15,15:30,Premier League,Matchweek 2,Sat,Away,D,0,0,Dynamo Mosc,50.0,5981.0,Anton Vyacheslavovich Piskunov,4-2-3-1,4-3-3,Igor Panin,Match Report,,3,2,,0,0,2020,Rotor Volgograd,,
2020-08-19,18:00,Premier League,Matchweek 3,Wed,Away,L,1,3,Akhmat Grozny,45.0,,Anton Vyacheslavovich Piskunov,4-4-2,4-2-3-1,Sergey Lapochkin,Match Report,,8,3,,0,0,2020,Rotor Volgograd,,
2020-08-22,21:00 (20:00),Premier League,Matchweek 4,Sat,Home,L,1,2,Sochi,45.0,14077.0,Azat Bairyyev,4-4-1-1,3-4-3,Sergey Ivanov,Match Report,,13,2,,0,0,2020,Rotor Volgograd,,
2020-08-26,19:30 (18:30),Premier League,Matchweek 5,Wed,Home,L,0,1,Spartak Moscow,27.0,18139.0,Azat Bairyyev,5-4-1,3-4-1-2,Aleksey Sukhoy,Match Report,,12,6,,0,0,2020,Rotor Volgograd,,
2020-08-29,20:00,Premier League,Matchweek 6,Sat,Away,D,1,1,FC Khimki,38.0,2541.0,Azat Bairyyev,5-4-1,3-4-3,Kirill Levnikov,Match Report,,8,2,,0,0,2020,Rotor Volgograd,,
2020-09-27,20:00 (19:00),Premier League,Matchweek 9,Sun,Home,L,1,3,Rubin Kazan,26.0,8950.0,Oleg Aleynik,5-4-1,4-3-3,Vladislav Bezborodov,Match Report,,7,2,,0,0,2020,Rotor Volgograd,,
2020-10-03,16:00 (14:00),Premier League,Matchweek 10,Sat,Away,D,0,0,Ufa,45.0,5247.0,Oleg Aleynik,3-4-3,3-4-3,Vitaly Meshkov,Match Report,,6,0,,0,0,2020,Rotor Volgograd,,
2020-10-18,15:00 (14:00),Premier League,Matchweek 11,Sun,Home,L,0,2,Tambov,64.0,6871.0,Azat Bairyyev,4-2-3-1,5-3-2,Vasiliy Kazartsev,Match Report,,16,5,,0,1,2020,Rotor Volgograd,,
2020-10-24,19:00,Premier League,Matchweek 12,Sat,Away,W,2,1,Loko Moscow,24.0,4300.0,Azat Bairyyev,4-2-3-1,4-4-2,Sergey Ivanov,Match Report,,6,4,,0,1,2020,Rotor Volgograd,,
2020-11-01,17:30 (16:30),Premier League,Matchweek 13,Sun,Home,L,0,1,CSKA Moscow,35.0,14250.0,Azat Bairyyev,4-2-2-2,4-2-3-1,Pavel Kukuyan,Match Report,,7,2,,0,0,2020,Rotor Volgograd,,
2020-11-07,16:30,Premier League,Matchweek 14,Sat,Away,D,1,1,Arsenal Tula,47.0,1743.0,Azat Bairyyev,3-4-3,4-2-3-1,Stanislav Vasilyev,Match Report,,14,4,,0,0,2020,Rotor Volgograd,,
2020-11-22,17:30 (16:30),Premier League,Matchweek 15,Sun,Home,D,0,0,Ural,49.0,4050.0,Oleg Aleynik,4-4-2,4-2-3-1,Vitaly Meshkov,Match Report,,10,3,,0,0,2020,Rotor Volgograd,,
2020-11-29,19:00,Premier League,Matchweek 16,Sun,Away,L,0,2,Spartak Moscow,49.0,6429.0,Oleg Aleynik,4-4-2,3-4-1-2,Nikolay Voloshin,Match Report,,14,6,,0,0,2020,Rotor Volgograd,,
2020-12-05,19:00,Premier League,Matchweek 17,Sat,Away,L,0,5,Krasnodar,36.0,7780.0,Oleg Aleynik,4-3-3,4-4-2,Aleksey Matyunin,Match Report,,14,6,,0,0,2020,Rotor Volgograd,,
2020-12-12,15:00 (14:00),Premier League,Matchweek 18,Sat,Home,W,1,0,Ufa,52.0,2139.0,Oleg Aleynik,4-2-3-1,5-3-2,Vasiliy Kazartsev,Match Report,,8,3,,0,0,2020,Rotor Volgograd,,
2020-12-16,19:00 (18:00),Premier League,Matchweek 19,Wed,Home,W,1,0,Arsenal Tula,40.0,2118.0,Sergei Makarov,4-3-3,4-2-3-1,Igor Panin,Match Report,,10,3,,1,1,2020,Rotor Volgograd,,
2021-02-26,19:00,Premier League,Matchweek 20,Fri,Away,W,3,1,Tambov,63.0,,Sergei Makarov,4-2-3-1,5-3-2,Ivan Sidenkov,Match Report,,12,7,,0,0,2020,Rotor Volgograd,,
2021-03-06,17:30 (16:30),Premier League,Matchweek 21,Sat,Home,D,0,0,FC Khimki,46.0,5369.0,Sergei Makarov,4-2-3-1,5-3-2,Sergey Ivanov,Match Report,,8,1,,0,0,2020,Rotor Volgograd,,
2021-03-13,14:00 (12:00),Premier League,Matchweek 22,Sat,Away,L,0,1,Ural,40.0,3717.0,Sergei Makarov,3-4-3,4-2-3-1,Mikhail Vilkov,Match Report,,5,0,,0,0,2020,Rotor Volgograd,,
2021-03-17,19:00 (18:00),Premier League,Matchweek 23,Wed,Home,L,0,4,Rostov,58.0,5085.0,Sergei Makarov,4-2-3-1,4-3-3,Kirill Levnikov,Match Report,,11,2,,0,0,2020,Rotor Volgograd,,
2021-04-03,15:00 (14:00),Premier League,Matchweek 24,Sat,Home,L,0,2,Loko Moscow,38.0,14115.0,Sergei Makarov,4-2-3-1,4-3-1-2,Igor Panin,Match Report,,6,2,,0,0,2020,Rotor Volgograd,,
2021-04-12,19:00,Premier League,Matchweek 25,Mon,Away,L,0,2,CSKA Moscow,40.0,10240.0,Sergei Makarov,4-2-3-1,4-2-3-1,Sergey Karasev,Match Report,,5,0,,0,0,2020,Rotor Volgograd,,
2021-04-17,17:30 (16:30),Premier League,Matchweek 26,Sat,Home,L,0,3,Dynamo Mosc,42.0,9101.0,Sergei Makarov,4-2-3-1,4-3-3,Pavel Kukuyan,Match Report,,7,1,,0,0,2020,Rotor Volgograd,,
2021-04-24,16:30,Premier League,Matchweek 27,Sat,Away,L,0,6,Zenit,27.0,24807.0,Oleg Aleynik,4-4-2,4-4-2,Vitaly Meshkov,Match Report,,2,1,,0,0,2020,Rotor Volgograd,,
2021-05-01,15:00 (14:00),Premier League,Matchweek 28,Sat,Home,W,1,0,Akhmat Grozny,45.0,7132.0,Sergei Makarov,4-2-3-1,3-4-3,Stanislav Vasilyev,Match Report,,7,1,,0,0,2020,Rotor Volgograd,,
2021-05-07,21:00 (20:00),Premier League,Matchweek 29,Fri,Away,L,1,2,Sochi,47.0,7340.0,Sergei Makarov,4-2-3-1,3-4-3,Sergey Karasev,Match Report,,12,3,,0,0,2020,Rotor Volgograd,,
2021-05-16,14:00,Premier League,Matchweek 30,Sun,Away,D,1,1,Rubin Kazan,53.0,12433.0,Sergei Makarov,4-2-3-1,4-3-3,Vitaly Meshkov,Match Report,,11,3,,1,1,2020,Rotor Volgograd,,
2020-08-08,18:30,Premier League,Matchweek 1,Sat,Home,L,0,1,Rostov,44,,Sergey Ryzhikov,3-4-3,4-5-1,Stanislav Vasilyev,Match Report,,10,1,,0,0,2020,Tambov,,
2020-08-15,18:00,Premier League,Matchweek 2,Sat,Away,L,1,2,CSKA Moscow,49,7939.0,Kirill Panchenko,5-4-1,3-4-3,Vladimir Moskalev,Match Report,,12,6,,0,0,2020,Tambov,,
2020-08-18,19:00,Premier League,Matchweek 3,Tue,Home,W,1,0,FC Khimki,38,,Sergey Ryzhikov,5-3-2,4-4-2,Mikhail Vilkov,Match Report,,5,2,,0,1,2020,Tambov,,
2020-08-22,18:00,Premier League,Matchweek 4,Sat,Away,L,1,4,Zenit,35,20728.0,Sergey Ryzhikov,5-3-2,4-4-2,Igor Panin,Match Report,,6,4,,0,0,2020,Tambov,,
2020-08-25,18:30,Premier League,Matchweek 5,Tue,Home,L,0,1,Sochi,45,2100.0,Sergey Ryzhikov,5-3-2,3-4-3,Aleksey Matyunin,Match Report,,11,1,,0,0,2020,Tambov,,
2020-08-30,18:00,Premier League,Matchweek 6,Sun,Away,D,2,2,Rubin Kazan,40,4515.0,Kirill Panchenko,5-3-2,4-2-3-1,Vitaly Meshkov,Match Report,,7,3,,0,0,2020,Tambov,,
2020-09-12,13:45,Premier League,Matchweek 7,Sat,Home,W,2,0,Ufa,49,2567.0,Kirill Panchenko,5-3-2,5-4-1,Kirill Levnikov,Match Report,,8,4,,0,0,2020,Tambov,,
2020-09-20,19:00,Premier League,Matchweek 8,Sun,Away,L,0,1,Loko Moscow,44,6508.0,Kirill Panchenko,5-3-2,4-4-2,Evgeny Turbin,Match Report,,5,2,,0,0,2020,Tambov,,
2020-09-26,14:00,Premier League,Matchweek 9,Sat,Home,L,0,2,Spartak Moscow,35,14977.0,Kirill Panchenko,5-3-2,3-4-1-2,Igor Panin,Match Report,,9,2,,0,0,2020,Tambov,,
2020-10-03,16:30,Premier League,Matchweek 10,Sat,Home,D,1,1,Arsenal Tula,60,1983.0,Kirill Panchenko,3-5-2,5-4-1,Vladislav Bezborodov,Match Report,,16,7,,1,1,2020,Tambov,,
2020-10-18,15:00 (14:00),Premier League,Matchweek 11,Sun,Away,W,2,0,Rotor Volgograd,36,6871.0,Sergey Ryzhikov,5-3-2,4-2-3-1,Vasiliy Kazartsev,Match Report,,10,4,,0,0,2020,Tambov,,
2020-10-25,16:00 (14:00),Premier League,Matchweek 12,Sun,Away,D,0,0,Ural,34,3427.0,Sergey Ryzhikov,5-3-2,4-2-3-1,Evgeny Kukulyak,Match Report,,6,1,,0,0,2020,Tambov,,
2020-11-01,19:00,Premier League,Matchweek 13,Sun,Home,L,1,2,Dynamo Mosc,27,2091.0,Sergey Ryzhikov,5-3-2,4-2-3-1,Sergey Karasev,Match Report,,6,4,,1,2,2020,Tambov,,
2020-11-07,19:00,Premier League,Matchweek 14,Sat,Home,L,0,1,Akhmat Grozny,42,,Sergey Ryzhikov,3-5-2,4-4-2,Sergey Ivanov,Match Report,,7,1,,0,0,2020,Tambov,,
2020-11-21,14:00,Premier League,Matchweek 15,Sat,Away,L,0,1,Krasnodar,34,9287.0,Sergey Ryzhikov,3-5-2,4-2-3-1,Sergey Lapochkin,Match Report,,6,2,,0,0,2020,Tambov,,
2020-11-29,16:00 (14:00),Premier League,Matchweek 16,Sun,Away,L,0,4,Ufa,41,1465.0,Sergey Ryzhikov,3-5-2,3-5-2,Aleksey Matyunin,Match Report,,7,3,,0,1,2020,Tambov,,
2020-12-05,16:30,Premier League,Matchweek 17,Sat,Away,L,1,5,Spartak Moscow,34,5964.0,Sergey Ryzhikov,3-5-2,3-4-1-2,Stanislav Vasilyev,Match Report,,12,4,,0,0,2020,Tambov,,
2020-12-13,14:00,Premier League,Matchweek 18,Sun,Home,L,0,1,Rubin Kazan,41,,Sergey Ryzhikov,3-5-1-1,4-3-3,Kirill Levnikov,Match Report,,7,1,,0,0,2020,Tambov,,
2020-12-18,18:00,Premier League,Matchweek 19,Fri,Home,D,1,1,Ural,49,,Sergey Ryzhikov,5-3-2,4-2-3-1,Sergey Ivanov,Match Report,,11,5,,0,0,2020,Tambov,,
2021-02-26,19:00,Premier League,Matchweek 20,Fri,Home,L,1,3,Rotor Volgograd,37,,Sergey Ryzhikov,5-3-2,4-2-3-1,Ivan Sidenkov,Match Report,,11,4,,0,0,2020,Tambov,,
2021-03-07,16:30,Premier League,Matchweek 21,Sun,Away,L,0,2,Dynamo Mosc,28,7502.0,Sergey Ryzhikov,5-3-2,4-3-3,Evgeny Kukulyak,Match Report,,5,0,,0,0,2020,Tambov,,
2021-03-14,16:30,Premier League,Matchweek 22,Sun,Home,L,0,4,Krasnodar,22,,Aleksandr Denisov,5-3-2,4-2-3-1,Pavel Shadykhanov,Match Report,,7,3,,0,0,2020,Tambov,,
2021-03-19,20:00 (19:00),Premier League,Matchweek 23,Fri,Away,L,0,5,Sochi,38,3147.0,Aleksandr Denisov,3-4-3,3-5-2,Artem Lyubimov,Match Report,,9,3,,0,0,2020,Tambov,,
2021-04-04,16:30,Premier League,Matchweek 24,Sun,Home,L,1,2,CSKA Moscow,30,7540.0,Aleksandr Denisov,3-5-2,4-2-3-1,Vitaly Meshkov,Match Report,,7,2,,1,1,2020,Tambov,,
2021-04-10,14:00,Premier League,Matchweek 25,Sat,Away,L,0,1,FC Khimki,37,1230.0,Aleksandr Denisov,3-5-2,3-4-3,Vladislav Bezborodov,Match Report,,6,2,,0,0,2020,Tambov,,
2021-04-18,14:00,Premier League,Matchweek 26,Sun,Away,L,0,4,Arsenal Tula,34,6420.0,Yuri Bavin,3-5-2,3-4-3,Evgeny Kukulyak,Match Report,,6,3,,0,0,2020,Tambov,,
2021-04-24,19:00,Premier League,Matchweek 27,Sat,Home,L,2,5,Loko Moscow,32,4921.0,Aleksandr Denisov,3-5-2,4-3-1-2,Pavel Shadykhanov,Match Report,,14,8,,0,1,2020,Tambov,,
2021-05-02,16:30,Premier League,Matchweek 28,Sun,Away,L,0,2,Rostov,28,13251.0,Aleksandr Denisov,5-3-2,4-3-3,Igor Panin,Match Report,,5,1,,0,0,2020,Tambov,,
2021-05-07,18:00,Premier League,Matchweek 29,Fri,Away,L,1,3,Akhmat Grozny,36,7475.0,Aleksandr Denisov,5-3-2,4-2-3-1,Aleksey Matyunin,Match Report,,11,3,,0,0,2020,Tambov,,
2021-05-16,14:00,Premier League,Matchweek 30,Sun,Home,L,1,5,Zenit,31,7119.0,Aleksandr Denisov,5-4-1,4-2-3-1,Anton Frolov,Match Report,,8,5,,0,0,2020,Tambov,,
2019-07-14,19:00,Premier League,Matchweek 1,Sun,Home,W,2,1,Tambov,64.0,46231.0,Branislav Ivanović,4-4-2,4-4-2,Aleksey Eskov,Match Report,,12,7,,0,0,2019,Zenit,,
2019-07-21,21:30,Premier League,Matchweek 2,Sun,Away,W,2,0,Sochi,55.0,35102.0,Branislav Ivanović,4-2-3-1,5-4-1,Aleksey Matyunin,Match Report,,19,5,,1,1,2019,Zenit,,
2019-07-28,16:00 (14:00),Premier League,Matchweek 3,Sun,Away,W,2,0,Orenburg,60.0,6626.0,Branislav Ivanović,4-4-2,5-4-1,Sergey Karasev,Match Report,,14,4,,1,1,2019,Zenit,,
2019-08-03,21:30,Premier League,Matchweek 4,Sat,Home,D,1,1,Krasnodar,53.0,54078.0,Branislav Ivanović,4-4-2,4-3-3,Aleksey Eskov,Match Report,,15,5,,0,0,2019,Zenit,,
2019-08-10,19:00,Premier League,Matchweek 5,Sat,Away,W,2,0,Dynamo Mosc,51.0,19095.0,Branislav Ivanović,4-4-2,4-2-3-1,Evgeny Turbin,Match Report,,13,3,,0,0,2019,Zenit,,
2019-08-17,19:00,Premier League,Matchweek 6,Sat,Home,D,0,0,Akhmat Grozny,63.0,48468.0,Branislav Ivanović,4-4-2,3-5-1-1,Aleksey Matyunin,Match Report,,22,5,,0,0,2019,Zenit,,
2019-08-24,18:30 (16:30),Premier League,Matchweek 7,Sat,Away,L,0,1,Ufa,69.0,13368.0,Branislav Ivanović,4-4-2,5-4-1,Sergey Ivanov,Match Report,,22,4,,0,0,2019,Zenit,,
2019-09-01,19:00,Premier League,Matchweek 8,Sun,Away,W,1,0,Spartak Moscow,42.0,43382.0,Branislav Ivanović,4-4-2,4-2-3-1,Vitaly Meshkov,Match Report,,11,3,,0,0,2019,Zenit,,
2019-09-13,20:00,Premier League,Matchweek 9,Fri,Home,W,3,1,Arsenal Tula,63.0,42431.0,Branislav Ivanović,4-4-2,4-3-3,Pavel Kukuyan,Match Report,,14,6,,1,2,2019,Zenit,,
2019-09-21,19:00,Premier League,Matchweek 10,Sat,Home,W,5,0,Rubin Kazan,57.0,43598.0,Branislav Ivanović,4-2-3-1,4-1-4-1,Sergey Karasev,Match Report,,20,9,,0,0,2019,Zenit,,
2019-09-28,19:00,Premier League,Matchweek 11,Sat,Away,L,0,1,Loko Moscow,57.0,21598.0,Branislav Ivanović,4-3-1-2,4-5-1,Mikhail Vilkov,Match Report,,5,1,,0,0,2019,Zenit,,
2019-10-06,13:30 (11:30),Premier League,Matchweek 12,Sun,Away,W,3,1,Ural,58.0,22432.0,Branislav Ivanović,3-1-4-2,4-2-3-1,Nikolay Voloshin,Match Report,,13,5,,0,0,2019,Zenit,,
2019-10-19,19:00,Premier League,Matchweek 13,Sat,Home,W,6,1,Rostov,59.0,58639.0,Branislav Ivanović,4-4-2,4-2-3-1,Sergey Karasev,Match Report,,17,9,,2,2,2019,Zenit,,
2019-10-27,14:00,Premier League,Matchweek 14,Sun,Away,W,2,0,Samara,58.0,32560.0,Branislav Ivanović,4-4-2,4-2-3-1,Stanislav Vasilyev,Match Report,,25,9,,0,0,2019,Zenit,,
2019-11-02,19:00,Premier League,Matchweek 15,Sat,Home,D,1,1,CSKA Moscow,71.0,48141.0,Branislav Ivanović,4-3-3,3-4-3,Mikhail Vilkov,Match Report,,27,6,,0,0,2019,Zenit,,
2019-11-10,18:00 (14:00),Premier League,Matchweek 16,Sun,Away,W,1,0,Arsenal Tula,49.0,16095.0,Branislav Ivanović,4-4-2,4-3-3,Aleksey Eskov,Match Report,,17,4,,0,0,2019,Zenit,,
2019-11-23,14:00,Premier League,Matchweek 17,Sat,Away,W,2,1,Rubin Kazan,57.0,8351.0,Branislav Ivanović,4-4-2,5-4-1,Sergey Ivanov,Match Report,,13,9,,0,0,2019,Zenit,,
2019-12-01,19:00,Premier League,Matchweek 18,Sun,Home,W,1,0,Spartak Moscow,47.0,55119.0,Branislav Ivanović,4-4-2,3-4-1-2,Vitaly Meshkov,Match Report,,15,6,,0,0,2019,Zenit,,
2019-12-06,19:30,Premier League,Matchweek 19,Fri,Home,W,3,0,Dynamo Mosc,62.0,48367.0,Branislav Ivanović,4-4-2,4-2-3-1,Nikolay Voloshin,Match Report,,11,6,,0,0,2019,Zenit,,
2020-02-29,19:00,Premier League,Matchweek 20,Sat,Home,D,0,0,Loko Moscow,58.0,51463.0,Branislav Ivanović,4-4-2,4-3-3,Evgeny Turbin,Match Report,,18,4,,0,0,2019,Zenit,,
2020-03-09,19:00,Premier League,Matchweek 21,Mon,Home,D,0,0,Ufa,80.0,42191.0,Artem Dzyuba,4-2-3-1,5-4-1,Aleksey Sukhoy,Match Report,,18,3,,0,0,2019,Zenit,,
2020-03-14,16:30,Premier League,Matchweek 22,Sat,Home,W,7,1,Ural,49.0,33677.0,Branislav Ivanović,4-4-2,4-4-1-1,Vladimir Moskalev,Match Report,,30,18,,1,1,2019,Zenit,,
2020-06-20,19:00,Premier League,Matchweek 23,Sat,Away,W,4,0,CSKA Moscow,46.0,2904.0,Branislav Ivanović,4-2-2-2,3-4-3,Sergey Ivanov,Match Report,,15,8,,1,1,2019,Zenit,,
2020-06-26,20:30,Premier League,Matchweek 24,Fri,Home,W,2,1,Samara,62.0,6379.0,Branislav Ivanović,4-2-2-2,4-2-3-1,Pavel Kukuyan,Match Report,,26,6,,2,2,2019,Zenit,,
2020-07-01,17:30,Premier League,Matchweek 25,Wed,Away,W,2,1,Tambov,,,Branislav Ivanović,4-3-3,3-4-3,Mikhail Vilkov,Match Report,,0,0,,0,0,2019,Zenit,,
2020-07-05,20:30,Premier League,Matchweek 26,Sun,Away,W,4,2,Krasnodar,37.0,,Branislav Ivanović,4-2-2-2,4-2-3-1,Sergey Karasev,Match Report,,14,5,,1,1,2019,Zenit,,
2020-07-08,18:00,Premier League,Matchweek 27,Wed,Home,W,2,1,Sochi,64.0,,Artem Dzyuba,4-2-3-1,3-4-3,Evgeny Turbin,Match Report,,10,3,,0,0,2019,Zenit,,
2020-07-11,18:30,Premier League,Matchweek 28,Sat,Away,D,1,1,Akhmat Grozny,51.0,,Magomed Ozdoyev,4-2-3-1,4-2-3-1,Mikhail Vilkov,Match Report,,9,3,,0,0,2019,Zenit,,
2020-07-15,20:30,Premier League,Matchweek 29,Wed,Home,W,4,1,Orenburg,66.0,6395.0,Artem Dzyuba,4-2-3-1,5-4-1,Vitaly Meshkov,Match Report,,12,5,,0,0,2019,Zenit,,
2020-07-22,19:00,Premier League,Matchweek 30,Wed,Away,W,2,1,Rostov,66.0,4541.0,Oleg Shatov,3-4-3,4-5-1,Sergey Karasev,Match Report,,11,5,,0,0,2019,Zenit,,
2019-07-15,20:00,Premier League,Matchweek 1,Mon,Home,D,1,1,Rubin Kazan,49,10732.0,Vedran Ćorluka,4-2-3-1,4-4-2,Mikhail Vilkov,Match Report,,16,4,,0,1,2019,Lokomotiv Moscow,,
2019-07-21,16:30,Premier League,Matchweek 2,Sun,Home,W,2,1,Tambov,55,10187.0,Vedran Ćorluka,4-2-3-1,4-4-2,Stanislav Vasilyev,Match Report,,17,7,,0,0,2019,Lokomotiv Moscow,,
2019-07-28,19:00,Premier League,Matchweek 3,Sun,Away,L,0,1,CSKA Moscow,50,27897.0,Vedran Ćorluka,4-1-4-1,3-4-3,Vladislav Bezborodov,Match Report,,10,1,,0,0,2019,Lokomotiv Moscow,,
2019-08-03,17:30 (16:30),Premier League,Matchweek 4,Sat,Away,W,2,1,Samara,53,22459.0,Vedran Ćorluka,4-2-3-1,4-2-3-1,Evgeny Turbin,Match Report,,20,9,,0,0,2019,Lokomotiv Moscow,,
2019-08-11,16:30,Premier League,Matchweek 5,Sun,Home,W,4,0,Ural,49,14181.0,Vedran Ćorluka,4-2-3-1,4-2-3-1,Nikolay Voloshin,Match Report,,22,8,,0,0,2019,Lokomotiv Moscow,,
2019-08-18,19:00,Premier League,Matchweek 6,Sun,Away,W,2,1,Dynamo Mosc,51,17837.0,Vedran Ćorluka,4-2-3-1,4-4-2,Vasiliy Kazartsev,Match Report,,21,7,,1,1,2019,Lokomotiv Moscow,,
2019-08-24,19:00,Premier League,Matchweek 7,Sat,Away,D,1,1,Krasnodar,38,31231.0,Vedran Ćorluka,5-4-1,4-3-3,Vladislav Bezborodov,Match Report,,15,3,,0,0,2019,Lokomotiv Moscow,,
2019-08-31,16:30,Premier League,Matchweek 8,Sat,Home,L,1,2,Rostov,57,19356.0,Vedran Ćorluka,4-2-3-1,4-2-3-1,Sergey Lapochkin,Match Report,,23,7,,0,0,2019,Lokomotiv Moscow,,
2019-09-14,19:00,Premier League,Matchweek 9,Sat,Away,W,1,0,Sochi,51,13900.0,Vedran Ćorluka,4-2-3-1,4-3-3,Igor Panin,Match Report,,20,5,,0,0,2019,Lokomotiv Moscow,,
2019-09-22,11:30,Premier League,Matchweek 10,Sun,Away,W,3,2,Orenburg,54,4854.0,Vedran Ćorluka,4-5-1,4-3-3,Sergey Ivanov,Match Report,,19,7,,1,1,2019,Lokomotiv Moscow,,
2019-09-28,19:00,Premier League,Matchweek 11,Sat,Home,W,1,0,Zenit,43,21598.0,Vedran Ćorluka,4-5-1,4-3-1-2,Mikhail Vilkov,Match Report,,9,3,,0,0,2019,Lokomotiv Moscow,,
2019-10-06,14:00,Premier League,Matchweek 12,Sun,Home,W,2,1,Arsenal Tula,49,11204.0,Vedran Ćorluka,4-4-2,4-3-3,Sergey Lapochkin,Match Report,,19,6,,1,1,2019,Lokomotiv Moscow,,
2019-10-18,19:30,Premier League,Matchweek 13,Fri,Away,W,2,0,Akhmat Grozny,49,13776.0,Vedran Ćorluka,4-4-2,4-2-3-1,Stanislav Vasilyev,Match Report,,12,6,,0,0,2019,Lokomotiv Moscow,,
2019-10-27,16:30,Premier League,Matchweek 14,Sun,Home,L,0,3,Spartak Moscow,58,22863.0,Vedran Ćorluka,5-3-2,4-3-3,Aleksey Eskov,Match Report,,19,5,,0,0,2019,Lokomotiv Moscow,,
2019-11-02,16:00 (14:00),Premier League,Matchweek 15,Sat,Away,D,1,1,Ufa,57,6157.0,Vedran Ćorluka,4-4-2◆,5-3-2,Evgeny Turbin,Match Report,,15,2,,0,0,2019,Lokomotiv Moscow,,
2019-11-10,19:00,Premier League,Matchweek 16,Sun,Home,D,1,1,Krasnodar,56,17612.0,Guilherme Marinato,4-4-2,4-4-2,Vladislav Bezborodov,Match Report,,7,1,,0,0,2019,Lokomotiv Moscow,,
2019-11-22,19:30,Premier League,Matchweek 17,Fri,Away,W,3,2,Tambov,61,4038.0,Vedran Ćorluka,4-3-3,5-4-1,Pavel Kukuyan,Match Report,,12,3,,0,0,2019,Lokomotiv Moscow,,
2019-12-01,16:30,Premier League,Matchweek 18,Sun,Home,L,1,2,Dynamo Mosc,58,17739.0,Vedran Ćorluka,4-3-2-1,4-2-3-1,Sergey Karasev,Match Report,,13,2,,1,1,2019,Lokomotiv Moscow,,
2019-12-06,23:30 (19:30),Premier League,Matchweek 19,Fri,Away,L,0,4,Arsenal Tula,56,10284.0,Vedran Ćorluka,3-4-3,5-4-1,Sergey Ivanov,Match Report,,10,3,,0,0,2019,Lokomotiv Moscow,,
2020-02-29,19:00,Premier League,Matchweek 20,Sat,Away,D,0,0,Zenit,42,51463.0,Vedran Ćorluka,4-3-3,4-4-2,Evgeny Turbin,Match Report,,11,1,,0,0,2019,Lokomotiv Moscow,,
2020-03-08,19:00,Premier League,Matchweek 21,Sun,Home,W,1,0,Akhmat Grozny,49,14689.0,Vedran Ćorluka,4-2-3-1,4-2-3-1,Kirill Levnikov,Match Report,,14,2,,0,0,2019,Lokomotiv Moscow,,
2020-03-15,19:00,Premier League,Matchweek 22,Sun,Away,W,3,1,Rostov,46,30127.0,Guilherme Marinato,4-2-3-1,4-2-3-1,Mikhail Vilkov,Match Report,,11,4,,0,0,2019,Lokomotiv Moscow,,
2020-06-21,17:30,Premier League,Matchweek 23,Sun,Home,W,1,0,Orenburg,65,1800.0,Vedran Ćorluka,4-2-3-1,3-4-3,Stanislav Vasilyev,Match Report,,23,6,,0,1,2019,Lokomotiv Moscow,,
2020-06-27,17:30,Premier League,Matchweek 24,Sat,Away,W,2,0,Rubin Kazan,58,4189.0,Vedran Ćorluka,4-2-3-1,4-2-3-1,Nikolay Voloshin,Match Report,,11,3,,1,1,2019,Lokomotiv Moscow,,
2020-06-30,18:00,Premier League,Matchweek 25,Tue,Home,D,1,1,Samara,74,,Vedran Ćorluka,4-2-3-1,4-2-3-1,Aleksey Sukhoy,Match Report,,19,4,,0,0,2019,Lokomotiv Moscow,,
2020-07-04,20:30,Premier League,Matchweek 26,Sat,Home,D,0,0,Sochi,60,,Vedran Ćorluka,4-2-3-1,3-4-3,Aleksey Matyunin,Match Report,,18,5,,0,1,2019,Lokomotiv Moscow,,
2020-07-08,20:30,Premier League,Matchweek 27,Wed,Away,D,1,1,Spartak Moscow,56,3754.0,Vedran Ćorluka,4-2-3-1,3-1-4-2,Sergey Lapochkin,Match Report,,14,1,,1,1,2019,Lokomotiv Moscow,,
2020-07-12,16:30,Premier League,Matchweek 28,Sun,Home,D,1,1,Ufa,75,,Vedran Ćorluka,4-2-3-1,5-3-2,Vladislav Bezborodov,Match Report,,22,7,,0,0,2019,Lokomotiv Moscow,,
2020-07-16,20:30,Premier League,Matchweek 29,Thu,Home,W,2,1,CSKA Moscow,47,,Vedran Ćorluka,4-2-3-1,3-4-3,Evgeny Turbin,Match Report,,13,3,,2,2,2019,Lokomotiv Moscow,,
2020-07-22,21:00 (19:00),Premier League,Matchweek 30,Wed,Away,W,1,0,Ural,41,3458.0,Dmitri Barinov,4-2-3-1,4-2-3-1,Stanislav Vasilyev,Match Report,,8,2,,0,0,2019,Lokomotiv Moscow,,
2019-07-14,21:30,Premier League,Matchweek 1,Sun,Away,L,0,1,Akhmat Grozny,61,27535,Alyaksandr Martynovich,4-3-3,5-3-2,Vitaly Meshkov,Match Report,,19,3,,0,0,2019,Krasnodar,,
2019-07-20,16:00 (14:00),Premier League,Matchweek 2,Sat,Away,W,3,2,Ufa,74,6725,Alyaksandr Martynovich,4-3-3,3-4-3,Aleksey Eskov,Match Report,,24,5,,0,0,2019,Krasnodar,,
2019-07-27,19:00,Premier League,Matchweek 3,Sat,Home,W,3,0,Sochi,63,32177,Alyaksandr Martynovich,4-3-3,5-3-2,Sergey Lapochkin,Match Report,,22,9,,0,0,2019,Krasnodar,,
2019-08-03,21:30,Premier League,Matchweek 4,Sat,Away,D,1,1,Zenit,47,54078,Alyaksandr Martynovich,4-3-3,4-4-2,Aleksey Eskov,Match Report,,5,1,,0,0,2019,Krasnodar,,
2019-08-10,19:00,Premier League,Matchweek 5,Sat,Home,W,1,0,Rubin Kazan,45,25826,Alyaksandr Martynovich,4-3-3,4-1-4-1,Sergey Lapochkin,Match Report,,14,2,,0,0,2019,Krasnodar,,
2019-08-17,16:30,Premier League,Matchweek 6,Sat,Away,W,2,0,Tambov,58,7115,Uroš Spajić,4-3-3,4-2-3-1,Nikolay Voloshin,Match Report,,17,6,,0,0,2019,Krasnodar,,
2019-08-24,19:00,Premier League,Matchweek 7,Sat,Home,D,1,1,Loko Moscow,62,31231,Uroš Spajić,4-3-3,5-4-1,Vladislav Bezborodov,Match Report,,18,5,,0,0,2019,Krasnodar,,
2019-09-01,16:00 (14:00),Premier League,Matchweek 8,Sun,Away,W,4,2,Ural,62,18388,Ari,4-4-2,4-2-3-1,Aleksey Sukhoy,Match Report,,19,6,,0,0,2019,Krasnodar,,
2019-09-15,19:00,Premier League,Matchweek 9,Sun,Home,W,4,2,Samara,57,26131,Alyaksandr Martynovich,4-1-4-1,4-2-3-1,Sergey Karasev,Match Report,,22,7,,0,1,2019,Krasnodar,,
2019-09-22,19:00,Premier League,Matchweek 10,Sun,Away,L,2,3,CSKA Moscow,57,21026,Alyaksandr Martynovich,4-1-4-1,3-1-4-2,Vladislav Bezborodov,Match Report,,14,6,,0,0,2019,Krasnodar,,
2019-09-29,19:00,Premier League,Matchweek 11,Sun,Home,W,2,0,Arsenal Tula,57,23516,Alyaksandr Martynovich,4-1-3-2,4-3-3,Vasiliy Kazartsev,Match Report,,20,6,,1,1,2019,Krasnodar,,
2019-10-06,19:00,Premier League,Matchweek 12,Sun,Home,W,2,1,Spartak Moscow,48,32238,Alyaksandr Martynovich,4-4-2,4-2-3-1,Vitaly Meshkov,Match Report,,17,3,,0,0,2019,Krasnodar,,
2019-10-20,19:00,Premier League,Matchweek 13,Sun,Away,D,1,1,Dynamo Mosc,66,15374,Alyaksandr Martynovich,4-4-1-1,5-4-1,Mikhail Vilkov,Match Report,,19,5,,0,0,2019,Krasnodar,,
2019-10-27,19:00,Premier League,Matchweek 14,Sun,Home,D,1,1,Orenburg,71,30638,Alyaksandr Martynovich,4-3-3,5-4-1,Aleksey Matyunin,Match Report,,19,6,,0,0,2019,Krasnodar,,
2019-11-03,16:30,Premier League,Matchweek 15,Sun,Home,D,2,2,Rostov,66,34265,Alyaksandr Martynovich,4-3-3,4-3-3,Aleksey Eskov,Match Report,,21,8,,0,0,2019,Krasnodar,,
2019-11-10,19:00,Premier League,Matchweek 16,Sun,Away,D,1,1,Loko Moscow,44,17612,Alyaksandr Martynovich,4-4-2,4-4-2,Vladislav Bezborodov,Match Report,,9,2,,0,0,2019,Krasnodar,,
2019-11-24,20:30 (16:30),Premier League,Matchweek 17,Sun,Away,W,2,1,Arsenal Tula,49,7815,Alyaksandr Martynovich,4-4-2,3-4-3,Stanislav Vasilyev,Match Report,,13,5,,0,1,2019,Krasnodar,,
2019-12-02,19:30,Premier League,Matchweek 18,Mon,Home,D,0,0,Tambov,69,15439,Yuri Gazinskiy,4-4-2,5-4-1,Sergey Lapochkin,Match Report,,17,6,,0,0,2019,Krasnodar,,
2019-12-07,16:30,Premier League,Matchweek 19,Sat,Home,D,1,1,CSKA Moscow,55,29567,Alyaksandr Martynovich,4-3-3,3-1-4-2,Vasiliy Kazartsev,Match Report,,13,4,,0,1,2019,Krasnodar,,
2020-03-01,16:30,Premier League,Matchweek 20,Sun,Home,W,2,0,Ufa,69,31966,Ari,4-3-3,5-3-2,Stanislav Vasilyev,Match Report,,12,7,,1,1,2019,Krasnodar,,
2020-03-09,16:30,Premier League,Matchweek 21,Mon,Away,W,1,0,Spartak Moscow,65,28245,Ari,4-2-3-1,3-5-2,Sergey Lapochkin,Match Report,,17,6,,1,1,2019,Krasnodar,,
2020-03-15,14:00,Premier League,Matchweek 22,Sun,Away,L,0,2,Sochi,70,,Alyaksandr Martynovich,4-2-3-1,3-4-3,Sergey Ivanov,Match Report,,7,3,,0,0,2019,Krasnodar,,
2020-07-01,20:00,Premier League,Matchweek 25,Wed,Away,D,1,1,Rostov,57,,Alyaksandr Martynovich,4-2-3-1,4-3-3,Vitaly Meshkov,Match Report,,13,3,,0,0,2019,Krasnodar,,
2020-07-05,20:30,Premier League,Matchweek 26,Sun,Home,L,2,4,Zenit,63,,Alyaksandr Martynovich,4-2-3-1,4-2-2-2,Sergey Karasev,Match Report,,25,11,,0,1,2019,Krasnodar,,
2020-07-09,20:30,Premier League,Matchweek 27,Thu,Away,L,0,1,Rubin Kazan,67,,Alyaksandr Martynovich,4-2-3-1,4-2-3-1,Stanislav Vasilyev,Match Report,,20,7,,0,0,2019,Krasnodar,,
2020-07-12,20:30,Premier League,Matchweek 28,Sun,Home,W,3,0,Ural,59,2977,Yuri Gazinskiy,4-2-3-1,4-2-3-1,Kirill Levnikov,Match Report,,27,9,,1,1,2019,Krasnodar,,
2020-07-15,19:00 (18:00),Premier League,Matchweek 29,Wed,Away,D,0,0,Samara,66,,Yuri Gazinskiy,4-2-3-1,4-2-3-1,Vladimir Moskalev,Match Report,,18,6,,0,0,2019,Krasnodar,,
2020-07-19,20:30,Premier League,Matchweek 23,Sun,Home,L,0,2,Dynamo Mosc,65,3518,Alyaksandr Martynovich,4-2-3-1,5-3-2,Mikhail Vilkov,Match Report,,9,2,,0,0,2019,Krasnodar,,
2020-07-22,19:00,Premier League,Matchweek 30,Wed,Home,W,4,0,Akhmat Grozny,61,3367,Alyaksandr Martynovich,4-2-3-1,4-2-3-1,Vladislav Bezborodov,Match Report,,23,12,,0,0,2019,Krasnodar,,
2019-07-14,17:30 (16:30),Premier League,Matchweek 1,Sun,Away,L,0,2,Samara,68,25287.0,Igor Akinfeev,4-3-3,4-5-1,Kirill Levnikov,Match Report,,19,2,,0,0,2019,CSKA Moscow,,
2019-07-20,19:00,Premier League,Matchweek 2,Sat,Home,W,2,1,Orenburg,65,15082.0,Igor Akinfeev,3-4-3,5-4-1,Evgeny Turbin,Match Report,,20,5,,0,0,2019,CSKA Moscow,,
2019-07-28,19:00,Premier League,Matchweek 3,Sun,Home,W,1,0,Loko Moscow,50,27897.0,Igor Akinfeev,3-4-3,4-1-4-1,Vladislav Bezborodov,Match Report,,13,4,,1,1,2019,CSKA Moscow,,
2019-08-04,19:00,Premier League,Matchweek 4,Sun,Away,W,1,0,Rubin Kazan,53,20791.0,Igor Akinfeev,3-4-3,4-1-4-1,Vasiliy Kazartsev,Match Report,,12,5,,0,0,2019,CSKA Moscow,,
2019-08-11,19:00,Premier League,Matchweek 5,Sun,Home,D,0,0,Sochi,70,17995.0,Igor Akinfeev,3-4-3,5-3-2,Vitaly Meshkov,Match Report,,18,5,,0,0,2019,CSKA Moscow,,
2019-08-19,20:00,Premier League,Matchweek 6,Mon,Away,L,1,2,Spartak Moscow,54,44434.0,Igor Akinfeev,3-4-3,4-2-3-1,Sergey Karasev,Match Report,,14,5,,0,0,2019,CSKA Moscow,,
2019-08-25,16:30,Premier League,Matchweek 7,Sun,Home,W,3,0,Akhmat Grozny,50,18508.0,Igor Akinfeev,3-4-3,3-5-1-1,Vasiliy Kazartsev,Match Report,,19,7,,0,0,2019,CSKA Moscow,,
2019-09-01,20:30 (16:30),Premier League,Matchweek 8,Sun,Away,W,2,1,Arsenal Tula,50,18758.0,Igor Akinfeev,3-1-4-2,4-3-3,Evgeny Turbin,Match Report,,24,9,,0,0,2019,CSKA Moscow,,
2019-09-15,16:30,Premier League,Matchweek 9,Sun,Away,W,2,0,Tambov,63,17145.0,Igor Akinfeev,3-1-4-2,3-4-3,Mikhail Vilkov,Match Report,,21,7,,0,1,2019,CSKA Moscow,,
2019-09-22,19:00,Premier League,Matchweek 10,Sun,Home,W,3,2,Krasnodar,43,21026.0,Igor Akinfeev,3-1-4-2,4-1-4-1,Vladislav Bezborodov,Match Report,,11,6,,1,1,2019,CSKA Moscow,,
2019-09-29,13:30 (11:30),Premier League,Matchweek 11,Sun,Away,W,3,0,Ural,62,20130.0,Igor Akinfeev,3-1-4-2,4-4-2,Pavel Kukuyan,Match Report,,20,6,,0,1,2019,CSKA Moscow,,
2019-10-06,16:30,Premier League,Matchweek 12,Sun,Home,L,1,3,Rostov,72,18456.0,Igor Akinfeev,3-1-4-2,4-2-3-1,Vasiliy Kazartsev,Match Report,,20,8,,1,1,2019,CSKA Moscow,,
2019-10-20,16:00 (14:00),Premier League,Matchweek 13,Sun,Away,D,1,1,Ufa,52,11282.0,Igor Akinfeev,3-1-4-2,5-3-2,Nikolay Voloshin,Match Report,,16,4,,0,0,2019,CSKA Moscow,,
2019-10-27,16:30,Premier League,Matchweek 14,Sun,Home,L,0,1,Dynamo Mosc,54,20019.0,Igor Akinfeev,3-4-1-2,5-4-1,Sergey Karasev,Match Report,,11,2,,0,1,2019,CSKA Moscow,,
2019-11-02,19:00,Premier League,Matchweek 15,Sat,Away,D,1,1,Zenit,29,48141.0,Igor Akinfeev,3-4-3,4-3-3,Mikhail Vilkov,Match Report,,11,3,,0,0,2019,CSKA Moscow,,
2019-11-10,16:30,Premier League,Matchweek 16,Sun,Away,W,3,2,Sochi,59,15318.0,Igor Akinfeev,3-4-3,5-3-2,Stanislav Vasilyev,Match Report,,21,8,,0,0,2019,CSKA Moscow,,
2019-11-24,19:00,Premier League,Matchweek 17,Sun,Home,W,1,0,Samara,62,11895.0,Igor Akinfeev,3-4-3,4-4-2,Vladislav Bezborodov,Match Report,,20,8,,0,0,2019,CSKA Moscow,,
2019-12-02,19:30,Premier League,Matchweek 18,Mon,Home,L,0,1,Arsenal Tula,59,8112.0,Igor Akinfeev,3-4-3,3-4-3,Nikolay Voloshin,Match Report,,19,7,,0,0,2019,CSKA Moscow,,
2019-12-07,16:30,Premier League,Matchweek 19,Sat,Away,D,1,1,Krasnodar,45,29567.0,Igor Akinfeev,3-1-4-2,4-3-3,Vasiliy Kazartsev,Match Report,,8,4,,0,0,2019,CSKA Moscow,,
2020-02-29,14:00,Premier League,Matchweek 20,Sat,Home,D,1,1,Ural,59,14008.0,Igor Akinfeev,3-5-2,4-1-4-1,Pavel Kukuyan,Match Report,,20,6,,0,0,2019,CSKA Moscow,,
2020-03-09,14:00,Premier League,Matchweek 21,Mon,Away,L,2,3,Rostov,38,40432.0,Igor Akinfeev,3-4-3,4-2-3-1,Vladislav Bezborodov,Match Report,,8,4,,0,1,2019,CSKA Moscow,,
2020-03-15,16:30,Premier League,Matchweek 22,Sun,Home,D,0,0,Ufa,71,3428.0,Igor Akinfeev,3-1-4-2,5-3-2,Nikolay Voloshin,Match Report,,19,7,,0,0,2019,CSKA Moscow,,
2020-06-20,19:00,Premier League,Matchweek 23,Sat,Home,L,0,4,Zenit,54,2904.0,Igor Akinfeev,3-4-3,4-2-2-2,Sergey Ivanov,Match Report,,25,4,,0,0,2019,CSKA Moscow,,
2020-06-27,19:00,Premier League,Matchweek 24,Sat,Away,D,0,0,Dynamo Mosc,47,2432.0,Igor Akinfeev,3-4-3,4-2-3-1,Kirill Levnikov,Match Report,,9,3,,0,0,2019,CSKA Moscow,,
2020-06-30,20:30,Premier League,Matchweek 25,Tue,Home,W,2,0,Spartak Moscow,50,,Igor Akinfeev,3-4-3,3-1-4-2,Aleksey Eskov,Match Report,,16,6,,0,0,2019,CSKA Moscow,,
2020-07-04,20:30,Premier League,Matchweek 26,Sat,Away,W,4,0,Akhmat Grozny,48,1473.0,Igor Akinfeev,3-4-1-2,5-4-1,Pavel Kukuyan,Match Report,,12,6,,0,0,2019,CSKA Moscow,,
2020-07-08,20:00 (18:00),Premier League,Matchweek 27,Wed,Away,W,4,0,Orenburg,55,,Igor Akinfeev,3-4-3,5-4-1,Aleksey Sukhoy,Match Report,,19,10,,0,0,2019,CSKA Moscow,,
2020-07-12,18:30,Premier League,Matchweek 28,Sun,Home,D,1,1,Rubin Kazan,49,,Igor Akinfeev,3-4-3,4-2-3-1,Aleksey Matyunin,Match Report,,19,5,,0,0,2019,CSKA Moscow,,
2020-07-16,20:30,Premier League,Matchweek 29,Thu,Away,L,1,2,Loko Moscow,53,,Igor Akinfeev,3-4-3,4-2-3-1,Evgeny Turbin,Match Report,,16,2,,0,0,2019,CSKA Moscow,,
2020-07-22,19:00,Premier League,Matchweek 30,Wed,Home,W,2,0,Tambov,54,2899.0,Igor Akinfeev,3-4-3,3-4-3,Kirill Levnikov,Match Report,,17,4,,0,0,2019,CSKA Moscow,,
2019-07-13,21:30,Premier League,Matchweek 1,Sat,Home,W,2,1,Orenburg,55,14584.0,Ragnar Sigurðsson,4-2-3-1,3-4-3,Vladislav Bezborodov,Match Report,,12,4,,0,0,2019,Rostov,,
2019-07-20,21:30,Premier League,Matchweek 2,Sat,Home,D,2,2,Spartak Moscow,48,35865.0,Ragnar Sigurðsson,4-2-3-1,4-2-3-1,Kirill Levnikov,Match Report,,18,7,,0,0,2019,Rostov,,
2019-07-28,16:30,Premier League,Matchweek 3,Sun,Away,W,3,2,Arsenal Tula,50,9654.0,Ragnar Sigurðsson,4-2-3-1,4-2-3-1,Aleksey Matyunin,Match Report,,15,8,,0,0,2019,Rostov,,
2019-08-03,16:00 (14:00),Premier League,Matchweek 4,Sat,Away,D,2,2,Ural,60,35061.0,Ragnar Sigurðsson,4-2-3-1,4-2-3-1,Stanislav Vasilyev,Match Report,,21,7,,0,0,2019,Rostov,,
2019-08-12,20:00,Premier League,Matchweek 5,Mon,Home,W,1,0,Samara,53,28674.0,Ragnar Sigurðsson,4-2-3-1,4-2-3-1,Vasiliy Kazartsev,Match Report,,16,4,,0,0,2019,Rostov,,
2019-08-18,16:30,Premier League,Matchweek 6,Sun,Away,L,0,2,Ufa,55,8532.0,Ragnar Sigurðsson,4-2-3-1,5-4-1,Evgeny Turbin,Match Report,,15,3,,0,0,2019,Rostov,,
2019-08-25,19:00,Premier League,Matchweek 7,Sun,Home,W,2,1,Rubin Kazan,54,35031.0,Ragnar Sigurðsson,4-2-3-1,4-1-4-1,Vitaly Meshkov,Match Report,,31,10,,0,0,2019,Rostov,,
2019-08-31,16:30,Premier League,Matchweek 8,Sat,Away,W,2,1,Loko Moscow,43,19356.0,Ragnar Sigurðsson,4-2-3-1,4-2-3-1,Sergey Lapochkin,Match Report,,14,4,,0,0,2019,Rostov,,
2019-09-16,20:30,Premier League,Matchweek 9,Mon,Home,W,2,1,Akhmat Grozny,52,28772.0,Ragnar Sigurðsson,4-3-3,4-2-3-1,Nikolay Voloshin,Match Report,,21,9,,0,0,2019,Rostov,,
2019-09-21,19:00,Premier League,Matchweek 10,Sat,Away,L,1,2,Tambov,66,3258.0,Ragnar Sigurðsson,4-2-3-1,5-3-2,Vasiliy Kazartsev,Match Report,,20,5,,0,0,2019,Rostov,,
2019-09-28,16:30,Premier League,Matchweek 11,Sat,Home,W,3,0,Dynamo Mosc,49,29990.0,Ragnar Sigurðsson,4-2-3-1,4-4-1-1,Evgeny Turbin,Match Report,,15,6,,0,0,2019,Rostov,,
2019-10-06,16:30,Premier League,Matchweek 12,Sun,Away,W,3,1,CSKA Moscow,28,18456.0,Ivelin Popov,4-2-3-1,3-1-4-2,Vasiliy Kazartsev,Match Report,,11,7,,0,0,2019,Rostov,,
2019-10-19,19:00,Premier League,Matchweek 13,Sat,Away,L,1,6,Zenit,41,58639.0,Ivelin Popov,4-2-3-1,4-4-2,Sergey Karasev,Match Report,,11,4,,1,1,2019,Rostov,,
2019-10-26,19:00,Premier League,Matchweek 14,Sat,Home,W,2,0,Sochi,57,33716.0,Ivelin Popov,4-3-3,4-1-4-1,Evgeny Turbin,Match Report,,22,9,,0,0,2019,Rostov,,
2019-11-03,16:30,Premier League,Matchweek 15,Sun,Away,D,2,2,Krasnodar,34,34265.0,Ivelin Popov,4-3-3,4-3-3,Aleksey Eskov,Match Report,,5,3,,0,0,2019,Rostov,,
2019-11-09,16:30,Premier League,Matchweek 16,Sat,Home,L,1,2,Tambov,54,25589.0,Ragnar Sigurðsson,4-3-3,5-4-1,Sergey Karasev,Match Report,,18,4,,0,0,2019,Rostov,,
2019-11-23,16:30,Premier League,Matchweek 17,Sat,Away,L,1,2,Dynamo Mosc,47,11569.0,Ivelin Popov,4-3-3,4-4-1-1,Vasiliy Kazartsev,Match Report,,14,5,,0,1,2019,Rostov,,
2019-11-30,16:30,Premier League,Matchweek 18,Sat,Home,D,0,0,Ural,60,11309.0,Ivelin Popov,4-3-3,4-2-3-1,Aleksey Sukhoy,Match Report,,14,1,,0,0,2019,Rostov,,
2019-12-08,19:00,Premier League,Matchweek 19,Sun,Away,W,4,1,Spartak Moscow,39,22132.0,Ivelin Popov,4-2-3-1,4-2-3-1,Evgeny Turbin,Match Report,,15,6,,0,1,2019,Rostov,,
2020-02-29,19:00,Premier League,Matchweek 20,Sat,Away,D,1,1,Akhmat Grozny,59,12681.0,Ivelin Popov,4-2-3-1,4-2-3-1,Sergey Lapochkin,Match Report,,14,5,,0,0,2019,Rostov,,
2020-03-09,14:00,Premier League,Matchweek 21,Mon,Home,W,3,2,CSKA Moscow,63,40432.0,Ivelin Popov,4-2-3-1,3-4-3,Vladislav Bezborodov,Match Report,,28,11,,1,2,2019,Rostov,,
2020-03-15,19:00,Premier League,Matchweek 22,Sun,Home,L,1,3,Loko Moscow,54,30127.0,Ivelin Popov,4-2-3-1,4-2-3-1,Mikhail Vilkov,Match Report,,19,8,,1,1,2019,Rostov,,
2020-06-19,21:00 (20:00),Premier League,Matchweek 23,Fri,Away,L,1,10,Sochi,39,2807.0,Nikita Kupriyanov,4-3-3,3-4-3,Aleksey Sukhoy,Match Report,,2,1,,0,0,2019,Rostov,,
2020-06-27,20:00,Premier League,Matchweek 24,Sat,Home,W,2,1,Arsenal Tula,43,4505.0,Aleksei Ionov,4-2-3-1,4-2-3-1,Vladimir Moskalev,Match Report,,10,4,,0,0,2019,Rostov,,
2020-07-01,20:00,Premier League,Matchweek 25,Wed,Home,D,1,1,Krasnodar,43,,Aleksei Ionov,4-3-3,4-2-3-1,Vitaly Meshkov,Match Report,,8,3,,1,1,2019,Rostov,,
2020-07-04,19:30 (18:30),Premier League,Matchweek 26,Sat,Away,D,0,0,Samara,61,,Ivelin Popov,4-3-3,4-2-3-1,Nikolay Voloshin,Match Report,,14,2,,0,0,2019,Rostov,,
2020-07-08,20:30,Premier League,Matchweek 27,Wed,Home,L,1,2,Ufa,58,4541.0,Ivelin Popov,4-3-3,5-3-2,Aleksey Eskov,Match Report,,17,5,,0,0,2019,Rostov,,
2020-07-12,20:30 (18:30),Premier League,Matchweek 28,Sun,Away,D,0,0,Orenburg,69,,Aleksei Ionov,4-5-1,5-4-1,Igor Panin,Match Report,,14,3,,0,0,2019,Rostov,,
2020-07-16,18:00,Premier League,Matchweek 29,Thu,Away,D,0,0,Rubin Kazan,55,4202.0,Ivelin Popov,4-2-3-1,4-2-3-1,Vasiliy Kazartsev,Match Report,,11,3,,0,0,2019,Rostov,,
2020-07-22,19:00,Premier League,Matchweek 30,Wed,Home,L,1,2,Zenit,34,4541.0,Aleksei Kozlov,4-5-1,3-4-3,Sergey Karasev,Match Report,,13,2,,0,0,2019,Rostov,,
2019-07-12,20:00,Premier League,Matchweek 1,Fri,Away,D,1,1,Arsenal Tula,47.0,14742.0,Anton Shunin,4-2-3-1,4-3-3,Sergey Lapochkin,Match Report,,15,6,,0,0,2019,Dynamo Moscow,,
2019-07-21,19:00,Premier League,Matchweek 2,Sun,Home,L,0,1,Rubin Kazan,53.0,17315.0,Anton Shunin,4-2-3-1,4-1-4-1,Vitaly Meshkov,Match Report,,25,6,,0,0,2019,Dynamo Moscow,,
2019-07-26,20:00,Premier League,Matchweek 3,Fri,Home,W,2,0,Ural,48.0,12349.0,Anton Shunin,4-2-3-1,4-2-3-1,Pavel Kukuyan,Match Report,,18,7,,0,0,2019,Dynamo Moscow,,
2019-08-03,19:00,Premier League,Matchweek 4,Sat,Away,D,0,0,Spartak Moscow,67.0,34389.0,Anton Shunin,4-2-3-1,4-2-3-1,Vladislav Bezborodov,Match Report,,25,5,,0,0,2019,Dynamo Moscow,,
2019-08-10,19:00,Premier League,Matchweek 5,Sat,Home,L,0,2,Zenit,49.0,19095.0,Anton Shunin,4-2-3-1,4-4-2,Evgeny Turbin,Match Report,,14,4,,0,0,2019,Dynamo Moscow,,
2019-08-18,19:00,Premier League,Matchweek 6,Sun,Home,L,1,2,Loko Moscow,49.0,17837.0,Vladimir Rykov,4-4-2,4-2-3-1,Vasiliy Kazartsev,Match Report,,12,6,,0,0,2019,Dynamo Moscow,,
2019-08-24,14:00,Premier League,Matchweek 7,Sat,Away,W,2,0,Tambov,47.0,4816.0,Toni Šunjić,4-4-2,3-4-3,Igor Panin,Match Report,,14,4,,0,0,2019,Dynamo Moscow,,
2019-08-30,20:00,Premier League,Matchweek 8,Fri,Away,D,0,0,Samara,50.0,14728.0,Toni Šunjić,4-1-4-1,4-2-3-1,Vladislav Bezborodov,Match Report,,14,5,,0,0,2019,Dynamo Moscow,,
2019-09-16,20:00,Premier League,Matchweek 9,Mon,Home,D,0,0,Ufa,71.0,9538.0,Vladimir Rykov,4-2-3-1,5-4-1,Vitaly Meshkov,Match Report,,23,7,,0,0,2019,Dynamo Moscow,,
2019-09-22,14:00,Premier League,Matchweek 10,Sun,Home,L,2,3,Sochi,61.0,10119.0,Toni Šunjić,4-4-2,4-3-3,Sergey Lapochkin,Match Report,,16,6,,0,0,2019,Dynamo Moscow,,
2019-09-28,16:30,Premier League,Matchweek 11,Sat,Away,L,0,3,Rostov,52.0,29990.0,Toni Šunjić,4-4-1-1,4-2-3-1,Evgeny Turbin,Match Report,,13,2,,0,0,2019,Dynamo Moscow,,
2019-10-05,14:00,Premier League,Matchweek 12,Sat,Away,L,0,2,Orenburg,49.0,4062.0,Anton Shunin,4-2-3-1,5-4-1,Pavel Kukuyan,Match Report,,12,4,,0,0,2019,Dynamo Moscow,,
2019-10-20,19:00,Premier League,Matchweek 13,Sun,Home,D,1,1,Krasnodar,34.0,15374.0,Anton Shunin,5-4-1,4-4-1-1,Mikhail Vilkov,Match Report,,16,2,,0,0,2019,Dynamo Moscow,,
2019-10-27,16:30,Premier League,Matchweek 14,Sun,Away,W,1,0,CSKA Moscow,46.0,20019.0,Anton Shunin,5-4-1,3-4-1-2,Sergey Karasev,Match Report,,8,4,,0,0,2019,Dynamo Moscow,,
2019-11-02,14:00,Premier League,Matchweek 15,Sat,Home,D,1,1,Akhmat Grozny,49.0,10092.0,Anton Shunin,3-4-3,4-2-3-1,Sergey Lapochkin,Match Report,,5,2,,0,1,2019,Dynamo Moscow,,
2019-11-09,14:00,Premier League,Matchweek 16,Sat,Away,W,1,0,Rubin Kazan,43.0,4757.0,Anton Shunin,4-4-1-1,4-1-4-1,Evgeny Turbin,Match Report,,11,6,,0,0,2019,Dynamo Moscow,,
2019-11-23,16:30,Premier League,Matchweek 17,Sat,Home,W,2,1,Rostov,53.0,11569.0,Anton Shunin,4-4-1-1,4-3-3,Vasiliy Kazartsev,Match Report,,12,3,,2,2,2019,Dynamo Moscow,,
2019-12-01,16:30,Premier League,Matchweek 18,Sun,Away,W,2,1,Loko Moscow,42.0,17739.0,Anton Shunin,4-2-3-1,4-3-2-1,Sergey Karasev,Match Report,,12,7,,1,1,2019,Dynamo Moscow,,
2019-12-06,19:30,Premier League,Matchweek 19,Fri,Away,L,0,3,Zenit,38.0,48367.0,Anton Shunin,4-2-3-1,4-4-2,Nikolay Voloshin,Match Report,,10,2,,0,0,2019,Dynamo Moscow,,
2020-02-29,16:30,Premier League,Matchweek 20,Sat,Home,L,0,2,Spartak Moscow,52.0,24946.0,Anton Shunin,3-4-3,3-4-1-2,Sergey Karasev,Match Report,,9,1,,0,0,2019,Dynamo Moscow,,
2020-03-07,16:30,Premier League,Matchweek 21,Sat,Home,W,1,0,Tambov,60.0,10143.0,Anton Shunin,4-2-3-1,5-4-1,Vasiliy Kazartsev,Match Report,,10,3,,0,0,2019,Dynamo Moscow,,
2020-03-13,19:30,Premier League,Matchweek 22,Fri,Away,W,3,2,Akhmat Grozny,45.0,13232.0,Anton Shunin,4-2-3-1,4-2-3-1,Vitaly Meshkov,Match Report,,12,5,,1,1,2019,Dynamo Moscow,,
2020-06-27,19:00,Premier League,Matchweek 24,Sat,Home,D,0,0,CSKA Moscow,53.0,2432.0,Anton Shunin,4-2-3-1,3-4-3,Kirill Levnikov,Match Report,,11,1,,0,0,2019,Dynamo Moscow,,
2020-07-01,21:00 (20:00),Premier League,Matchweek 25,Wed,Away,D,1,1,Sochi,50.0,3701.0,Anton Shunin,4-2-3-1,3-4-3,Igor Panin,Match Report,,17,6,,1,1,2019,Dynamo Moscow,,
2020-07-04,16:30,Premier League,Matchweek 26,Sat,Home,L,0,1,Arsenal Tula,70.0,2254.0,Anton Shunin,4-2-3-1,4-2-3-1,Vladislav Bezborodov,Match Report,,24,9,,0,0,2019,Dynamo Moscow,,
2020-07-09,19:00 (17:00),Premier League,Matchweek 27,Thu,Away,L,1,2,Ural,52.0,,Anton Shunin,4-2-3-1,4-2-3-1,Vladimir Moskalev,Match Report,,14,4,,0,0,2019,Dynamo Moscow,,
2020-07-12,18:30,Premier League,Matchweek 28,Sun,Home,W,2,0,Samara,,,Anton Shunin,4-2-3-1,4-2-3-1,Sergey Karasev,Match Report,,2,2,,2,2,2019,Dynamo Moscow,,
2020-07-16,20:00 (18:00),Premier League,Matchweek 29,Thu,Away,W,1,0,Ufa,53.0,1497.0,Anton Shunin,4-2-3-1,5-3-2,Pavel Kukuyan,Match Report,,14,4,,1,1,2019,Dynamo Moscow,,
2020-07-19,20:30,Premier League,Matchweek 23,Sun,Away,W,2,0,Krasnodar,35.0,3518.0,Vladimir Rykov,5-3-2,4-2-3-1,Mikhail Vilkov,Match Report,,14,7,,0,0,2019,Dynamo Moscow,,
2020-07-22,19:00,Premier League,Matchweek 30,Wed,Home,L,0,1,Orenburg,58.0,2445.0,Anton Shunin,4-1-4-1,5-4-1,Sergey Lapochkin,Match Report,,27,4,,0,0,2019,Dynamo Moscow,,
2019-07-13,19:00,Premier League,Matchweek 1,Sat,Home,W,1,0,Sochi,61.0,29892.0,Georgi Dzhikiya,4-2-3-1,4-1-4-1,Vladimir Moskalev,Match Report,,13.0,5.0,,0,0,2019,Spartak Moscow,,
2019-07-20,21:30,Premier League,Matchweek 2,Sat,Away,D,2,2,Rostov,52.0,35865.0,Georgi Dzhikiya,4-2-3-1,4-2-3-1,Kirill Levnikov,Match Report,,15.0,5.0,,1,1,2019,Spartak Moscow,,
2019-07-27,16:30,Premier League,Matchweek 3,Sat,Away,L,0,2,Tambov,66.0,23238.0,Georgi Dzhikiya,4-2-3-1,4-1-4-1,Mikhail Vilkov,Match Report,,23.0,4.0,,0,0,2019,Spartak Moscow,,
2019-08-03,19:00,Premier League,Matchweek 4,Sat,Home,D,0,0,Dynamo Mosc,33.0,34389.0,Georgi Dzhikiya,4-2-3-1,4-2-3-1,Vladislav Bezborodov,Match Report,,12.0,3.0,,0,0,2019,Spartak Moscow,,
2019-08-11,21:30,Premier League,Matchweek 5,Sun,Away,W,3,1,Akhmat Grozny,55.0,17832.0,Georgi Dzhikiya,4-2-3-1,5-4-1,Aleksey Sukhoy,Match Report,,12.0,7.0,,0,0,2019,Spartak Moscow,,
2019-08-19,20:00,Premier League,Matchweek 6,Mon,Home,W,2,1,CSKA Moscow,46.0,44434.0,Georgi Dzhikiya,4-2-3-1,3-4-3,Sergey Karasev,Match Report,,21.0,8.0,,0,0,2019,Spartak Moscow,,
2019-08-25,20:00 (19:00),Premier League,Matchweek 7,Sun,Away,W,2,1,Samara,64.0,32286.0,Georgi Dzhikiya,4-2-3-1,4-2-3-1,Sergey Lapochkin,Match Report,,28.0,9.0,,0,0,2019,Spartak Moscow,,
2019-09-01,19:00,Premier League,Matchweek 8,Sun,Home,L,0,1,Zenit,58.0,43382.0,Georgi Dzhikiya,4-2-3-1,4-4-2,Vitaly Meshkov,Match Report,,20.0,3.0,,0,0,2019,Spartak Moscow,,
2019-09-14,16:30,Premier League,Matchweek 9,Sat,Home,L,1,2,Ural,63.0,24198.0,Georgi Dzhikiya,4-2-3-1,4-4-2,Sergey Ivanov,Match Report,,11.0,3.0,,0,0,2019,Spartak Moscow,,
2019-09-20,19:30 (17:30),Premier League,Matchweek 10,Fri,Away,L,0,1,Ufa,67.0,10809.0,Roman Zobnin,4-2-3-1,5-3-2,Aleksey Sukhoy,Match Report,,15.0,5.0,,0,0,2019,Spartak Moscow,,
2019-09-29,16:30,Premier League,Matchweek 11,Sun,Home,L,1,2,Orenburg,64.0,20817.0,Roman Zobnin,4-2-3-1,4-2-3-1,Stanislav Vasilyev,Match Report,,24.0,8.0,,0,0,2019,Spartak Moscow,,
2019-10-06,19:00,Premier League,Matchweek 12,Sun,Away,L,1,2,Krasnodar,52.0,32238.0,Georgi Dzhikiya,4-2-3-1,4-4-2,Vitaly Meshkov,Match Report,,10.0,3.0,,0,0,2019,Spartak Moscow,,
2019-10-19,16:30,Premier League,Matchweek 13,Sat,Home,D,0,0,Rubin Kazan,45.0,26844.0,Samuel Gigot,4-3-3,4-1-4-1,Sergey Lapochkin,Match Report,,23.0,7.0,,0,0,2019,Spartak Moscow,,
2019-10-27,16:30,Premier League,Matchweek 14,Sun,Away,W,3,0,Loko Moscow,42.0,22863.0,Georgi Dzhikiya,4-3-3,5-3-2,Aleksey Eskov,Match Report,,12.0,4.0,,0,0,2019,Spartak Moscow,,
2019-11-04,19:00,Premier League,Matchweek 15,Mon,Home,L,0,1,Arsenal Tula,66.0,19310.0,Georgi Dzhikiya,4-2-3-1,5-4-1,Aleksey Sukhoy,Match Report,,18.0,4.0,,0,0,2019,Spartak Moscow,,
2019-11-09,19:00,Premier League,Matchweek 16,Sat,Home,W,2,0,Samara,50.0,18719.0,Georgi Dzhikiya,5-3-2,5-4-1,Vitaly Meshkov,Match Report,,18.0,5.0,,1,1,2019,Spartak Moscow,,
2019-11-24,16:00 (14:00),Premier League,Matchweek 17,Sun,Away,D,0,0,Ural,58.0,14637.0,Georgi Dzhikiya,3-4-1-2,4-2-3-1,Nikolay Voloshin,Match Report,,21.0,6.0,,0,0,2019,Spartak Moscow,,
2019-12-01,19:00,Premier League,Matchweek 18,Sun,Away,L,0,1,Zenit,53.0,55119.0,Georgi Dzhikiya,3-4-1-2,4-4-2,Vitaly Meshkov,Match Report,,15.0,3.0,,0,0,2019,Spartak Moscow,,
2019-12-08,19:00,Premier League,Matchweek 19,Sun,Home,L,1,4,Rostov,61.0,22132.0,Georgi Dzhikiya,4-2-3-1,4-2-3-1,Evgeny Turbin,Match Report,,24.0,8.0,,0,0,2019,Spartak Moscow,,
2020-02-29,16:30,Premier League,Matchweek 20,Sat,Away,W,2,0,Dynamo Mosc,49.0,24946.0,Georgi Dzhikiya,3-4-1-2,3-4-3,Sergey Karasev,Match Report,,11.0,4.0,,0,0,2019,Spartak Moscow,,
2020-03-09,16:30,Premier League,Matchweek 21,Mon,Home,L,0,1,Krasnodar,35.0,28245.0,Georgi Dzhikiya,3-5-2,4-2-3-1,Sergey Lapochkin,Match Report,,14.0,4.0,,0,0,2019,Spartak Moscow,,
2020-03-14,16:00 (14:00),Premier League,Matchweek 22,Sat,Away,W,3,1,Orenburg,49.0,4935.0,Georgi Dzhikiya,3-1-4-2,4-1-4-1,Vasiliy Kazartsev,Match Report,,12.0,7.0,,0,0,2019,Spartak Moscow,,
2020-06-20,16:30,Premier League,Matchweek 23,Sat,Away,W,3,2,Arsenal Tula,43.0,1896.0,Georgi Dzhikiya,3-1-4-2,3-4-3,Evgeny Turbin,Match Report,,15.0,6.0,,0,0,2019,Spartak Moscow,,
2020-06-27,16:30,Premier League,Matchweek 24,Sat,Home,D,0,0,Ufa,57.0,4179.0,Roman Zobnin,3-1-4-2,5-3-2,Vladislav Bezborodov,Match Report,,13.0,2.0,,0,0,2019,Spartak Moscow,,
2020-06-30,20:30,Premier League,Matchweek 25,Tue,Away,L,0,2,CSKA Moscow,50.0,,Georgi Dzhikiya,3-1-4-2,3-4-3,Aleksey Eskov,Match Report,,13.0,2.0,,0,0,2019,Spartak Moscow,,
2020-07-04,18:30,Premier League,Matchweek 26,Sat,Home,L,2,3,Tambov,55.0,4163.0,Georgi Dzhikiya,3-1-4-2,3-4-3,Vladimir Moskalev,Match Report,,17.0,8.0,,1,1,2019,Spartak Moscow,,
2020-07-08,20:30,Premier League,Matchweek 27,Wed,Home,D,1,1,Loko Moscow,44.0,3754.0,Georgi Dzhikiya,3-1-4-2,4-2-3-1,Sergey Lapochkin,Match Report,,11.0,5.0,,0,0,2019,Spartak Moscow,,
2020-07-11,21:30 (20:30),Premier League,Matchweek 28,Sat,Away,L,0,1,Sochi,68.0,,Georgi Dzhikiya,3-1-4-2,3-4-3,Sergey Ivanov,Match Report,,15.0,3.0,,0,0,2019,Spartak Moscow,,
2020-07-15,18:00,Premier League,Matchweek 29,Wed,Home,W,3,0,Akhmat Grozny,52.0,3100.0,Georgi Dzhikiya,3-1-4-2,4-2-3-1,Aleksey Sukhoy,Match Report,,16.0,4.0,,0,0,2019,Spartak Moscow,,
2020-07-22,19:00,Premier League,Matchweek 30,Wed,Away,W,2,1,Rubin Kazan,51.0,4226.0,Georgi Dzhikiya,3-1-4-2,4-2-3-1,Pavel Kukuyan,Match Report,,9.0,3.0,,2,2,2019,Spartak Moscow,,
2019-07-12,20:00,Premier League,Matchweek 1,Fri,Home,D,1,1,Dynamo Mosc,53.0,14742.0,Kirill Kombarov,4-3-3,4-2-3-1,Sergey Lapochkin,Match Report,,18.0,2.0,,0,0,2019,Arsenal Tula,,
2019-07-20,17:30 (16:30),Premier League,Matchweek 2,Sat,Away,W,3,2,Samara,54.0,15780.0,Kirill Kombarov,4-2-3-1,4-2-3-1,Pavel Kukuyan,Match Report,,19.0,7.0,,0,0,2019,Arsenal Tula,,
2019-07-28,16:30,Premier League,Matchweek 3,Sun,Home,L,2,3,Rostov,50.0,9654.0,Anri Khagush,4-2-3-1,4-2-3-1,Aleksey Matyunin,Match Report,,18.0,6.0,,0,0,2019,Arsenal Tula,,
2019-08-04,16:30,Premier League,Matchweek 4,Sun,Away,W,1,0,Tambov,51.0,4332.0,Kirill Kombarov,4-2-3-1,4-2-3-1,Sergey Ivanov,Match Report,,7.0,2.0,,0,0,2019,Arsenal Tula,,
2019-08-11,14:00,Premier League,Matchweek 5,Sun,Home,W,1,0,Ufa,55.0,11340.0,Kirill Kombarov,4-2-3-1,5-3-2,Mikhail Vilkov,Match Report,,18.0,4.0,,0,0,2019,Arsenal Tula,,
2019-08-18,14:00,Premier League,Matchweek 6,Sun,Away,L,0,1,Rubin Kazan,44.0,10022.0,Kirill Kombarov,4-3-3,4-1-4-1,Vladislav Bezborodov,Match Report,,12.0,3.0,,0,0,2019,Arsenal Tula,,
2019-08-25,21:30,Premier League,Matchweek 7,Sun,Home,W,2,1,Orenburg,55.0,8347.0,Kirill Kombarov,4-3-3,4-3-3,Aleksey Sukhoy,Match Report,,12.0,6.0,,0,0,2019,Arsenal Tula,,
2019-09-01,20:30 (16:30),Premier League,Matchweek 8,Sun,Home,L,1,2,CSKA Moscow,50.0,18758.0,Kirill Kombarov,4-3-3,3-1-4-2,Evgeny Turbin,Match Report,,13.0,4.0,,0,0,2019,Arsenal Tula,,
2019-09-13,20:00,Premier League,Matchweek 9,Fri,Away,L,1,3,Zenit,37.0,42431.0,Kantemir Berkhamov,4-3-3,4-4-2,Pavel Kukuyan,Match Report,,10.0,4.0,,0,0,2019,Arsenal Tula,,
2019-09-22,16:30,Premier League,Matchweek 10,Sun,Home,D,1,1,Ural,54.0,7256.0,Kirill Kombarov,4-3-3,4-4-2,Vitaly Meshkov,Match Report,,19.0,5.0,,0,0,2019,Arsenal Tula,,
2019-09-29,19:00,Premier League,Matchweek 11,Sun,Away,L,0,2,Krasnodar,43.0,23516.0,Gia Grigalava,4-3-3,4-1-3-2,Vasiliy Kazartsev,Match Report,,19.0,4.0,,0,0,2019,Arsenal Tula,,
2019-10-06,14:00,Premier League,Matchweek 12,Sun,Away,L,1,2,Loko Moscow,51.0,11204.0,Gia Grigalava,4-3-3,4-4-2,Sergey Lapochkin,Match Report,,7.0,2.0,,0,0,2019,Arsenal Tula,,
2019-10-20,16:30,Premier League,Matchweek 13,Sun,Home,D,1,1,Sochi,64.0,11475.0,Kirill Kombarov,4-3-3,4-1-4-1,Vitaly Meshkov,Match Report,,23.0,7.0,,1,1,2019,Arsenal Tula,,
2019-10-26,16:30,Premier League,Matchweek 14,Sat,Away,D,1,1,Akhmat Grozny,57.0,11265.0,Kirill Kombarov,4-1-4-1,4-2-3-1,Nikolay Voloshin,Match Report,,14.0,2.0,,0,0,2019,Arsenal Tula,,
2019-11-04,19:00,Premier League,Matchweek 15,Mon,Away,W,1,0,Spartak Moscow,34.0,19310.0,Kirill Kombarov,5-4-1,4-2-3-1,Aleksey Sukhoy,Match Report,,5.0,2.0,,0,0,2019,Arsenal Tula,,
2019-11-10,18:00 (14:00),Premier League,Matchweek 16,Sun,Home,L,0,1,Zenit,52.0,16095.0,Gia Grigalava,4-3-3,4-4-2,Aleksey Eskov,Match Report,,14.0,4.0,,0,0,2019,Arsenal Tula,,
2019-11-24,20:30 (16:30),Premier League,Matchweek 17,Sun,Home,L,1,2,Krasnodar,51.0,7815.0,Gia Grigalava,3-4-3,4-4-2,Stanislav Vasilyev,Match Report,,18.0,5.0,,0,0,2019,Arsenal Tula,,
2019-12-02,19:30,Premier League,Matchweek 18,Mon,Away,W,1,0,CSKA Moscow,41.0,8112.0,Kirill Kombarov,3-4-3,3-4-3,Nikolay Voloshin,Match Report,,10.0,3.0,,0,0,2019,Arsenal Tula,,
2019-12-06,23:30 (19:30),Premier League,Matchweek 19,Fri,Home,W,4,0,Loko Moscow,44.0,10284.0,Kirill Kombarov,5-4-1,3-4-3,Sergey Ivanov,Match Report,,13.0,8.0,,0,0,2019,Arsenal Tula,,
2020-03-01,19:00,Premier League,Matchweek 20,Sun,Away,W,2,1,Sochi,50.0,5720.0,Kirill Kombarov,3-4-3,3-4-3,Vladislav Bezborodov,Match Report,,5.0,2.0,,0,0,2019,Arsenal Tula,,
2020-03-07,16:00 (14:00),Premier League,Matchweek 21,Sat,Away,L,0,2,Orenburg,61.0,2457.0,Kirill Kombarov,3-4-3,5-4-1,Pavel Kukuyan,Match Report,,12.0,2.0,,0,0,2019,Arsenal Tula,,
2020-03-14,23:00 (19:00),Premier League,Matchweek 22,Sat,Home,L,0,1,Rubin Kazan,56.0,8831.0,Gia Grigalava,3-4-3,4-2-3-1,Sergey Lapochkin,Match Report,,15.0,6.0,,0,0,2019,Arsenal Tula,,
2020-06-20,16:30,Premier League,Matchweek 23,Sat,Home,L,2,3,Spartak Moscow,57.0,1896.0,Igor Gorbatenko,3-4-3,3-1-4-2,Evgeny Turbin,Match Report,,22.0,6.0,,0,1,2019,Arsenal Tula,,
2020-06-27,20:00,Premier League,Matchweek 24,Sat,Away,L,1,2,Rostov,57.0,4505.0,Anri Khagush,4-2-3-1,4-2-3-1,Vladimir Moskalev,Match Report,,15.0,3.0,,0,0,2019,Arsenal Tula,,
2020-07-01,17:30,Premier League,Matchweek 25,Wed,Home,L,1,3,Akhmat Grozny,,,Anri Khagush,4-2-3-1,4-3-3,Vasiliy Kazartsev,Match Report,,0.0,0.0,,0,0,2019,Arsenal Tula,,
2020-07-04,16:30,Premier League,Matchweek 26,Sat,Away,W,1,0,Dynamo Mosc,30.0,2254.0,Kirill Kombarov,4-2-3-1,4-2-3-1,Vladislav Bezborodov,Match Report,,5.0,1.0,,0,0,2019,Arsenal Tula,,
2020-07-07,20:30,Premier League,Matchweek 27,Tue,Home,L,2,4,Samara,43.0,,Yevgeni Lutsenko,4-2-3-1,4-5-1,Mikhail Vilkov,Match Report,,11.0,3.0,,0,0,2019,Arsenal Tula,,
2020-07-11,16:00,Premier League,Matchweek 28,Sat,Home,W,2,1,Tambov,40.0,,Yevgeni Lutsenko,4-2-3-1,3-4-3,Pavel Kukuyan,Match Report,,8.0,2.0,,1,1,2019,Arsenal Tula,,
2020-07-15,18:00 (16:00),Premier League,Matchweek 29,Wed,Away,W,3,1,Ural,38.0,3372.0,Anri Khagush,4-2-3-1,4-2-3-1,Nikolay Voloshin,Match Report,,12.0,5.0,,0,0,2019,Arsenal Tula,,
2020-07-22,21:00 (19:00),Premier League,Matchweek 30,Wed,Away,D,0,0,Ufa,51.0,1127.0,Yevgeni Lutsenko,5-4-1,4-4-2,Aleksey Matyunin,Match Report,,16.0,4.0,,0,0,2019,Arsenal Tula,,
2019-07-13,18:30 (16:30),Premier League,Matchweek 1,Sat,Away,L,2,3,Ural,52.0,14614.0,Pavel Alikin,3-4-3,4-2-3-1,Sergey Karasev,Match Report,,15,4,,1,1,2019,Ufa,,
2019-07-20,16:00 (14:00),Premier League,Matchweek 2,Sat,Home,L,2,3,Krasnodar,26.0,6725.0,Bojan Jokić,3-4-3,4-3-3,Aleksey Eskov,Match Report,,14,4,,0,0,2019,Ufa,,
2019-07-27,16:00 (14:00),Premier League,Matchweek 3,Sat,Home,W,2,1,Samara,33.0,6543.0,Pavel Alikin,3-4-3,4-2-3-1,Vasiliy Kazartsev,Match Report,,8,4,,0,0,2019,Ufa,,
2019-08-04,21:30,Premier League,Matchweek 4,Sun,Away,D,0,0,Sochi,41.0,11100.0,Aleksandr Belenov,3-4-3,5-3-2,Aleksey Sukhoy,Match Report,,7,3,,0,0,2019,Ufa,,
2019-08-11,14:00,Premier League,Matchweek 5,Sun,Away,L,0,1,Arsenal Tula,45.0,11340.0,Aleksandr Belenov,5-3-2,4-2-3-1,Mikhail Vilkov,Match Report,,9,1,,0,0,2019,Ufa,,
2019-08-18,16:30,Premier League,Matchweek 6,Sun,Home,W,2,0,Rostov,46.0,8532.0,Aleksandr Belenov,5-4-1,4-2-3-1,Evgeny Turbin,Match Report,,14,4,,0,0,2019,Ufa,,
2019-08-24,18:30 (16:30),Premier League,Matchweek 7,Sat,Home,W,1,0,Zenit,31.0,13368.0,Aleksandr Belenov,5-4-1,4-4-2,Sergey Ivanov,Match Report,,8,5,,0,0,2019,Ufa,,
2019-08-31,13:30 (11:30),Premier League,Matchweek 8,Sat,Home,L,1,2,Orenburg,60.0,6892.0,Aleksandr Belenov,5-4-1,4-4-2,Igor Panin,Match Report,,14,7,,0,0,2019,Ufa,,
2019-09-16,20:00,Premier League,Matchweek 9,Mon,Away,D,0,0,Dynamo Mosc,30.0,9538.0,Pavel Alikin,5-4-1,4-2-3-1,Vitaly Meshkov,Match Report,,10,4,,0,0,2019,Ufa,,
2019-09-20,19:30 (17:30),Premier League,Matchweek 10,Fri,Home,W,1,0,Spartak Moscow,33.0,10809.0,Aleksandr Belenov,5-3-2,4-2-3-1,Aleksey Sukhoy,Match Report,,13,0,,0,0,2019,Ufa,,
2019-09-29,14:00,Premier League,Matchweek 11,Sun,Away,D,0,0,Rubin Kazan,29.0,8314.0,Aleksandr Belenov,5-3-2,4-1-4-1,Aleksey Matyunin,Match Report,,4,1,,0,0,2019,Ufa,,
2019-10-05,13:30 (11:30),Premier League,Matchweek 12,Sat,Home,L,0,1,Akhmat Grozny,53.0,7538.0,Aleksandr Belenov,5-3-2,4-2-3-1,Vladislav Bezborodov,Match Report,,6,2,,0,0,2019,Ufa,,
2019-10-20,16:00 (14:00),Premier League,Matchweek 13,Sun,Home,D,1,1,CSKA Moscow,48.0,11282.0,Aleksandr Belenov,5-3-2,3-1-4-2,Nikolay Voloshin,Match Report,,19,5,,0,0,2019,Ufa,,
2019-10-26,14:00,Premier League,Matchweek 14,Sat,Away,L,0,3,Tambov,56.0,1451.0,Aleksandr Belenov,5-3-2,5-4-1,Sergey Lapochkin,Match Report,,10,0,,0,0,2019,Ufa,,
2019-11-02,16:00 (14:00),Premier League,Matchweek 15,Sat,Home,D,1,1,Loko Moscow,43.0,6157.0,Pavel Alikin,5-3-2,4-4-2,Evgeny Turbin,Match Report,,8,3,,1,1,2019,Ufa,,
2019-11-10,13:30 (11:30),Premier League,Matchweek 16,Sun,Away,D,0,0,Orenburg,39.0,2582.0,Bojan Jokić,5-3-2,3-5-2,Mikhail Vilkov,Match Report,,9,0,,0,0,2019,Ufa,,
2019-11-24,13:30 (11:30),Premier League,Matchweek 17,Sun,Home,D,1,1,Sochi,63.0,4198.0,Bojan Jokić,5-3-2,5-3-2,Aleksey Matyunin,Match Report,,16,3,,0,0,2019,Ufa,,
2019-11-30,14:00,Premier League,Matchweek 18,Sat,Away,W,1,0,Samara,43.0,5349.0,Bojan Jokić,5-3-2,4-2-3-1,Stanislav Vasilyev,Match Report,,15,7,,0,0,2019,Ufa,,
2019-12-07,19:00,Premier League,Matchweek 19,Sat,Away,W,1,0,Akhmat Grozny,32.0,13214.0,Bojan Jokić,5-3-2,4-2-3-1,Sergey Karasev,Match Report,,7,3,,0,0,2019,Ufa,,
2020-03-01,16:30,Premier League,Matchweek 20,Sun,Away,L,0,2,Krasnodar,31.0,31966.0,Bojan Jokić,5-3-2,4-3-3,Stanislav Vasilyev,Match Report,,7,1,,0,0,2019,Ufa,,
2020-03-09,19:00,Premier League,Matchweek 21,Mon,Away,D,0,0,Zenit,20.0,42191.0,Bojan Jokić,5-4-1,4-2-3-1,Aleksey Sukhoy,Match Report,,7,2,,0,0,2019,Ufa,,
2020-03-15,16:30,Premier League,Matchweek 22,Sun,Away,D,0,0,CSKA Moscow,29.0,3428.0,Aleksandr Belenov,5-3-2,3-1-4-2,Nikolay Voloshin,Match Report,,5,1,,0,0,2019,Ufa,,
2020-06-21,17:00 (15:00),Premier League,Matchweek 23,Sun,Home,W,2,1,Tambov,54.0,456.0,Bojan Jokić,3-4-1-2,3-4-3,Vitaly Meshkov,Match Report,,19,9,,1,1,2019,Ufa,,
2020-06-27,16:30,Premier League,Matchweek 24,Sat,Away,D,0,0,Spartak Moscow,43.0,4179.0,Bojan Jokić,5-3-2,3-1-4-2,Vladislav Bezborodov,Match Report,,6,4,,0,0,2019,Ufa,,
2020-07-01,17:00 (15:00),Premier League,Matchweek 25,Wed,Home,D,0,0,Rubin Kazan,,,,5-3-2,4-2-3-1,Evgeny Turbin,Match Report,,0,0,,0,0,2019,Ufa,,
2020-07-05,18:30 (16:30),Premier League,Matchweek 26,Sun,Home,D,1,1,Ural,53.0,1288.0,Bojan Jokić,5-3-2,4-2-3-1,Sergey Lapochkin,Match Report,,12,4,,0,0,2019,Ufa,,
2020-07-08,20:30,Premier League,Matchweek 27,Wed,Away,W,2,1,Rostov,43.0,4541.0,Pavel Alikin,5-3-2,4-3-3,Aleksey Eskov,Match Report,,14,6,,1,1,2019,Ufa,,
2020-07-12,16:30,Premier League,Matchweek 28,Sun,Away,D,1,1,Loko Moscow,25.0,,Pavel Alikin,5-3-2,4-2-3-1,Vladislav Bezborodov,Match Report,,11,6,,1,1,2019,Ufa,,
2020-07-16,20:00 (18:00),Premier League,Matchweek 29,Thu,Home,L,0,1,Dynamo Mosc,47.0,1497.0,Pavel Alikin,5-3-2,4-2-3-1,Pavel Kukuyan,Match Report,,6,1,,0,0,2019,Ufa,,
2020-07-22,21:00 (19:00),Premier League,Matchweek 30,Wed,Home,D,0,0,Arsenal Tula,49.0,1127.0,Aleksei Nikitin,4-4-2,5-4-1,Aleksey Matyunin,Match Report,,6,2,,0,0,2019,Ufa,,
2019-07-15,20:00,Premier League,Matchweek 1,Mon,Away,D,1,1,Loko Moscow,51.0,10732.0,Vyacheslav Podberyozkin,4-4-2,4-2-3-1,Mikhail Vilkov,Match Report,,15,5,,0,0,2019,Rubin Kazan,,
2019-07-21,19:00,Premier League,Matchweek 2,Sun,Away,W,1,0,Dynamo Mosc,47.0,17315.0,Vyacheslav Podberyozkin,4-1-4-1,4-2-3-1,Vitaly Meshkov,Match Report,,12,4,,0,0,2019,Rubin Kazan,,
2019-07-29,20:00,Premier League,Matchweek 3,Mon,Home,W,1,0,Akhmat Grozny,60.0,11342.0,Vyacheslav Podberyozkin,4-1-4-1,3-5-1-1,Sergey Ivanov,Match Report,,16,7,,0,0,2019,Rubin Kazan,,
2019-08-04,19:00,Premier League,Matchweek 4,Sun,Home,L,0,1,CSKA Moscow,47.0,20791.0,Vyacheslav Podberyozkin,4-1-4-1,3-4-3,Vasiliy Kazartsev,Match Report,,18,3,,0,0,2019,Rubin Kazan,,
2019-08-10,19:00,Premier League,Matchweek 5,Sat,Away,L,0,1,Krasnodar,55.0,25826.0,Vyacheslav Podberyozkin,4-1-4-1,4-3-3,Sergey Lapochkin,Match Report,,13,2,,0,0,2019,Rubin Kazan,,
2019-08-18,14:00,Premier League,Matchweek 6,Sun,Home,W,1,0,Arsenal Tula,56.0,10022.0,Yevgeni Bashkirov,4-1-4-1,4-3-3,Vladislav Bezborodov,Match Report,,9,2,,0,0,2019,Rubin Kazan,,
2019-08-25,19:00,Premier League,Matchweek 7,Sun,Away,L,1,2,Rostov,46.0,35031.0,Vyacheslav Podberyozkin,4-1-4-1,4-2-3-1,Vitaly Meshkov,Match Report,,6,2,,0,0,2019,Rubin Kazan,,
2019-08-31,14:00,Premier League,Matchweek 8,Sat,Home,L,0,3,Sochi,59.0,8845.0,Yevgeni Bashkirov,4-1-4-1,4-3-3,Nikolay Voloshin,Match Report,,20,2,,0,0,2019,Rubin Kazan,,
2019-09-15,16:00 (14:00),Premier League,Matchweek 9,Sun,Away,L,1,2,Orenburg,65.0,4767.0,Yevgeni Bashkirov,4-1-4-1,5-4-1,Sergey Lapochkin,Match Report,,14,3,,0,0,2019,Rubin Kazan,,
2019-09-21,19:00,Premier League,Matchweek 10,Sat,Away,L,0,5,Zenit,43.0,43598.0,Yevgeni Bashkirov,4-1-4-1,4-2-3-1,Sergey Karasev,Match Report,,5,1,,0,0,2019,Rubin Kazan,,
2019-09-29,14:00,Premier League,Matchweek 11,Sun,Home,D,0,0,Ufa,71.0,8314.0,Vyacheslav Podberyozkin,4-1-4-1,5-3-2,Aleksey Matyunin,Match Report,,7,3,,0,0,2019,Rubin Kazan,,
2019-10-05,16:30,Premier League,Matchweek 12,Sat,Home,W,2,1,Tambov,50.0,2585.0,Vyacheslav Podberyozkin,4-1-4-1,5-4-1,Aleksey Eskov,Match Report,,18,5,,0,0,2019,Rubin Kazan,,
2019-10-19,16:30,Premier League,Matchweek 13,Sat,Away,D,0,0,Spartak Moscow,56.0,26844.0,Vyacheslav Podberyozkin,4-1-4-1,4-3-3,Sergey Lapochkin,Match Report,,10,3,,0,0,2019,Rubin Kazan,,
2019-10-25,19:30,Premier League,Matchweek 14,Fri,Home,D,0,0,Ural,58.0,5086.0,Vyacheslav Podberyozkin,4-1-4-1,4-2-3-1,Vitaly Meshkov,Match Report,,17,6,,0,0,2019,Rubin Kazan,,
2019-11-04,16:30,Premier League,Matchweek 15,Mon,Away,D,0,0,Samara,53.0,10842.0,Vyacheslav Podberyozkin,4-1-4-1,4-2-3-1,Vladislav Bezborodov,Match Report,,12,4,,0,0,2019,Rubin Kazan,,
2019-11-09,14:00,Premier League,Matchweek 16,Sat,Home,L,0,1,Dynamo Mosc,57.0,4757.0,Vyacheslav Podberyozkin,4-1-4-1,4-4-1-1,Evgeny Turbin,Match Report,,9,3,,0,0,2019,Rubin Kazan,,
2019-11-23,14:00,Premier League,Matchweek 17,Sat,Home,L,1,2,Zenit,43.0,8351.0,Vyacheslav Podberyozkin,5-4-1,4-4-2,Sergey Ivanov,Match Report,,13,5,,0,0,2019,Rubin Kazan,,
2019-11-30,19:00,Premier League,Matchweek 18,Sat,Away,D,1,1,Akhmat Grozny,53.0,11564.0,Vyacheslav Podberyozkin,4-1-4-1,4-2-3-1,Igor Panin,Match Report,,14,4,,0,0,2019,Rubin Kazan,,
2019-12-08,16:30,Premier League,Matchweek 19,Sun,Away,D,1,1,Sochi,50.0,6104.0,Vyacheslav Podberyozkin,4-1-4-1,4-2-3-1,Sergey Lapochkin,Match Report,,17,4,,0,0,2019,Rubin Kazan,,
2020-03-01,14:00,Premier League,Matchweek 20,Sun,Away,D,0,0,Tambov,74.0,3858.0,Vyacheslav Podberyozkin,4-2-3-1,5-4-1,Aleksey Eskov,Match Report,,12,3,,0,0,2019,Rubin Kazan,,
2020-03-08,14:00,Premier League,Matchweek 21,Sun,Home,L,0,1,Samara,54.0,5766.0,Vyacheslav Podberyozkin,4-2-3-1,4-2-3-1,Vladimir Moskalev,Match Report,,9,2,,0,0,2019,Rubin Kazan,,
2020-03-14,23:00 (19:00),Premier League,Matchweek 22,Sat,Away,W,1,0,Arsenal Tula,44.0,8831.0,Vyacheslav Podberyozkin,4-2-3-1,3-4-3,Sergey Lapochkin,Match Report,,6,2,,0,0,2019,Rubin Kazan,,
2020-06-20,16:00 (14:00),Premier League,Matchweek 23,Sat,Away,W,2,1,Ural,45.0,3043.0,Vyacheslav Podberyozkin,4-2-3-1,4-4-1-1,Vasiliy Kazartsev,Match Report,,13,6,,0,0,2019,Rubin Kazan,,
2020-06-27,17:30,Premier League,Matchweek 24,Sat,Home,L,0,2,Loko Moscow,43.0,4189.0,Pavel Mogilevets,4-2-3-1,4-2-3-1,Nikolay Voloshin,Match Report,,11,2,,0,0,2019,Rubin Kazan,,
2020-07-01,17:00 (15:00),Premier League,Matchweek 25,Wed,Away,D,0,0,Ufa,,,,4-2-3-1,5-3-2,Evgeny Turbin,Match Report,,0,0,,0,0,2019,Rubin Kazan,,
2020-07-05,18:30,Premier League,Matchweek 26,Sun,Home,W,1,0,Orenburg,52.0,2604.0,Igor Konovalov,4-2-3-1,5-4-1,Kirill Levnikov,Match Report,,19,6,,0,0,2019,Rubin Kazan,,
2020-07-09,20:30,Premier League,Matchweek 27,Thu,Home,W,1,0,Krasnodar,33.0,,Filip Uremović,4-2-3-1,4-2-3-1,Stanislav Vasilyev,Match Report,,14,7,,0,0,2019,Rubin Kazan,,
2020-07-12,18:30,Premier League,Matchweek 28,Sun,Away,D,1,1,CSKA Moscow,51.0,,Filip Uremović,4-2-3-1,3-4-3,Aleksey Matyunin,Match Report,,13,6,,1,1,2019,Rubin Kazan,,
2020-07-16,18:00,Premier League,Matchweek 29,Thu,Home,D,0,0,Rostov,45.0,4202.0,Filip Uremović,4-2-3-1,4-2-3-1,Vasiliy Kazartsev,Match Report,,14,6,,0,0,2019,Rubin Kazan,,
2020-07-22,19:00,Premier League,Matchweek 30,Wed,Home,L,1,2,Spartak Moscow,49.0,4226.0,Filip Uremović,4-2-3-1,3-1-4-2,Pavel Kukuyan,Match Report,,9,3,,1,1,2019,Rubin Kazan,,
2019-07-13,18:30 (16:30),Premier League,Matchweek 1,Sat,Home,W,3,2,Ufa,48.0,14614.0,Denys Kulakov,4-2-3-1,3-4-3,Sergey Karasev,Match Report,,13,8,,0,0,2019,Ural Yekaterinburg,,
2019-07-21,16:00 (14:00),Premier League,Matchweek 2,Sun,Home,W,3,0,Akhmat Grozny,44.0,15611.0,Denys Kulakov,4-4-2,3-5-1-1,Aleksey Sukhoy,Match Report,,14,7,,0,0,2019,Ural Yekaterinburg,,
2019-07-26,20:00,Premier League,Matchweek 3,Fri,Away,L,0,2,Dynamo Mosc,52.0,12349.0,Denys Kulakov,4-2-3-1,4-2-3-1,Pavel Kukuyan,Match Report,,13,2,,0,0,2019,Ural Yekaterinburg,,
2019-08-03,16:00 (14:00),Premier League,Matchweek 4,Sat,Home,D,2,2,Rostov,40.0,35061.0,Artyom Fidler,4-2-3-1,4-2-3-1,Stanislav Vasilyev,Match Report,,14,5,,0,0,2019,Ural Yekaterinburg,,
2019-08-11,16:30,Premier League,Matchweek 5,Sun,Away,L,0,4,Loko Moscow,51.0,14181.0,Artyom Fidler,4-2-3-1,4-2-3-1,Nikolay Voloshin,Match Report,,15,3,,0,0,2019,Ural Yekaterinburg,,
2019-08-17,16:00 (14:00),Premier League,Matchweek 6,Sat,Home,L,1,3,Samara,56.0,22304.0,Denys Kulakov,4-2-3-1,4-2-3-1,Sergey Ivanov,Match Report,,13,6,,0,0,2019,Ural Yekaterinburg,,
2019-08-26,20:00 (18:00),Premier League,Matchweek 7,Mon,Home,W,3,1,Sochi,53.0,10171.0,Denys Kulakov,4-2-3-1,5-3-2,Sergey Karasev,Match Report,,24,7,,1,1,2019,Ural Yekaterinburg,,
2019-09-01,16:00 (14:00),Premier League,Matchweek 8,Sun,Home,L,2,4,Krasnodar,39.0,18388.0,Denys Kulakov,4-2-3-1,4-4-2,Aleksey Sukhoy,Match Report,,11,3,,0,0,2019,Ural Yekaterinburg,,
2019-09-14,16:30,Premier League,Matchweek 9,Sat,Away,W,2,1,Spartak Moscow,37.0,24198.0,Denys Kulakov,4-4-2,4-2-3-1,Sergey Ivanov,Match Report,,13,7,,0,0,2019,Ural Yekaterinburg,,
2019-09-22,16:30,Premier League,Matchweek 10,Sun,Away,D,1,1,Arsenal Tula,46.0,7256.0,Denys Kulakov,4-4-2,4-3-3,Vitaly Meshkov,Match Report,,10,4,,0,1,2019,Ural Yekaterinburg,,
2019-09-29,13:30 (11:30),Premier League,Matchweek 11,Sun,Home,L,0,3,CSKA Moscow,38.0,20130.0,Denys Kulakov,4-4-2,3-1-4-2,Pavel Kukuyan,Match Report,,11,4,,0,0,2019,Ural Yekaterinburg,,
2019-10-06,13:30 (11:30),Premier League,Matchweek 12,Sun,Home,L,1,3,Zenit,42.0,22432.0,Denys Kulakov,4-2-3-1,3-1-4-2,Nikolay Voloshin,Match Report,,18,4,,0,0,2019,Ural Yekaterinburg,,
2019-10-19,14:00,Premier League,Matchweek 13,Sat,Away,W,2,1,Tambov,49.0,1883.0,Denys Kulakov,4-2-3-1,5-4-1,Igor Panin,Match Report,,12,3,,0,0,2019,Ural Yekaterinburg,,
2019-10-25,19:30,Premier League,Matchweek 14,Fri,Away,D,0,0,Rubin Kazan,42.0,5086.0,Artyom Fidler,4-2-3-1,4-1-4-1,Vitaly Meshkov,Match Report,,15,4,,0,0,2019,Ural Yekaterinburg,,
2019-11-04,16:00 (14:00),Premier League,Matchweek 15,Mon,Home,L,1,2,Orenburg,71.0,6797.0,Denys Kulakov,4-2-3-1,5-4-1,Stanislav Vasilyev,Match Report,,21,4,,0,0,2019,Ural Yekaterinburg,,
2019-11-08,19:30,Premier League,Matchweek 16,Fri,Away,D,0,0,Akhmat Grozny,49.0,12474.0,Denys Kulakov,4-2-3-1,4-2-3-1,Sergey Ivanov,Match Report,,15,2,,0,0,2019,Ural Yekaterinburg,,
2019-11-24,16:00 (14:00),Premier League,Matchweek 17,Sun,Home,D,0,0,Spartak Moscow,42.0,14637.0,Artyom Fidler,4-2-3-1,3-4-1-2,Nikolay Voloshin,Match Report,,11,7,,0,0,2019,Ural Yekaterinburg,,
2019-11-30,16:30,Premier League,Matchweek 18,Sat,Away,D,0,0,Rostov,40.0,11309.0,Artyom Fidler,4-2-3-1,4-3-3,Aleksey Sukhoy,Match Report,,6,1,,0,0,2019,Ural Yekaterinburg,,
2019-12-08,14:00,Premier League,Matchweek 19,Sun,Away,W,3,2,Samara,52.0,5196.0,Artyom Fidler,4-2-3-1,4-2-3-1,Igor Panin,Match Report,,18,9,,0,0,2019,Ural Yekaterinburg,,
2020-02-29,14:00,Premier League,Matchweek 20,Sat,Away,D,1,1,CSKA Moscow,41.0,14008.0,Denys Kulakov,4-1-4-1,3-5-2,Pavel Kukuyan,Match Report,,8,1,,0,0,2019,Ural Yekaterinburg,,
2020-03-08,16:30,Premier League,Matchweek 21,Sun,Away,L,0,2,Sochi,59.0,5051.0,Denys Kulakov,4-1-4-1,3-4-3,Mikhail Vilkov,Match Report,,8,3,,0,0,2019,Ural Yekaterinburg,,
2020-03-14,16:30,Premier League,Matchweek 22,Sat,Away,L,1,7,Zenit,51.0,33677.0,Denys Kulakov,4-4-1-1,4-4-2,Vladimir Moskalev,Match Report,,14,6,,1,1,2019,Ural Yekaterinburg,,
2020-06-20,16:00 (14:00),Premier League,Matchweek 23,Sat,Home,L,1,2,Rubin Kazan,55.0,3043.0,Denys Kulakov,4-4-1-1,4-2-3-1,Vasiliy Kazartsev,Match Report,,18,5,,0,0,2019,Ural Yekaterinburg,,
2020-06-28,18:30 (16:30),Premier League,Matchweek 24,Sun,Home,W,2,1,Tambov,52.0,3471.0,Denys Kulakov,4-1-4-1,3-4-3,Aleksey Matyunin,Match Report,,10,3,,1,1,2019,Ural Yekaterinburg,,
2020-07-05,18:30 (16:30),Premier League,Matchweek 26,Sun,Away,D,1,1,Ufa,47.0,1288.0,Denys Kulakov,4-2-3-1,5-3-2,Sergey Lapochkin,Match Report,,8,4,,0,0,2019,Ural Yekaterinburg,,
2020-07-09,19:00 (17:00),Premier League,Matchweek 27,Thu,Home,W,2,1,Dynamo Mosc,48.0,,Denys Kulakov,4-2-3-1,4-2-3-1,Vladimir Moskalev,Match Report,,17,7,,0,0,2019,Ural Yekaterinburg,,
2020-07-12,20:30,Premier League,Matchweek 28,Sun,Away,L,0,3,Krasnodar,41.0,2977.0,Denys Kulakov,4-2-3-1,4-2-3-1,Kirill Levnikov,Match Report,,12,3,,0,0,2019,Ural Yekaterinburg,,
2020-07-15,18:00 (16:00),Premier League,Matchweek 29,Wed,Home,L,1,3,Arsenal Tula,62.0,3372.0,Denys Kulakov,4-2-3-1,4-2-3-1,Nikolay Voloshin,Match Report,,11,6,,0,0,2019,Ural Yekaterinburg,,
2020-07-22,21:00 (19:00),Premier League,Matchweek 30,Wed,Home,L,0,1,Loko Moscow,59.0,3458.0,Eric Bicfalvi,4-2-3-1,4-2-3-1,Stanislav Vasilyev,Match Report,,20,8,,0,0,2019,Ural Yekaterinburg,,
2019-07-13,19:00,Premier League,Matchweek 1,Sat,Away,L,0,1,Spartak Moscow,39.0,29892.0,Yevgeni Pesegov,4-1-4-1,4-2-3-1,Vladimir Moskalev,Match Report,,18,6,,0,0,2019,Sochi,,
2019-07-21,21:30,Premier League,Matchweek 2,Sun,Home,L,0,2,Zenit,45.0,35102.0,Yevgeni Pesegov,5-4-1,4-2-3-1,Aleksey Matyunin,Match Report,,7,1,,0,0,2019,Sochi,,
2019-07-27,19:00,Premier League,Matchweek 3,Sat,Away,L,0,3,Krasnodar,37.0,32177.0,Yevgeni Pesegov,5-3-2,4-3-3,Sergey Lapochkin,Match Report,,14,5,,0,0,2019,Sochi,,
2019-08-04,21:30,Premier League,Matchweek 4,Sun,Home,D,0,0,Ufa,59.0,11100.0,Yevgeni Pesegov,5-3-2,3-4-3,Aleksey Sukhoy,Match Report,,7,0,,0,0,2019,Sochi,,
2019-08-11,19:00,Premier League,Matchweek 5,Sun,Away,D,0,0,CSKA Moscow,30.0,17995.0,Soslan Dzhanayev,5-3-2,3-4-3,Vitaly Meshkov,Match Report,,10,1,,0,0,2019,Sochi,,
2019-08-16,20:00 (18:00),Premier League,Matchweek 6,Fri,Away,D,1,1,Orenburg,58.0,4411.0,Soslan Dzhanayev,4-3-3,4-3-3,Mikhail Vilkov,Match Report,,16,6,,1,1,2019,Sochi,,
2019-08-26,20:00 (18:00),Premier League,Matchweek 7,Mon,Away,L,1,3,Ural,47.0,10171.0,Soslan Dzhanayev,5-3-2,4-2-3-1,Sergey Karasev,Match Report,,12,2,,0,0,2019,Sochi,,
2019-08-31,14:00,Premier League,Matchweek 8,Sat,Away,W,3,0,Rubin Kazan,41.0,8845.0,Soslan Dzhanayev,4-3-3,4-1-4-1,Nikolay Voloshin,Match Report,,14,5,,0,0,2019,Sochi,,
2019-09-14,19:00,Premier League,Matchweek 9,Sat,Home,L,0,1,Loko Moscow,49.0,13900.0,Soslan Dzhanayev,4-3-3,4-2-3-1,Igor Panin,Match Report,,16,2,,0,0,2019,Sochi,,
2019-09-22,14:00,Premier League,Matchweek 10,Sun,Away,W,3,2,Dynamo Mosc,40.0,10119.0,Soslan Dzhanayev,4-3-3,4-4-2,Sergey Lapochkin,Match Report,,11,6,,0,0,2019,Sochi,,
2019-09-30,19:30,Premier League,Matchweek 11,Mon,Home,W,2,0,Akhmat Grozny,46.0,7127.0,Soslan Dzhanayev,4-4-2,4-1-3-2,Aleksey Eskov,Match Report,,21,8,,0,0,2019,Sochi,,
2019-10-05,19:00,Premier League,Matchweek 12,Sat,Home,L,0,2,Samara,56.0,7923.0,Soslan Dzhanayev,4-1-4-1,4-2-3-1,Aleksey Matyunin,Match Report,,15,2,,0,0,2019,Sochi,,
2019-10-20,16:30,Premier League,Matchweek 13,Sun,Away,D,1,1,Arsenal Tula,36.0,11475.0,Soslan Dzhanayev,4-1-4-1,4-3-3,Vitaly Meshkov,Match Report,,11,3,,0,0,2019,Sochi,,
2019-10-26,19:00,Premier League,Matchweek 14,Sat,Away,L,0,2,Rostov,43.0,33716.0,Soslan Dzhanayev,4-1-4-1,4-3-3,Evgeny Turbin,Match Report,,14,5,,0,0,2019,Sochi,,
2019-11-02,16:30,Premier League,Matchweek 15,Sat,Home,L,1,2,Tambov,64.0,6138.0,Soslan Dzhanayev,4-1-4-1,5-4-1,Nikolay Voloshin,Match Report,,21,2,,0,0,2019,Sochi,,
2019-11-10,16:30,Premier League,Matchweek 16,Sun,Home,L,2,3,CSKA Moscow,41.0,15318.0,Soslan Dzhanayev,5-3-2,3-4-3,Stanislav Vasilyev,Match Report,,7,4,,1,1,2019,Sochi,,
2019-11-24,13:30 (11:30),Premier League,Matchweek 17,Sun,Away,D,1,1,Ufa,37.0,4198.0,Ivan Miladinović,5-3-2,5-3-2,Aleksey Matyunin,Match Report,,13,4,,0,0,2019,Sochi,,
2019-12-08,16:30,Premier League,Matchweek 19,Sun,Home,D,1,1,Rubin Kazan,50.0,6104.0,Dmitry Poloz,4-2-3-1,4-1-4-1,Sergey Lapochkin,Match Report,,11,2,,0,0,2019,Sochi,,
2020-03-01,19:00,Premier League,Matchweek 20,Sun,Home,L,1,2,Arsenal Tula,50.0,5720.0,Soslan Dzhanayev,3-4-3,3-4-3,Vladislav Bezborodov,Match Report,,13,8,,0,0,2019,Sochi,,
2020-03-08,16:30,Premier League,Matchweek 21,Sun,Home,W,2,0,Ural,41.0,5051.0,Soslan Dzhanayev,3-4-3,4-1-4-1,Mikhail Vilkov,Match Report,,16,5,,0,0,2019,Sochi,,
2020-03-11,20:30 (19:30),Premier League,Matchweek 18,Wed,Home,W,5,1,Orenburg,50.0,5147.0,Soslan Dzhanayev,3-4-3,5-4-1,Evgeny Turbin,Match Report,,14,6,,1,1,2019,Sochi,,
2020-03-15,14:00,Premier League,Matchweek 22,Sun,Home,W,2,0,Krasnodar,30.0,,Soslan Dzhanayev,3-4-3,4-2-3-1,Sergey Ivanov,Match Report,,15,8,,0,0,2019,Sochi,,
2020-06-19,21:00 (20:00),Premier League,Matchweek 23,Fri,Home,W,10,1,Rostov,61.0,2807.0,Soslan Dzhanayev,3-4-3,4-3-3,Aleksey Sukhoy,Match Report,,41,25,,0,1,2019,Sochi,,
2020-06-26,18:00,Premier League,Matchweek 24,Fri,Away,D,1,1,Akhmat Grozny,34.0,2807.0,Soslan Dzhanayev,3-4-3,4-3-3,Sergey Karasev,Match Report,,10,2,,0,0,2019,Sochi,,
2020-07-01,21:00 (20:00),Premier League,Matchweek 25,Wed,Home,D,1,1,Dynamo Mosc,50.0,3701.0,Soslan Dzhanayev,3-4-3,4-2-3-1,Igor Panin,Match Report,,13,3,,1,1,2019,Sochi,,
2020-07-04,20:30,Premier League,Matchweek 26,Sat,Away,D,0,0,Loko Moscow,40.0,,Soslan Dzhanayev,3-4-3,4-2-3-1,Aleksey Matyunin,Match Report,,10,4,,0,0,2019,Sochi,,
2020-07-08,18:00,Premier League,Matchweek 27,Wed,Away,L,1,2,Zenit,36.0,,Soslan Dzhanayev,3-4-3,4-2-3-1,Evgeny Turbin,Match Report,,18,5,,0,0,2019,Sochi,,
2020-07-11,21:30 (20:30),Premier League,Matchweek 28,Sat,Home,W,1,0,Spartak Moscow,33.0,,Ibragim Tsallagov,3-4-3,3-1-4-2,Sergey Ivanov,Match Report,,2,1,,0,0,2019,Sochi,,
2019-07-14,21:30,Premier League,Matchweek 1,Sun,Home,W,1,0,Krasnodar,39.0,27535.0,Rizvan Utsiyev,5-3-2,4-3-3,Vitaly Meshkov,Match Report,,13,6,,0,1,2019,Akhmat Grozny,,
2019-07-21,16:00 (14:00),Premier League,Matchweek 2,Sun,Away,L,0,3,Ural,56.0,15611.0,Rizvan Utsiyev,3-5-1-1,4-4-2,Aleksey Sukhoy,Match Report,,14,2,,0,0,2019,Akhmat Grozny,,
2019-07-29,20:00,Premier League,Matchweek 3,Mon,Away,L,0,1,Rubin Kazan,41.0,11342.0,Rizvan Utsiyev,3-5-1-1,4-1-4-1,Sergey Ivanov,Match Report,,9,4,,0,0,2019,Akhmat Grozny,,
2019-08-05,20:00,Premier League,Matchweek 4,Mon,Home,W,2,1,Orenburg,52.0,11721.0,Rizvan Utsiyev,3-5-1-1,5-4-1,Nikolay Voloshin,Match Report,,7,2,,0,0,2019,Akhmat Grozny,,
2019-08-11,21:30,Premier League,Matchweek 5,Sun,Home,L,1,3,Spartak Moscow,45.0,17832.0,Rizvan Utsiyev,5-4-1,4-2-3-1,Aleksey Sukhoy,Match Report,,9,1,,0,0,2019,Akhmat Grozny,,
2019-08-17,19:00,Premier League,Matchweek 6,Sat,Away,D,0,0,Zenit,37.0,48468.0,Rizvan Utsiyev,3-5-1-1,4-4-2,Aleksey Matyunin,Match Report,,7,2,,0,0,2019,Akhmat Grozny,,
2019-08-25,16:30,Premier League,Matchweek 7,Sun,Away,L,0,3,CSKA Moscow,50.0,18508.0,Oleg Ivanov,3-5-1-1,3-4-3,Vasiliy Kazartsev,Match Report,,5,1,,0,0,2019,Akhmat Grozny,,
2019-08-31,19:00,Premier League,Matchweek 8,Sat,Home,D,1,1,Tambov,71.0,8743.0,Rizvan Utsiyev,4-4-1-1,3-4-3,Sergey Karasev,Match Report,,27,6,,0,0,2019,Akhmat Grozny,,
2019-09-16,20:30,Premier League,Matchweek 9,Mon,Away,L,1,2,Rostov,48.0,28772.0,Rizvan Utsiyev,4-2-3-1,4-3-3,Nikolay Voloshin,Match Report,,6,3,,1,1,2019,Akhmat Grozny,,
2019-09-21,14:00,Premier League,Matchweek 10,Sat,Home,D,1,1,Samara,44.0,8737.0,Rizvan Utsiyev,4-2-3-1,4-2-3-1,Stanislav Vasilyev,Match Report,,12,4,,0,0,2019,Akhmat Grozny,,
2019-09-30,19:30,Premier League,Matchweek 11,Mon,Away,L,0,2,Sochi,54.0,7127.0,Rizvan Utsiyev,4-1-3-2,4-4-2,Aleksey Eskov,Match Report,,17,6,,0,0,2019,Akhmat Grozny,,
2019-10-05,13:30 (11:30),Premier League,Matchweek 12,Sat,Away,W,1,0,Ufa,47.0,7538.0,Rizvan Utsiyev,4-2-3-1,5-3-2,Vladislav Bezborodov,Match Report,,15,3,,0,0,2019,Akhmat Grozny,,
2019-10-18,19:30,Premier League,Matchweek 13,Fri,Home,L,0,2,Loko Moscow,51.0,13776.0,Rizvan Utsiyev,4-2-3-1,4-4-2,Stanislav Vasilyev,Match Report,,13,5,,0,0,2019,Akhmat Grozny,,
2019-10-26,16:30,Premier League,Matchweek 14,Sat,Home,D,1,1,Arsenal Tula,44.0,11265.0,Rizvan Utsiyev,4-2-3-1,4-1-4-1,Nikolay Voloshin,Match Report,,12,4,,0,0,2019,Akhmat Grozny,,
2019-11-02,14:00,Premier League,Matchweek 15,Sat,Away,D,1,1,Dynamo Mosc,51.0,10092.0,Andrei Semyonov,4-2-3-1,3-4-3,Sergey Lapochkin,Match Report,,9,5,,1,1,2019,Akhmat Grozny,,
2019-11-08,19:30,Premier League,Matchweek 16,Fri,Home,D,0,0,Ural,51.0,12474.0,Andrei Semyonov,4-2-3-1,4-2-3-1,Sergey Ivanov,Match Report,,13,3,,0,0,2019,Akhmat Grozny,,
2019-11-23,13:30 (11:30),Premier League,Matchweek 17,Sat,Away,W,2,1,Orenburg,48.0,1745.0,Oleg Ivanov,4-2-3-1,5-4-1,Aleksey Eskov,Match Report,,12,8,,1,1,2019,Akhmat Grozny,,
2019-11-30,19:00,Premier League,Matchweek 18,Sat,Home,D,1,1,Rubin Kazan,47.0,11564.0,Oleg Ivanov,4-2-3-1,4-1-4-1,Igor Panin,Match Report,,16,9,,0,0,2019,Akhmat Grozny,,
2019-12-07,19:00,Premier League,Matchweek 19,Sat,Home,L,0,1,Ufa,68.0,13214.0,Oleg Ivanov,4-2-3-1,5-3-2,Sergey Karasev,Match Report,,12,2,,0,0,2019,Akhmat Grozny,,
2020-02-29,19:00,Premier League,Matchweek 20,Sat,Home,D,1,1,Rostov,41.0,12681.0,Andrei Semyonov,4-2-3-1,4-2-3-1,Sergey Lapochkin,Match Report,,12,7,,1,1,2019,Akhmat Grozny,,
2020-03-08,19:00,Premier League,Matchweek 21,Sun,Away,L,0,1,Loko Moscow,51.0,14689.0,Oleg Ivanov,4-2-3-1,4-2-3-1,Kirill Levnikov,Match Report,,15,4,,0,1,2019,Akhmat Grozny,,
2020-03-13,19:30,Premier League,Matchweek 22,Fri,Home,L,2,3,Dynamo Mosc,55.0,13232.0,Rizvan Utsiyev,4-2-3-1,4-2-3-1,Vitaly Meshkov,Match Report,,15,6,,0,0,2019,Akhmat Grozny,,
2020-06-19,19:00 (18:00),Premier League,Matchweek 23,Fri,Away,W,4,2,Samara,56.0,4107.0,Oleg Ivanov,4-2-3-1,4-2-3-1,Aleksey Eskov,Match Report,,26,10,,0,0,2019,Akhmat Grozny,,
2020-06-26,18:00,Premier League,Matchweek 24,Fri,Home,D,1,1,Sochi,66.0,2807.0,Oleg Ivanov,4-3-3,3-4-3,Sergey Karasev,Match Report,,23,7,,0,0,2019,Akhmat Grozny,,
2020-07-01,17:30,Premier League,Matchweek 25,Wed,Away,W,3,1,Arsenal Tula,,,Oleg Ivanov,4-3-3,4-2-3-1,Vasiliy Kazartsev,Match Report,,0,0,,1,1,2019,Akhmat Grozny,,
2020-07-04,20:30,Premier League,Matchweek 26,Sat,Home,L,0,4,CSKA Moscow,52.0,1473.0,Oleg Ivanov,5-4-1,3-4-1-2,Pavel Kukuyan,Match Report,,7,0,,0,0,2019,Akhmat Grozny,,
2020-07-07,18:30,Premier League,Matchweek 27,Tue,Away,W,2,1,Tambov,59.0,,Oleg Ivanov,4-2-3-1,3-4-3,Sergey Ivanov,Match Report,,8,3,,1,1,2019,Akhmat Grozny,,
2020-07-11,18:30,Premier League,Matchweek 28,Sat,Home,D,1,1,Zenit,49.0,,Oleg Ivanov,4-2-3-1,4-2-3-1,Mikhail Vilkov,Match Report,,15,4,,0,0,2019,Akhmat Grozny,,
2020-07-15,18:00,Premier League,Matchweek 29,Wed,Away,L,0,3,Spartak Moscow,48.0,3100.0,Oleg Ivanov,4-2-3-1,3-1-4-2,Aleksey Sukhoy,Match Report,,9,2,,0,0,2019,Akhmat Grozny,,
2020-07-22,19:00,Premier League,Matchweek 30,Wed,Away,L,0,4,Krasnodar,40.0,3367.0,Oleg Ivanov,4-2-3-1,4-2-3-1,Vladislav Bezborodov,Match Report,,9,3,,0,0,2019,Akhmat Grozny,,
2019-07-14,19:00,Premier League,Matchweek 1,Sun,Away,L,1,2,Zenit,36.0,46231.0,Khasan Mamtov,4-4-2,4-4-2,Aleksey Eskov,Match Report,,8,4,,0,0,2019,Tambov,,
2019-07-21,16:30,Premier League,Matchweek 2,Sun,Away,L,1,2,Loko Moscow,45.0,10187.0,Giorgi Shelia,4-4-2,4-2-3-1,Stanislav Vasilyev,Match Report,,9,2,,0,0,2019,Tambov,,
2019-07-27,16:30,Premier League,Matchweek 3,Sat,Home,W,2,0,Spartak Moscow,35.0,23238.0,Vladislav Kulik,4-1-4-1,4-2-3-1,Mikhail Vilkov,Match Report,,9,5,,0,0,2019,Tambov,,
2019-08-04,16:30,Premier League,Matchweek 4,Sun,Home,L,0,1,Arsenal Tula,49.0,4332.0,Giorgi Shelia,4-2-3-1,4-2-3-1,Sergey Ivanov,Match Report,,13,2,,0,0,2019,Tambov,,
2019-08-10,16:00 (14:00),Premier League,Matchweek 5,Sat,Away,D,2,2,Orenburg,39.0,4076.0,Vladislav Kulik,4-2-3-1,5-4-1,Pavel Kukuyan,Match Report,,9,5,,0,0,2019,Tambov,,
2019-08-17,16:30,Premier League,Matchweek 6,Sat,Home,L,0,2,Krasnodar,42.0,7115.0,Giorgi Shelia,4-2-3-1,4-3-3,Nikolay Voloshin,Match Report,,10,1,,0,0,2019,Tambov,,
2019-08-24,14:00,Premier League,Matchweek 7,Sat,Home,L,0,2,Dynamo Mosc,53.0,4816.0,Giorgi Shelia,3-4-3,4-4-2,Igor Panin,Match Report,,14,5,,0,0,2019,Tambov,,
2019-08-31,19:00,Premier League,Matchweek 8,Sat,Away,D,1,1,Akhmat Grozny,29.0,8743.0,Giorgi Shelia,3-4-3,4-4-1-1,Sergey Karasev,Match Report,,5,1,,0,0,2019,Tambov,,
2019-09-15,16:30,Premier League,Matchweek 9,Sun,Home,L,0,2,CSKA Moscow,37.0,17145.0,Giorgi Shelia,3-4-3,3-1-4-2,Mikhail Vilkov,Match Report,,14,3,,0,0,2019,Tambov,,
2019-09-21,19:00,Premier League,Matchweek 10,Sat,Home,W,2,1,Rostov,34.0,3258.0,Giorgi Shelia,5-3-2,4-2-3-1,Vasiliy Kazartsev,Match Report,,12,5,,0,1,2019,Tambov,,
2019-09-28,14:00,Premier League,Matchweek 11,Sat,Away,L,0,2,Samara,44.0,10126.0,Giorgi Shelia,5-4-1,4-2-3-1,Sergey Ivanov,Match Report,,8,2,,0,0,2019,Tambov,,
2019-10-05,16:30,Premier League,Matchweek 12,Sat,Away,L,1,2,Rubin Kazan,50.0,2585.0,Giorgi Shelia,5-4-1,4-1-4-1,Aleksey Eskov,Match Report,,18,6,,0,0,2019,Tambov,,
2019-10-19,14:00,Premier League,Matchweek 13,Sat,Home,L,1,2,Ural,51.0,1883.0,Giorgi Shelia,5-4-1,4-2-3-1,Igor Panin,Match Report,,18,5,,1,1,2019,Tambov,,
2019-10-26,14:00,Premier League,Matchweek 14,Sat,Home,W,3,0,Ufa,44.0,1451.0,Giorgi Shelia,5-4-1,5-3-2,Sergey Lapochkin,Match Report,,12,4,,0,0,2019,Tambov,,
2019-11-02,16:30,Premier League,Matchweek 15,Sat,Away,W,2,1,Sochi,36.0,6138.0,Giorgi Shelia,5-4-1,4-1-4-1,Nikolay Voloshin,Match Report,,12,6,,0,0,2019,Tambov,,
2019-11-09,16:30,Premier League,Matchweek 16,Sat,Away,W,2,1,Rostov,46.0,25589.0,Giorgi Shelia,5-4-1,4-3-3,Sergey Karasev,Match Report,,10,5,,0,0,2019,Tambov,,
2019-11-22,19:30,Premier League,Matchweek 17,Fri,Home,L,2,3,Loko Moscow,39.0,4038.0,Giorgi Shelia,5-4-1,4-3-3,Pavel Kukuyan,Match Report,,14,5,,0,0,2019,Tambov,,
2019-12-02,19:30,Premier League,Matchweek 18,Mon,Away,D,0,0,Krasnodar,31.0,15439.0,Giorgi Shelia,5-4-1,4-4-2,Sergey Lapochkin,Match Report,,6,3,,0,0,2019,Tambov,,
2019-12-07,14:00,Premier League,Matchweek 19,Sat,Home,W,3,0,Orenburg,50.0,835.0,Giorgi Shelia,3-4-3,5-4-1,Vladislav Bezborodov,Match Report,,12,3,,0,0,2019,Tambov,,
2020-03-01,14:00,Premier League,Matchweek 20,Sun,Home,D,0,0,Rubin Kazan,26.0,3858.0,Giorgi Shelia,5-4-1,4-2-3-1,Aleksey Eskov,Match Report,,17,5,,0,0,2019,Tambov,,
2020-03-07,16:30,Premier League,Matchweek 21,Sat,Away,L,0,1,Dynamo Mosc,41.0,10143.0,Giorgi Shelia,5-4-1,4-2-3-1,Vasiliy Kazartsev,Match Report,,7,1,,0,0,2019,Tambov,,
2020-03-16,19:30,Premier League,Matchweek 22,Mon,Home,W,3,0,Samara,28.0,2702.0,Giorgi Shelia,3-4-3,4-2-3-1,Sergey Karasev,Match Report,,15,9,,0,0,2019,Tambov,,
2020-06-21,17:00 (15:00),Premier League,Matchweek 23,Sun,Away,L,1,2,Ufa,46.0,456.0,Giorgi Shelia,3-4-3,3-4-1-2,Vitaly Meshkov,Match Report,,7,2,,0,0,2019,Tambov,,
2020-06-28,18:30 (16:30),Premier League,Matchweek 24,Sun,Away,L,1,2,Ural,48.0,3471.0,Giorgi Shelia,3-4-3,4-1-4-1,Aleksey Matyunin,Match Report,,12,3,,0,0,2019,Tambov,,
2020-07-01,17:30,Premier League,Matchweek 25,Wed,Home,L,1,2,Zenit,,,Giorgi Shelia,3-4-3,4-3-3,Mikhail Vilkov,Match Report,,0,0,,1,1,2019,Tambov,,
2020-07-04,18:30,Premier League,Matchweek 26,Sat,Away,W,3,2,Spartak Moscow,45.0,4163.0,Giorgi Shelia,3-4-3,3-1-4-2,Vladimir Moskalev,Match Report,,9,3,,1,1,2019,Tambov,,
2020-07-07,18:30,Premier League,Matchweek 27,Tue,Home,L,1,2,Akhmat Grozny,42.0,,Giorgi Shelia,3-4-3,4-2-3-1,Sergey Ivanov,Match Report,,7,2,,1,1,2019,Tambov,,
2020-07-11,16:00,Premier League,Matchweek 28,Sat,Away,L,1,2,Arsenal Tula,60.0,,Giorgi Shelia,3-4-3,4-2-3-1,Pavel Kukuyan,Match Report,,7,3,,0,0,2019,Tambov,,
2020-07-22,19:00,Premier League,Matchweek 30,Wed,Away,L,0,2,CSKA Moscow,46.0,2899.0,Giorgi Shelia,3-4-3,3-4-3,Kirill Levnikov,Match Report,,1,1,,0,0,2019,Tambov,,
2019-07-14,17:30 (16:30),Premier League,Matchweek 1,Sun,Home,W,2,0,CSKA Moscow,32.0,25287.0,Sergey Ryzhikov,4-5-1,4-3-3,Kirill Levnikov,Match Report,,9,6,,1,1,2019,Samara,,
2019-07-20,17:30 (16:30),Premier League,Matchweek 2,Sat,Home,L,2,3,Arsenal Tula,46.0,15780.0,Sergey Ryzhikov,4-2-3-1,4-2-3-1,Pavel Kukuyan,Match Report,,10,4,,0,0,2019,Samara,,
2019-07-27,16:00 (14:00),Premier League,Matchweek 3,Sat,Away,L,1,2,Ufa,67.0,6543.0,Sergey Ryzhikov,4-2-3-1,3-4-3,Vasiliy Kazartsev,Match Report,,14,3,,0,0,2019,Samara,,
2019-08-03,17:30 (16:30),Premier League,Matchweek 4,Sat,Home,L,1,2,Loko Moscow,47.0,22459.0,Sergey Ryzhikov,4-2-3-1,4-2-3-1,Evgeny Turbin,Match Report,,10,4,,0,0,2019,Samara,,
2019-08-12,20:00,Premier League,Matchweek 5,Mon,Away,L,0,1,Rostov,47.0,28674.0,Sergey Ryzhikov,4-2-3-1,4-2-3-1,Vasiliy Kazartsev,Match Report,,12,2,,0,0,2019,Samara,,
2019-08-17,16:00 (14:00),Premier League,Matchweek 6,Sat,Away,W,3,1,Ural,44.0,22304.0,Sergey Ryzhikov,4-2-3-1,4-2-3-1,Sergey Ivanov,Match Report,,13,5,,0,0,2019,Samara,,
2019-08-25,20:00 (19:00),Premier League,Matchweek 7,Sun,Home,L,1,2,Spartak Moscow,36.0,32286.0,Sergey Ryzhikov,4-2-3-1,4-2-3-1,Sergey Lapochkin,Match Report,,9,4,,0,0,2019,Samara,,
2019-08-30,20:00,Premier League,Matchweek 8,Fri,Home,D,0,0,Dynamo Mosc,50.0,14728.0,Sergey Ryzhikov,4-2-3-1,4-1-4-1,Vladislav Bezborodov,Match Report,,14,2,,0,0,2019,Samara,,
2019-09-15,19:00,Premier League,Matchweek 9,Sun,Away,L,2,4,Krasnodar,43.0,26131.0,Sergey Ryzhikov,4-2-3-1,4-1-4-1,Sergey Karasev,Match Report,,13,5,,1,2,2019,Samara,,
2019-09-21,14:00,Premier League,Matchweek 10,Sat,Away,D,1,1,Akhmat Grozny,56.0,8737.0,Sergey Ryzhikov,4-2-3-1,4-2-3-1,Stanislav Vasilyev,Match Report,,17,4,,0,0,2019,Samara,,
2019-09-28,14:00,Premier League,Matchweek 11,Sat,Home,W,2,0,Tambov,56.0,10126.0,Sergey Ryzhikov,4-2-3-1,5-4-1,Sergey Ivanov,Match Report,,16,7,,1,1,2019,Samara,,
2019-10-05,19:00,Premier League,Matchweek 12,Sat,Away,W,2,0,Sochi,44.0,7923.0,Sergey Ryzhikov,4-2-3-1,4-1-4-1,Aleksey Matyunin,Match Report,,14,7,,0,1,2019,Samara,,
2019-10-20,11:30,Premier League,Matchweek 13,Sun,Away,W,1,0,Orenburg,39.0,4311.0,Sergey Ryzhikov,4-2-3-1,5-4-1,Vasiliy Kazartsev,Match Report,,14,6,,0,0,2019,Samara,,
2019-10-27,14:00,Premier League,Matchweek 14,Sun,Home,L,0,2,Zenit,42.0,32560.0,Sergey Ryzhikov,4-2-3-1,4-4-2,Stanislav Vasilyev,Match Report,,6,1,,0,0,2019,Samara,,
2019-11-04,16:30,Premier League,Matchweek 15,Mon,Home,D,0,0,Rubin Kazan,47.0,10842.0,Sergey Ryzhikov,4-2-3-1,4-1-4-1,Vladislav Bezborodov,Match Report,,17,7,,0,0,2019,Samara,,
2019-11-09,19:00,Premier League,Matchweek 16,Sat,Away,L,0,2,Spartak Moscow,50.0,18719.0,Sergey Ryzhikov,5-4-1,5-3-2,Vitaly Meshkov,Match Report,,13,3,,0,0,2019,Samara,,
2019-11-24,19:00,Premier League,Matchweek 17,Sun,Away,L,0,1,CSKA Moscow,38.0,11895.0,Sergey Ryzhikov,4-4-2,3-4-3,Vladislav Bezborodov,Match Report,,9,4,,0,0,2019,Samara,,
2019-11-30,14:00,Premier League,Matchweek 18,Sat,Home,L,0,1,Ufa,57.0,5349.0,Sergey Ryzhikov,4-2-3-1,5-3-2,Stanislav Vasilyev,Match Report,,15,8,,0,0,2019,Samara,,
2019-12-08,14:00,Premier League,Matchweek 19,Sun,Home,L,2,3,Ural,48.0,5196.0,Sergey Ryzhikov,4-2-3-1,4-2-3-1,Igor Panin,Match Report,,11,3,,0,0,2019,Samara,,
2020-02-28,18:30,Premier League,Matchweek 20,Fri,Home,D,1,1,Orenburg,42.0,8139.0,Paul Anton,4-2-3-1,5-4-1,Vitaly Meshkov,Match Report,,9,4,,0,0,2019,Samara,,
2020-03-08,14:00,Premier League,Matchweek 21,Sun,Away,W,1,0,Rubin Kazan,47.0,5766.0,Aleksandr Anyukov,4-2-3-1,4-2-3-1,Vladimir Moskalev,Match Report,,11,7,,0,0,2019,Samara,,
2020-03-16,19:30,Premier League,Matchweek 22,Mon,Away,L,0,3,Tambov,72.0,2702.0,Aleksandr Anyukov,4-2-3-1,3-4-3,Sergey Karasev,Match Report,,19,2,,0,0,2019,Samara,,
2020-06-19,19:00 (18:00),Premier League,Matchweek 23,Fri,Home,L,2,4,Akhmat Grozny,44.0,4107.0,Taras Burlak,4-2-3-1,4-2-3-1,Aleksey Eskov,Match Report,,10,5,,0,0,2019,Samara,,
2020-06-26,20:30,Premier League,Matchweek 24,Fri,Away,L,1,2,Zenit,38.0,6379.0,Taras Burlak,4-2-3-1,4-2-2-2,Pavel Kukuyan,Match Report,,6,1,,0,0,2019,Samara,,
2020-06-30,18:00,Premier League,Matchweek 25,Tue,Away,D,1,1,Loko Moscow,26.0,,Taras Burlak,4-2-3-1,4-2-3-1,Aleksey Sukhoy,Match Report,,13,7,,0,0,2019,Samara,,
2020-07-04,19:30 (18:30),Premier League,Matchweek 26,Sat,Home,D,0,0,Rostov,39.0,,Dmitri Kombarov,4-2-3-1,4-3-3,Nikolay Voloshin,Match Report,,10,4,,0,0,2019,Samara,,
2020-07-07,20:30,Premier League,Matchweek 27,Tue,Away,W,4,2,Arsenal Tula,57.0,,Dmitri Kombarov,4-5-1,4-2-3-1,Mikhail Vilkov,Match Report,,19,6,,0,0,2019,Samara,,
2020-07-12,18:30,Premier League,Matchweek 28,Sun,Away,L,0,2,Dynamo Mosc,,,Dmitri Kombarov,4-2-3-1,4-2-3-1,Sergey Karasev,Match Report,,0,0,,0,0,2019,Samara,,
2020-07-15,19:00 (18:00),Premier League,Matchweek 29,Wed,Home,D,0,0,Krasnodar,34.0,,Dmitri Kombarov,4-2-3-1,4-2-3-1,Vladimir Moskalev,Match Report,,14,6,,0,0,2019,Samara,,
2019-07-13,21:30,Premier League,Matchweek 1,Sat,Away,L,1,2,Rostov,45.0,14584.0,Andrei Malykh,3-4-3,4-2-3-1,Vladislav Bezborodov,Match Report,,10,1,,0,0,2019,Orenburg,,
2019-07-20,19:00,Premier League,Matchweek 2,Sat,Away,L,1,2,CSKA Moscow,35.0,15082.0,Andrei Malykh,5-4-1,3-4-3,Evgeny Turbin,Match Report,,7,2,,0,0,2019,Orenburg,,
2019-07-28,16:00 (14:00),Premier League,Matchweek 3,Sun,Home,L,0,2,Zenit,40.0,6626.0,Andrei Malykh,5-4-1,4-4-2,Sergey Karasev,Match Report,,20,4,,0,0,2019,Orenburg,,
2019-08-05,20:00,Premier League,Matchweek 4,Mon,Away,L,1,2,Akhmat Grozny,48.0,11721.0,Đorđe Despotović,5-4-1,3-5-1-1,Nikolay Voloshin,Match Report,,8,1,,0,0,2019,Orenburg,,
2019-08-10,16:00 (14:00),Premier League,Matchweek 5,Sat,Home,D,2,2,Tambov,61.0,4076.0,Đorđe Despotović,5-4-1,4-2-3-1,Pavel Kukuyan,Match Report,,22,10,,0,0,2019,Orenburg,,
2019-08-16,20:00 (18:00),Premier League,Matchweek 6,Fri,Home,D,1,1,Sochi,42.0,4411.0,Đorđe Despotović,4-3-3,4-3-3,Mikhail Vilkov,Match Report,,14,2,,0,0,2019,Orenburg,,
2019-08-25,21:30,Premier League,Matchweek 7,Sun,Away,L,1,2,Arsenal Tula,45.0,8347.0,Đorđe Despotović,4-3-3,4-3-3,Aleksey Sukhoy,Match Report,,15,9,,0,0,2019,Orenburg,,
2019-08-31,13:30 (11:30),Premier League,Matchweek 8,Sat,Away,W,2,1,Ufa,40.0,6892.0,Đorđe Despotović,4-4-2,5-4-1,Igor Panin,Match Report,,16,6,,1,1,2019,Orenburg,,
2019-09-15,16:00 (14:00),Premier League,Matchweek 9,Sun,Home,W,2,1,Rubin Kazan,35.0,4767.0,Đorđe Despotović,5-4-1,4-1-4-1,Sergey Lapochkin,Match Report,,18,5,,1,1,2019,Orenburg,,
2019-09-22,11:30,Premier League,Matchweek 10,Sun,Home,L,2,3,Loko Moscow,46.0,4854.0,Đorđe Despotović,4-3-3,4-5-1,Sergey Ivanov,Match Report,,23,4,,0,0,2019,Orenburg,,
2019-09-29,16:30,Premier League,Matchweek 11,Sun,Away,W,2,1,Spartak Moscow,36.0,20817.0,Đorđe Despotović,4-2-3-1,4-2-3-1,Stanislav Vasilyev,Match Report,,14,3,,0,0,2019,Orenburg,,
2019-10-05,14:00,Premier League,Matchweek 12,Sat,Home,W,2,0,Dynamo Mosc,51.0,4062.0,Đorđe Despotović,5-4-1,4-2-3-1,Pavel Kukuyan,Match Report,,16,4,,0,0,2019,Orenburg,,
2019-10-20,11:30,Premier League,Matchweek 13,Sun,Home,L,0,1,Samara,61.0,4311.0,Đorđe Despotović,5-4-1,4-2-3-1,Vasiliy Kazartsev,Match Report,,28,9,,0,0,2019,Orenburg,,
2019-10-27,19:00,Premier League,Matchweek 14,Sun,Away,D,1,1,Krasnodar,29.0,30638.0,Đorđe Despotović,5-4-1,4-3-3,Aleksey Matyunin,Match Report,,9,3,,0,0,2019,Orenburg,,
2019-11-04,16:00 (14:00),Premier League,Matchweek 15,Mon,Away,W,2,1,Ural,30.0,6797.0,Andrei Malykh,5-4-1,4-2-3-1,Stanislav Vasilyev,Match Report,,14,3,,0,0,2019,Orenburg,,
2019-11-10,13:30 (11:30),Premier League,Matchweek 16,Sun,Home,D,0,0,Ufa,61.0,2582.0,Đorđe Despotović,3-5-2,5-3-2,Mikhail Vilkov,Match Report,,11,2,,0,0,2019,Orenburg,,
2019-11-23,13:30 (11:30),Premier League,Matchweek 17,Sat,Home,L,1,2,Akhmat Grozny,52.0,1745.0,Đorđe Despotović,5-4-1,4-2-3-1,Aleksey Eskov,Match Report,,20,6,,0,0,2019,Orenburg,,
2019-12-07,14:00,Premier League,Matchweek 19,Sat,Away,L,0,3,Tambov,50.0,835.0,Andrei Malykh,5-4-1,3-4-3,Vladislav Bezborodov,Match Report,,16,5,,0,0,2019,Orenburg,,
2020-02-28,18:30,Premier League,Matchweek 20,Fri,Away,D,1,1,Samara,59.0,8139.0,Andrei Malykh,5-4-1,4-2-3-1,Vitaly Meshkov,Match Report,,16,7,,0,1,2019,Orenburg,,
2020-03-07,16:00 (14:00),Premier League,Matchweek 21,Sat,Home,W,2,0,Arsenal Tula,39.0,2457.0,Andrei Malykh,5-4-1,3-4-3,Pavel Kukuyan,Match Report,,15,3,,0,0,2019,Orenburg,,
2020-03-11,20:30 (19:30),Premier League,Matchweek 18,Wed,Away,L,1,5,Sochi,50.0,5147.0,Andrei Malykh,5-4-1,3-4-3,Evgeny Turbin,Match Report,,12,5,,0,0,2019,Orenburg,,
2020-03-14,16:00 (14:00),Premier League,Matchweek 22,Sat,Home,L,1,3,Spartak Moscow,52.0,4935.0,Andrei Malykh,4-1-4-1,3-1-4-2,Vasiliy Kazartsev,Match Report,,18,6,,0,0,2019,Orenburg,,
2020-06-21,17:30,Premier League,Matchweek 23,Sun,Away,L,0,1,Loko Moscow,35.0,1800.0,Andrei Malykh,3-4-3,4-2-3-1,Stanislav Vasilyev,Match Report,,10,2,,0,0,2019,Orenburg,,
2020-07-05,18:30,Premier League,Matchweek 26,Sun,Away,L,0,1,Rubin Kazan,48.0,2604.0,Sergei Terekhov,5-4-1,4-2-3-1,Kirill Levnikov,Match Report,,15,3,,0,0,2019,Orenburg,,
2020-07-08,20:00 (18:00),Premier League,Matchweek 27,Wed,Home,L,0,4,CSKA Moscow,45.0,,Andrei Malykh,5-4-1,3-4-3,Aleksey Sukhoy,Match Report,,9,3,,0,0,2019,Orenburg,,
2020-07-12,20:30 (18:30),Premier League,Matchweek 28,Sun,Home,D,0,0,Rostov,31.0,,Andrei Malykh,5-4-1,4-5-1,Igor Panin,Match Report,,8,3,,0,0,2019,Orenburg,,
2020-07-15,20:30,Premier League,Matchweek 29,Wed,Away,L,1,4,Zenit,34.0,6395.0,Andrei Malykh,5-4-1,4-2-3-1,Vitaly Meshkov,Match Report,,16,3,,0,0,2019,Orenburg,,
2020-07-22,19:00,Premier League,Matchweek 30,Wed,Away,W,1,0,Dynamo Mosc,42.0,2445.0,Andrei Malykh,5-4-1,4-1-4-1,Sergey Lapochkin,Match Report,,7,5,,0,0,2019,Orenburg,,
